-0.006103701889514923
0.0015259254723787308
0.008423108607530594
0.0002136295661330223
-0.007568590342998505
-0.00015259254723787308
0.006714072078466415
-0.0018921475857496262
-0.009887997061014175
-0.0018005920574069023
0.006591998040676117
-0.00045777764171361923
-0.007690664380788803
0.0002136295661330223
0.0079348124563694
0.0003662221133708954
-0.007080294191837311
0.0003662221133708954
0.006836146116256714
-0.002227851189672947
-0.009887997061014175
-0.0006714072078466415
0.008026367984712124
-0.00030518509447574615
-0.009002960287034512
-0.0007629627361893654
0.008758812211453915
0.0020142216235399246
-0.006836146116256714
-0.0010986663401126862
0.005737479776144028
-0.0013122959062457085
-0.007904293946921825
0.00027466658502817154
0.007904293946921825
6.103701889514923e-05
-0.007782219909131527
-0.0002441480755805969
0.007690664380788803
0.00045777764171361923
-0.007080294191837311
0.00027466658502817154
0.007690664380788803
0.0001831110566854477
-0.007171849720180035
0.0005493331700563431
0.00839259009808302
0.0012207403779029846
-0.0064699240028858185
6.103701889514923e-05
0.0060731833800673485
-0.0019531846046447754
-0.008301034569740295
0.0010986663401126862
0.009002960287034512
3.0518509447574615e-05
-0.009033478796482086
-0.0015564439818263054
0.006714072078466415
-0.00045777764171361923
-0.007812738418579102
0.0003662221133708954
0.008636738173663616
0.0016479995101690292
-0.005493331700563431
0.0020142216235399246
0.008056886494159698
-0.0019226660951972008
-0.010467848740518093
-0.0017700735479593277
0.007049775682389736
-0.0009155552834272385
-0.009369182400405407
-0.0010986663401126862
0.008545182645320892
0.0021057771518826485
-0.006103701889514923
0.00030518509447574615
0.007446516305208206
0.00030518509447574615
-0.006439405493438244
0.0017090365290641785
0.009399700909852982
0.0012817773967981339
-0.007202368229627609
-0.00027466658502817154
0.007324442267417908
6.103701889514923e-05
-0.007690664380788803
-0.0009460737928748131
0.005859553813934326
-0.0016479995101690292
-0.008301034569740295
0.00039674062281847
0.00866725668311119
0.0010986663401126862
-0.007080294191837311
-0.0002441480755805969
0.007080294191837311
-0.0002441480755805969
-0.007690664380788803
-0.00045777764171361923
0.006836146116256714
-0.0002136295661330223
-0.006714072078466415
0.0011597033590078354
0.007568590342998505
-0.001434369944036007
-0.009033478796482086
-0.00039674062281847
0.007293923757970333
-0.001434369944036007
-0.009643848985433578
-0.0009765923023223877
0.007812738418579102
-0.0001831110566854477
-0.009033478796482086
-0.0016785180196166039
0.006836146116256714
0.00027466658502817154
-0.006561479531228542
0.0011291848495602608
0.0079348124563694
-0.0008850367739796638
-0.00839259009808302
0.00079348124563694
0.009369182400405407
0.0005188146606087685
-0.009369182400405407
-0.0029602954164147377
0.004852443002164364
-0.002075258642435074
-0.00878933072090149
0.00027466658502817154
0.009155552834272385
0.0016479995101690292
-0.006836146116256714
-6.103701889514923e-05
0.007202368229627609
-0.00045777764171361923
-0.0079348124563694
-3.0518509447574615e-05
0.007812738418579102
0.0002136295661330223
-0.007324442267417908
0.0006408886983990669
0.008545182645320892
0.0010071108117699623
-0.0064699240028858185
0.00119022186845541
0.008301034569740295
-3.0518509447574615e-05
-0.007568590342998505
0.0010071108117699623
0.009002960287034512
0.00045777764171361923
-0.008545182645320892
-0.0014954069629311562
0.006103701889514923
-0.0017090365290641785
-0.009399700909852982
-0.0009765923023223877
0.007812738418579102
0.00039674062281847
-0.008178960531949997
-0.001342814415693283
0.006683553569018841
0.00012207403779029846
-0.007324442267417908
-0.00027466658502817154
0.007324442267417908
0.0005798516795039177
-0.006591998040676117
0.0002441480755805969
0.007080294191837311
3.0518509447574615e-05
-0.00634784996509552
0.0016479995101690292
0.00866725668311119
0.0005798516795039177
-0.006958220154047012
0.0006714072078466415
0.0079348124563694
-6.103701889514923e-05
-0.0076601458713412285
0.00012207403779029846
0.007904293946921825
0.0005493331700563431
-0.006836146116256714
0.0008545182645320892
0.008056886494159698
-0.0003662221133708954
-0.00866725668311119
-0.0012817773967981339
0.00634784996509552
-0.0012817773967981339
-0.008758812211453915
-0.001037629321217537
0.006439405493438244
-0.001434369944036007
-0.009033478796482086
-0.0010071108117699623
0.006805627606809139
-0.00045777764171361923
-0.006958220154047012
0.002227851189672947
0.010101626627147198
0.0012207403779029846
-0.007446516305208206
0.0006714072078466415
0.009033478796482086
0.0008545182645320892
-0.007812738418579102
-0.00012207403779029846
0.008423108607530594
0.0010986663401126862
-0.007171849720180035
-0.00039674062281847
0.006805627606809139
-0.0009155552834272385
-0.008423108607530594
0.0
0.008911404758691788
0.0020142216235399246
-0.006103701889514923
0.0004882961511611938
0.007690664380788803
0.0002441480755805969
-0.007568590342998505
-0.0006408886983990669
0.006836146116256714
6.103701889514923e-05
-0.006958220154047012
-0.00012207403779029846
0.006103701889514923
-0.00198370311409235
-0.009033478796482086
-0.0009460737928748131
0.006591998040676117
-0.00079348124563694
-0.007293923757970333
0.0011597033590078354
0.00827051606029272
-0.0006103701889514923
-0.00878933072090149
-0.00045777764171361923
0.007782219909131527
-0.00015259254723787308
-0.008148442022502422
0.0004272591322660446
0.0099795525893569
0.0032959990203380585
-0.005615405738353729
-3.0518509447574615e-05
0.006836146116256714
-0.00015259254723787308
-0.007324442267417908
-0.00030518509447574615
0.006591998040676117
-0.0010071108117699623
-0.008301034569740295
-0.0005188146606087685
0.007690664380788803
0.001434369944036007
-0.005096591077744961
0.0020142216235399246
0.008178960531949997
-0.0004882961511611938
-0.008178960531949997
3.0518509447574615e-05
0.008545182645320892
0.0014954069629311562
-0.006836146116256714
-0.0012207403779029846
0.00476088747382164
-0.002533036284148693
-0.008301034569740295
0.0007629627361893654
0.008301034569740295
-0.0001831110566854477
-0.008056886494159698
0.0003662221133708954
0.009155552834272385
0.0024414807558059692
-0.0046388134360313416
0.0031128879636526108
0.010132145136594772
0.0009460737928748131
-0.008545182645320892
-0.0019531846046447754
0.00595110934227705
-0.00039674062281847
-0.006805627606809139
0.0011291848495602608
0.008056886494159698
-0.0008850367739796638
-0.009399700909852982
-0.0013122959062457085
0.008026367984712124
0.002227851189672947
-0.005127109587192535
0.0012512588873505592
0.007568590342998505
-0.0002441480755805969
-0.007324442267417908
0.0004272591322660446
0.007446516305208206
-0.0006103701889514923
-0.007812738418579102
0.0005798516795039177
0.008423108607530594
0.0003662221133708954
-0.007568590342998505
0.0002136295661330223
0.008056886494159698
0.0004882961511611938
-0.006683553569018841
0.0018921475857496262
0.01037629321217537
0.0027161473408341408
-0.005493331700563431
0.001831110566854477
0.009399700909852982
0.00119022186845541
-0.007690664380788803
-0.0010071108117699623
0.006927701644599438
0.0007324442267417908
-0.005706961266696453
0.001831110566854477
0.008545182645320892
0.00033570360392332077
-0.006836146116256714
0.0017090365290641785
0.009643848985433578
0.0012207403779029846
-0.007690664380788803
-0.0006714072078466415
0.007446516305208206
0.0006408886983990669
-0.006958220154047012
-0.00027466658502817154
0.00634784996509552
-0.0016785180196166039
-0.009247108362615108
-0.0017090365290641785
0.005981627851724625
-0.0011597033590078354
-0.0079348124563694
0.0004882961511611938
0.008514664135873318
0.0010681478306651115
-0.006714072078466415
0.0006714072078466415
0.008178960531949997
0.00039674062281847
-0.0076601458713412285
-0.0005493331700563431
0.007446516305208206
0.0010071108117699623
-0.005859553813934326
0.0012817773967981339
0.007904293946921825
3.0518509447574615e-05
-0.007293923757970333
9.155552834272385e-05
0.006836146116256714
-0.0015564439818263054
-0.009033478796482086
-0.0003662221133708954
0.008423108607530594
0.0012207403779029846
-0.006958220154047012
-0.0003662221133708954
0.006439405493438244
-0.001342814415693283
-0.009033478796482086
-0.00158696249127388
0.006103701889514923
-0.0006714072078466415
-0.006836146116256714
0.0018921475857496262
0.00952177494764328
0.0010986663401126862
-0.007202368229627609
0.00039674062281847
0.008301034569740295
0.0007019257172942162
-0.007324442267417908
-0.00039674062281847
0.006591998040676117
-0.0010071108117699623
-0.007568590342998505
0.0014038514345884323
0.009277626872062683
0.0006714072078466415
-0.007690664380788803
0.0004882961511611938
0.009002960287034512
0.0013733329251408577
-0.007049775682389736
9.155552834272385e-05
0.0079348124563694
0.00033570360392332077
-0.007812738418579102
-0.0005493331700563431
0.00753807183355093
0.0009765923023223877
-0.00595110934227705
0.001739555038511753
0.00952177494764328
0.0022583696991205215
-0.005615405738353729
0.0004882961511611938
0.005981627851724625
-0.0031128879636526108
-0.010986663401126862
-0.0028382213786244392
0.005493331700563431
-0.001342814415693283
-0.008056886494159698
0.0004882961511611938
0.008758812211453915
0.0013733329251408577
-0.006714072078466415
0.0001831110566854477
0.007446516305208206
0.00012207403779029846
-0.006836146116256714
0.0013733329251408577
0.009247108362615108
0.0014954069629311562
-0.006927701644599438
-0.0004272591322660446
0.006805627606809139
9.155552834272385e-05
-0.0062257759273052216
0.0018005920574069023
0.008423108607530594
-0.00079348124563694
-0.00952177494764328
-0.002075258642435074
0.006103701889514923
-0.0004272591322660446
-0.006683553569018841
0.001434369944036007
0.008026367984712124
-0.0009765923023223877
-0.00839259009808302
0.0007324442267417908
0.00878933072090149
-0.0006103701889514923
-0.009887997061014175
-0.0014038514345884323
0.008423108607530594
0.001342814415693283
-0.007904293946921825
-0.002075258642435074
0.005371257662773132
-0.0012512588873505592
-0.007812738418579102
0.00027466658502817154
0.0079348124563694
0.0006714072078466415
-0.005859553813934326
0.0027466658502817154
0.0098574785515666
0.0007629627361893654
-0.007568590342998505
0.0005798516795039177
0.008178960531949997
-0.0007629627361893654
-0.009155552834272385
-0.0002441480755805969
0.009277626872062683
0.0018616290763020515
-0.007080294191837311
-0.0004272591322660446
0.007324442267417908
0.0002136295661330223
-0.006927701644599438
0.00119022186845541
0.009277626872062683
0.0012817773967981339
-0.007568590342998505
-0.0010071108117699623
0.006714072078466415
0.0002441480755805969
-0.0062257759273052216
0.0017090365290641785
0.008880886249244213
0.0008239997550845146
-0.007049775682389736
0.0002441480755805969
0.007568590342998505
-3.0518509447574615e-05
-0.007080294191837311
0.0012512588873505592
0.009155552834272385
0.0013733329251408577
-0.0064699240028858185
0.0009460737928748131
0.008056886494159698
-0.0002441480755805969
-0.0079348124563694
0.0006103701889514923
0.009369182400405407
0.0021973326802253723
-0.0058290353044867516
0.00119022186845541
0.008545182645320892
0.0005493331700563431
-0.007812738418579102
-0.0007324442267417908
0.007171849720180035
0.0006714072078466415
-0.0060731833800673485
0.0013122959062457085
0.008056886494159698
-0.00012207403779029846
-0.0074159977957606316
0.0005798516795039177
0.007904293946921825
-0.00027466658502817154
-0.007782219909131527
0.0006408886983990669
0.008911404758691788
0.001037629321217537
-0.007171849720180035
-0.00015259254723787308
0.006714072078466415
-0.001831110566854477
-0.009643848985433578
-0.0011291848495602608
0.007171849720180035
-0.0009155552834272385
-0.009369182400405407
-0.0014954069629311562
0.007568590342998505
0.0009155552834272385
-0.007324442267417908
-0.0014954069629311562
0.00436414685100317
-0.003662221133708954
-0.010101626627147198
-0.0008850367739796638
0.007324442267417908
-0.0009460737928748131
-0.009033478796482086
-0.0008239997550845146
0.007568590342998505
-0.00033570360392332077
-0.008880886249244213
-0.001434369944036007
0.007293923757970333
0.0007629627361893654
-0.007293923757970333
-0.0013122959062457085
0.005371257662773132
-0.0015564439818263054
-0.007568590342998505
0.0012817773967981339
0.009399700909852982
0.0018616290763020515
-0.0060731833800673485
0.0004272591322660446
0.006714072078466415
-0.0016785180196166039
-0.009155552834272385
-0.00079348124563694
0.00753807183355093
0.00033570360392332077
-0.007446516305208206
-9.155552834272385e-05
0.007690664380788803
0.0006103701889514923
-0.006836146116256714
9.155552834272385e-05
0.006714072078466415
-0.0012207403779029846
-0.008301034569740295
-0.0001831110566854477
0.007171849720180035
-0.0007019257172942162
-0.007690664380788803
0.00119022186845541
0.009155552834272385
0.0004882961511611938
-0.008178960531949997
-0.00015259254723787308
0.008758812211453915
0.0018005920574069023
-0.006439405493438244
0.0002136295661330223
0.00753807183355093
3.0518509447574615e-05
-0.0079348124563694
-0.0007324442267417908
0.007293923757970333
0.0011291848495602608
-0.005371257662773132
0.0020447401329874992
0.00839259009808302
-0.0003662221133708954
-0.00866725668311119
-0.00119022186845541
0.006683553569018841
-0.00045777764171361923
-0.008178960531949997
-0.00119022186845541
0.0062257759273052216
-0.0005798516795039177
-0.007202368229627609
0.0004882961511611938
0.007293923757970333
-0.0009155552834272385
-0.008545182645320892
-0.00045777764171361923
0.007812738418579102
0.0007324442267417908
-0.006805627606809139
0.00015259254723787308
0.006927701644599438
-0.0009460737928748131
-0.008301034569740295
-0.00030518509447574615
0.007293923757970333
-0.0005798516795039177
-0.008545182645320892
-0.0009155552834272385
0.007202368229627609
0.00033570360392332077
-0.006591998040676117
0.0014648884534835815
0.009277626872062683
0.001434369944036007
-0.007080294191837311
-0.0006714072078466415
0.00634784996509552
-0.0007019257172942162
-0.007202368229627609
0.0008239997550845146
0.007690664380788803
-0.0009460737928748131
-0.008636738173663616
-0.0001831110566854477
0.008423108607530594
0.0010071108117699623
-0.007080294191837311
0.00015259254723787308
0.008056886494159698
0.0012817773967981339
-0.005462813191115856
0.0023194067180156708
0.009399700909852982
0.0009155552834272385
-0.007324442267417908
-6.103701889514923e-05
0.006927701644599438
-0.0014648884534835815
-0.009399700909852982
-0.0010071108117699623
0.007904293946921825
0.0013733329251408577
-0.005859553813934326
0.0014954069629311562
0.008301034569740295
-9.155552834272385e-05
-0.00753807183355093
0.0009460737928748131
0.009033478796482086
0.0008239997550845146
-0.007446516305208206
0.00045777764171361923
0.00878933072090149
0.0012207403779029846
-0.007080294191837311
-3.0518509447574615e-05
0.007568590342998505
9.155552834272385e-05
-0.0074159977957606316
0.0002441480755805969
0.008056886494159698
0.0006714072078466415
-0.006836146116256714
0.0005188146606087685
0.007446516305208206
-0.0008239997550845146
-0.00827051606029272
0.0001831110566854477
0.008545182645320892
0.0007629627361893654
-0.00753807183355093
-0.0006714072078466415
0.00634784996509552
-0.00198370311409235
-0.010132145136594772
-0.00238044373691082
0.005981627851724625
-0.0007019257172942162
-0.00753807183355093
6.103701889514923e-05
0.006836146116256714
-0.0018005920574069023
-0.009369182400405407
-0.0008239997550845146
0.0074159977957606316
-0.0001831110566854477
-0.007568590342998505
0.0007019257172942162
0.008026367984712124
-0.0007629627361893654
-0.00866725668311119
0.0004882961511611938
0.009277626872062683
0.00039674062281847
-0.009369182400405407
-0.002075258642435074
0.007324442267417908
0.0010681478306651115
-0.007049775682389736
-0.001037629321217537
0.005737479776144028
-0.0015259254723787308
-0.008301034569740295
-0.00039674062281847
0.006591998040676117
-0.0017700735479593277
-0.009155552834272385
-0.0003662221133708954
0.008178960531949997
0.0006103701889514923
-0.007171849720180035
0.0006408886983990669
0.008636738173663616
0.0009155552834272385
-0.007446516305208206
-0.0005188146606087685
0.006836146116256714
-0.0007019257172942162
-0.008056886494159698
-0.00012207403779029846
0.00753807183355093
-0.0001831110566854477
-0.007812738418579102
0.0001831110566854477
0.008178960531949997
0.0004272591322660446
-0.007812738418579102
-0.00079348124563694
0.006714072078466415
-0.0004882961511611938
-0.007690664380788803
-0.0003662221133708954
0.006103701889514923
-0.0024414807558059692
-0.00952177494764328
-0.00033570360392332077
0.008056886494159698
-0.00039674062281847
-0.009033478796482086
-0.0010681478306651115
0.007690664380788803
0.00030518509447574615
-0.00827051606029272
-0.0018616290763020515
0.005371257662773132
-0.0017700735479593277
-0.008423108607530594
6.103701889514923e-05
0.007904293946921825
0.0002136295661330223
-0.007049775682389736
0.0014954069629311562
0.009735404513776302
0.0016479995101690292
-0.007202368229627609
-0.00027466658502817154
0.007690664380788803
0.0008850367739796638
-0.0062257759273052216
0.001434369944036007
0.008911404758691788
0.0011597033590078354
-0.006714072078466415
0.00012207403779029846
0.006439405493438244
-0.0016479995101690292
-0.008026367984712124
0.0013122959062457085
0.009033478796482086
-0.0003662221133708954
-0.009277626872062683
-0.0009765923023223877
0.0076601458713412285
-0.00033570360392332077
-0.009155552834272385
-0.0015564439818263054
0.007202368229627609
0.0002441480755805969
-0.0076601458713412285
-0.0004882961511611938
0.007049775682389736
-0.001037629321217537
-0.010101626627147198
-0.003906369209289551
0.003997924737632275
-0.0014038514345884323
-0.006714072078466415
0.0016174810007214546
0.00839259009808302
0.0002136295661330223
-0.006836146116256714
0.0016479995101690292
0.009033478796482086
0.00030518509447574615
-0.0076601458713412285
0.0010071108117699623
0.010132145136594772
0.00277718435972929
-0.005981627851724625
0.00030518509447574615
0.0074159977957606316
0.00045777764171361923
-0.006103701889514923
0.002227851189672947
0.009491256438195705
0.0006714072078466415
-0.008178960531949997
-0.00079348124563694
0.007568590342998505
0.0005798516795039177
-0.007446516305208206
-0.0009155552834272385
0.006103701889514923
-0.0009155552834272385
-0.007324442267417908
0.0010681478306651115
0.008514664135873318
0.0001831110566854477
-0.008423108607530594
-0.0015564439818263054
0.005981627851724625
-0.0010986663401126862
-0.008026367984712124
-0.00015259254723787308
0.007568590342998505
0.0002136295661330223
-0.007080294191837311
0.0005188146606087685
0.007782219909131527
9.155552834272385e-05
-0.007324442267417908
0.00027466658502817154
0.006927701644599438
-0.002075258642435074
-0.010345774702727795
-0.0018921475857496262
0.0074159977957606316
0.0006714072078466415
-0.007782219909131527
-0.0016785180196166039
0.005737479776144028
-0.00045777764171361923
-0.0064699240028858185
0.0015564439818263054
0.008545182645320892
0.00030518509447574615
-0.0074159977957606316
0.00015259254723787308
0.007812738418579102
0.0005798516795039177
-0.0062257759273052216
0.00198370311409235
0.009399700909852982
0.0010071108117699623
-0.007171849720180035
0.0003662221133708954
0.00827051606029272
0.0011291848495602608
-0.005981627851724625
0.0019226660951972008
0.008880886249244213
-0.00012207403779029846
-0.008758812211453915
-0.0006714072078466415
0.00866725668311119
0.0021973326802253723
-0.005859553813934326
0.0005493331700563431
0.00753807183355093
9.155552834272385e-05
-0.0076601458713412285
-0.0006714072078466415
0.007049775682389736
0.0007629627361893654
-0.005981627851724625
0.0006408886983990669
0.006195257417857647
-0.0020447401329874992
-0.008301034569740295
0.0009460737928748131
0.008636738173663616
0.0002441480755805969
-0.007293923757970333
0.0013733329251408577
0.009369182400405407
0.0005493331700563431
-0.008636738173663616
-0.0012512588873505592
0.007446516305208206
0.00045777764171361923
-0.0074159977957606316
0.00030518509447574615
0.00952177494764328
0.0035401470959186554
-0.0044862208887934685
0.0005493331700563431
0.0058290353044867516
-0.0020447401329874992
-0.008636738173663616
-0.0005188146606087685
0.006805627606809139
-0.0009460737928748131
-0.008423108607530594
-0.001037629321217537
0.005706961266696453
-0.002136295661330223
-0.008545182645320892
0.0010681478306651115
0.009613330475986004
0.0014038514345884323
-0.007202368229627609
0.0004272591322660446
0.00878933072090149
0.0014648884534835815
-0.006714072078466415
0.0001831110566854477
0.00753807183355093
0.0005188146606087685
-0.005981627851724625
0.0026551103219389915
0.010223700664937496
0.0014648884534835815
-0.0076601458713412285
-0.0012207403779029846
0.005859553813934326
-0.0016174810007214546
-0.008056886494159698
0.0013733329251408577
0.0098574785515666
0.0014038514345884323
-0.007904293946921825
-0.0012817773967981339
0.006439405493438244
-0.0010071108117699623
-0.009277626872062683
-0.0024109622463583946
0.005371257662773132
-0.0012207403779029846
-0.007904293946921825
-0.00015259254723787308
0.0074159977957606316
0.00030518509447574615
-0.006714072078466415
0.0008545182645320892
0.007690664380788803
-0.0007324442267417908
-0.008545182645320892
-0.0004882961511611938
0.007812738418579102
0.0007629627361893654
-0.006561479531228542
0.00079348124563694
0.007904293946921825
0.00033570360392332077
-0.0064699240028858185
0.0019531846046447754
0.009155552834272385
0.00012207403779029846
-0.008301034569740295
-0.00027466658502817154
0.007812738418579102
-6.103701889514923e-05
-0.007812738418579102
0.0004882961511611938
0.00839259009808302
-0.00033570360392332077
-0.009643848985433578
-0.0023499252274632454
0.006317331455647945
-0.0001831110566854477
-0.00753807183355093
-0.0001831110566854477
0.007324442267417908
-0.00033570360392332077
-0.007904293946921825
-0.0002441480755805969
0.007568590342998505
0.0002136295661330223
-0.007080294191837311
0.0007629627361893654
0.008178960531949997
-0.0001831110566854477
-0.00866725668311119
-0.001434369944036007
0.006591998040676117
3.0518509447574615e-05
-0.006317331455647945
0.0020142216235399246
0.009643848985433578
0.001434369944036007
-0.006805627606809139
0.0001831110566854477
0.007049775682389736
-0.0012207403779029846
-0.009002960287034512
-0.0011597033590078354
0.006591998040676117
-0.0012207403779029846
-0.00866725668311119
-0.00027466658502817154
0.0079348124563694
0.00015259254723787308
-0.007812738418579102
-6.103701889514923e-05
0.007812738418579102
6.103701889514923e-05
-0.007812738418579102
-0.0001831110566854477
0.007293923757970333
-0.0007324442267417908
-0.008514664135873318
-0.0004882961511611938
0.007568590342998505
-0.00039674062281847
-0.00866725668311119
-0.0010681478306651115
0.007202368229627609
0.00015259254723787308
-0.007324442267417908
0.00033570360392332077
0.008056886494159698
0.0002136295661330223
-0.008056886494159698
-0.0007019257172942162
0.007812738418579102
0.0015564439818263054
-0.005981627851724625
-0.00012207403779029846
0.005493331700563431
-0.002471999265253544
-0.00878933072090149
6.103701889514923e-05
0.0076601458713412285
-0.00033570360392332077
-0.0076601458713412285
0.0005188146606087685
0.007782219909131527
-0.0008850367739796638
-0.00878933072090149
-6.103701889514923e-05
0.00839259009808302
0.0
-0.009247108362615108
-0.0023499252274632454
0.005859553813934326
-0.0010986663401126862
-0.008514664135873318
-0.0009460737928748131
0.006958220154047012
3.0518509447574615e-05
-0.006561479531228542
0.0014954069629311562
0.008148442022502422
-0.0013122959062457085
-0.0099795525893569
-0.00198370311409235
0.006317331455647945
-0.0011597033590078354
-0.008423108607530594
0.0007019257172942162
0.009765923023223877
0.0017090365290641785
-0.007904293946921825
-0.0018921475857496262
0.005981627851724625
-0.0002136295661330223
-0.006561479531228542
0.0012207403779029846
0.00827051606029272
0.00027466658502817154
-0.007202368229627609
0.0007324442267417908
0.008056886494159698
-0.00039674062281847
-0.008423108607530594
-0.00033570360392332077
0.007812738418579102
-0.00015259254723787308
-0.00878933072090149
-0.001831110566854477
0.005981627851724625
-0.0010986663401126862
-0.00839259009808302
-0.0009155552834272385
0.006591998040676117
-0.0007629627361893654
-0.007690664380788803
0.0007019257172942162
0.00878933072090149
0.0012207403779029846
-0.0064699240028858185
0.0011597033590078354
0.00878933072090149
0.0010986663401126862
-0.006561479531228542
0.0007324442267417908
0.007568590342998505
-0.0011597033590078354
-0.009369182400405407
-0.0017090365290641785
0.006195257417857647
-0.0009460737928748131
-0.00753807183355093
0.0013122959062457085
0.009247108362615108
0.0007629627361893654
-0.007690664380788803
0.00027466658502817154
0.008514664135873318
0.0008850367739796638
-0.006958220154047012
0.0014648884534835815
0.010498367249965668
0.003265480510890484
-0.005584887228906155
0.00012207403779029846
0.006683553569018841
-0.0006103701889514923
-0.007171849720180035
0.0012817773967981339
0.00912503432482481
0.0012512588873505592
-0.006927701644599438
-0.00030518509447574615
0.0060731833800673485
-0.0018616290763020515
-0.008026367984712124
0.0016479995101690292
0.009765923023223877
0.0005798516795039177
-0.00839259009808302
-0.0004882961511611938
0.008056886494159698
0.00012207403779029846
-0.00866725668311119
-0.0014038514345884323
0.006836146116256714
-0.00045777764171361923
-0.008545182645320892
-0.0012207403779029846
0.007202368229627609
0.00119022186845541
-0.005249183624982834
0.002075258642435074
0.008056886494159698
-0.0011597033590078354
-0.008758812211453915
0.00027466658502817154
0.009277626872062683
0.0016785180196166039
-0.006958220154047012
-0.00027466658502817154
0.006958220154047012
-0.0008239997550845146
-0.008514664135873318
-0.0007629627361893654
0.007446516305208206
0.00027466658502817154
-0.00753807183355093
-0.00079348124563694
0.00634784996509552
-0.0006714072078466415
-0.006958220154047012
0.0014954069629311562
0.00866725668311119
-0.00015259254723787308
-0.008545182645320892
-0.0006408886983990669
0.0079348124563694
0.001342814415693283
-0.005493331700563431
0.0021668141707777977
0.008514664135873318
-0.0010681478306651115
-0.010010071098804474
-0.00198370311409235
0.007049775682389736
0.0006408886983990669
-0.006561479531228542
0.0008850367739796638
0.008026367984712124
-0.00015259254723787308
-0.008178960531949997
-0.0005798516795039177
0.006805627606809139
-0.0015259254723787308
-0.0098574785515666
-0.00198370311409235
0.007080294191837311
0.0008239997550845146
-0.006683553569018841
-0.0003662221133708954
0.0058290353044867516
-0.00198370311409235
-0.00839259009808302
0.0007629627361893654
0.00912503432482481
0.0012512588873505592
-0.007049775682389736
3.0518509447574615e-05
0.007568590342998505
0.00015259254723787308
-0.007080294191837311
0.0008850367739796638
0.008423108607530594
0.00015259254723787308
-0.008148442022502422
-0.0006714072078466415
0.00753807183355093
0.0005798516795039177
-0.007171849720180035
-0.00030518509447574615
0.007080294191837311
3.0518509447574615e-05
-0.006836146116256714
0.0011597033590078354
0.009033478796482086
0.0017090365290641785
-0.006103701889514923
0.0006714072078466415
0.00753807183355093
3.0518509447574615e-05
-0.007324442267417908
0.00012207403779029846
0.0074159977957606316
0.0002136295661330223
-0.006561479531228542
0.0012817773967981339
0.00839259009808302
0.00039674062281847
-0.007049775682389736
0.0005798516795039177
0.007446516305208206
-0.0012207403779029846
-0.008911404758691788
-0.00039674062281847
0.007568590342998505
-0.001037629321217537
-0.009765923023223877
-0.0018616290763020515
0.007171849720180035
0.0009765923023223877
-0.00595110934227705
0.00158696249127388
0.008514664135873318
0.00015259254723787308
-0.007446516305208206
0.0011291848495602608
0.009399700909852982
0.0013122959062457085
-0.007202368229627609
-9.155552834272385e-05
0.007080294191837311
-0.00119022186845541
-0.008880886249244213
-0.0005798516795039177
0.0076601458713412285
0.00012207403779029846
-0.007324442267417908
0.0010071108117699623
0.008514664135873318
-0.0006408886983990669
-0.009887997061014175
-0.0021973326802253723
0.006714072078466415
-6.103701889514923e-05
-0.007690664380788803
-0.00012207403779029846
0.007690664380788803
0.00012207403779029846
-0.0074159977957606316
0.0006408886983990669
0.009155552834272385
0.0021057771518826485
-0.005706961266696453
0.0010071108117699623
0.0076601458713412285
-0.0004882961511611938
-0.008148442022502422
-0.00030518509447574615
0.007690664380788803
0.00015259254723787308
-0.007782219909131527
-0.0006714072078466415
0.006927701644599438
-9.155552834272385e-05
-0.007324442267417908
0.0001831110566854477
0.007568590342998505
-9.155552834272385e-05
-0.007782219909131527
-0.0006103701889514923
0.006958220154047012
9.155552834272385e-05
-0.006591998040676117
0.0010071108117699623
0.00753807183355093
-0.0007324442267417908
-0.0076601458713412285
0.0011291848495602608
0.008758812211453915
-0.00027466658502817154
-0.009247108362615108
-0.0015259254723787308
0.0074159977957606316
0.0009155552834272385
-0.006561479531228542
0.0006714072078466415
0.008026367984712124
0.0002441480755805969
-0.007782219909131527
-0.0006103701889514923
0.007202368229627609
0.00027466658502817154
-0.006683553569018841
0.0010986663401126862
0.008758812211453915
0.0013122959062457085
-0.006439405493438244
0.00045777764171361923
0.007446516305208206
-0.00012207403779029846
-0.007080294191837311
0.0010681478306651115
0.008514664135873318
0.0003662221133708954
-0.007812738418579102
-0.0004272591322660446
0.007324442267417908
0.0002136295661330223
-0.006561479531228542
0.001831110566854477
0.0099795525893569
0.0027466658502817154
-0.004608294926583767
0.0026551103219389915
0.009033478796482086
-6.103701889514923e-05
-0.008056886494159698
0.0001831110566854477
0.0076601458713412285
-0.0012207403779029846
-0.009613330475986004
-0.0012512588873505592
0.007293923757970333
-0.0008239997550845146
-0.009613330475986004
-0.0019226660951972008
0.007171849720180035
0.0007324442267417908
-0.007202368229627609
-0.0006408886983990669
0.006195257417857647
-0.0012817773967981339
-0.008178960531949997
0.00027466658502817154
0.008178960531949997
0.00012207403779029846
-0.008056886494159698
-0.0003662221133708954
0.007904293946921825
0.0009765923023223877
-0.006714072078466415
0.0002441480755805969
0.007446516305208206
0.00030518509447574615
-0.0064699240028858185
0.0008545182645320892
0.006317331455647945
-0.00357066560536623
-0.011200292967259884
-0.0012817773967981339
0.008545182645320892
0.00119022186845541
-0.007049775682389736
0.0005188146606087685
0.008545182645320892
0.00039674062281847
-0.00866725668311119
-0.002136295661330223
0.005371257662773132
-0.001831110566854477
-0.008880886249244213
-0.0007629627361893654
0.007171849720180035
-0.0005188146606087685
-0.008545182645320892
-0.0010071108117699623
0.006958220154047012
-0.00045777764171361923
-0.008423108607530594
-0.0011291848495602608
0.007049775682389736
0.0008239997550845146
-0.00595110934227705
0.0011597033590078354
0.007782219909131527
0.0
-0.007080294191837311
0.00079348124563694
0.0079348124563694
6.103701889514923e-05
-0.006714072078466415
0.0021057771518826485
0.009765923023223877
0.0008545182645320892
-0.007782219909131527
0.0
0.008301034569740295
0.0005493331700563431
-0.007782219909131527
-0.0007324442267417908
0.006714072078466415
-0.0010986663401126862
-0.008636738173663616
-0.0005188146606087685
0.0076601458713412285
3.0518509447574615e-05
-0.008148442022502422
-0.0011597033590078354
0.006103701889514923
-0.0015259254723787308
-0.008423108607530594
0.0006408886983990669
0.00952177494764328
0.0020142216235399246
-0.006561479531228542
-0.00033570360392332077
0.006195257417857647
-0.0018921475857496262
-0.009399700909852982
-0.0012207403779029846
0.006805627606809139
-0.0006408886983990669
-0.008178960531949997
-0.00030518509447574615
0.00753807183355093
0.0004882961511611938
-0.00595110934227705
0.002685628831386566
0.0098574785515666
0.0006408886983990669
-0.007904293946921825
9.155552834272385e-05
0.007782219909131527
-0.0012512588873505592
-0.010467848740518093
-0.0028992583975195885
0.005859553813934326
-0.0010986663401126862
-0.008545182645320892
-0.00015259254723787308
0.008636738173663616
0.0014648884534835815
-0.006805627606809139
3.0518509447574615e-05
0.0076601458713412285
0.0006714072078466415
-0.006561479531228542
0.0007629627361893654
0.007782219909131527
-0.00015259254723787308
-0.007812738418579102
-0.0002136295661330223
0.007049775682389736
-0.0008239997550845146
-0.008148442022502422
0.0001831110566854477
0.008545182645320892
0.001434369944036007
-0.005615405738353729
0.0025025177747011185
0.009887997061014175
0.0012512588873505592
-0.007324442267417908
-9.155552834272385e-05
0.007171849720180035
-0.0007629627361893654
-0.007904293946921825
0.0012207403779029846
0.010101626627147198
0.0021668141707777977
-0.007080294191837311
-0.0008239997550845146
0.00634784996509552
-0.0010681478306651115
-0.008178960531949997
-0.0002441480755805969
0.006805627606809139
-0.001831110566854477
-0.009887997061014175
-0.0016785180196166039
0.006439405493438244
-0.0012817773967981339
-0.008880886249244213
-0.00045777764171361923
0.008026367984712124
0.00039674062281847
-0.007812738418579102
-0.00012207403779029846
0.008148442022502422
0.0008239997550845146
-0.007293923757970333
-9.155552834272385e-05
0.008056886494159698
0.0009460737928748131
-0.007446516305208206
-0.0014954069629311562
0.005340739153325558
-0.0011597033590078354
-0.007202368229627609
0.001037629321217537
0.008545182645320892
0.0012207403779029846
-0.005737479776144028
0.001831110566854477
0.00839259009808302
3.0518509447574615e-05
-0.007171849720180035
0.0012817773967981339
0.009002960287034512
0.0008850367739796638
-0.006836146116256714
0.0014648884534835815
0.009369182400405407
0.0009765923023223877
-0.0076601458713412285
-6.103701889514923e-05
0.008423108607530594
0.0011597033590078354
-0.007049775682389736
-0.0004272591322660446
0.006836146116256714
-0.00030518509447574615
-0.007049775682389736
0.0007019257172942162
0.007293923757970333
-0.0014648884534835815
-0.008880886249244213
-6.103701889514923e-05
0.0079348124563694
-0.0009155552834272385
-0.009491256438195705
-0.0011291848495602608
0.008056886494159698
0.0008545182645320892
-0.007446516305208206
-0.0002136295661330223
0.007690664380788803
0.00027466658502817154
-0.007568590342998505
-0.0001831110566854477
0.007293923757970333
-0.0006103701889514923
-0.008758812211453915
-0.001342814415693283
0.006958220154047012
0.00027466658502817154
-0.007049775682389736
-0.0003662221133708954
0.005859553813934326
-0.0025025177747011185
-0.009643848985433578
-0.0009155552834272385
0.007293923757970333
-0.0005188146606087685
-0.008758812211453915
-0.0017700735479593277
0.005462813191115856
-0.002075258642435074
-0.009155552834272385
-0.00079348124563694
0.006927701644599438
-0.0012207403779029846
-0.009247108362615108
-0.0012512588873505592
0.007171849720180035
3.0518509447574615e-05
-0.00753807183355093
0.00015259254723787308
0.008026367984712124
0.0005188146606087685
-0.00753807183355093
-0.0010681478306651115
0.005218665115535259
-0.002624591812491417
-0.008514664135873318
0.0015259254723787308
0.0098574785515666
0.0007324442267417908
-0.008545182645320892
-0.0006714072078466415
0.008148442022502422
0.0006714072078466415
-0.008148442022502422
-0.0013733329251408577
0.006805627606809139
0.00027466658502817154
-0.007049775682389736
6.103701889514923e-05
0.0074159977957606316
0.0003662221133708954
-0.006591998040676117
0.0008545182645320892
0.0074159977957606316
-0.0004272591322660446
-0.006439405493438244
0.002929776906967163
0.0098574785515666
-0.0005188146606087685
-0.0098574785515666
-0.00158696249127388
0.006958220154047012
-0.0014038514345884323
-0.009765923023223877
-0.00079348124563694
0.009002960287034512
0.0019531846046447754
-0.006683553569018841
0.0003662221133708954
0.008636738173663616
0.0017700735479593277
-0.0058290353044867516
0.001434369944036007
0.00878933072090149
0.00079348124563694
-0.007171849720180035
0.00033570360392332077
0.008301034569740295
0.0009765923023223877
-0.006836146116256714
0.0
0.006714072078466415
-0.0011597033590078354
-0.008026367984712124
0.0004272591322660446
0.008056886494159698
-0.00027466658502817154
-0.008056886494159698
0.0005188146606087685
0.009247108362615108
0.0019531846046447754
-0.006103701889514923
0.0011597033590078354
0.008545182645320892
0.00039674062281847
-0.008056886494159698
-0.0011291848495602608
0.0060731833800673485
-0.0014648884534835815
-0.008514664135873318
-0.00033570360392332077
0.007171849720180035
-0.001037629321217537
-0.00878933072090149
-0.0003662221133708954
0.007904293946921825
0.0
-0.00839259009808302
-0.0010681478306651115
0.006958220154047012
-0.00015259254723787308
-0.007202368229627609
0.0013122959062457085
0.009765923023223877
0.0021668141707777977
-0.0062257759273052216
0.0006408886983990669
0.008026367984712124
0.0006103701889514923
-0.007171849720180035
-0.0007019257172942162
0.005371257662773132
-0.0028992583975195885
-0.009399700909852982
0.00015259254723787308
0.008545182645320892
6.103701889514923e-05
-0.00827051606029272
0.00015259254723787308
0.009369182400405407
0.00238044373691082
-0.00595110934227705
0.0008545182645320892
0.008636738173663616
0.0018005920574069023
-0.005462813191115856
0.0016785180196166039
0.008514664135873318
0.0007324442267417908
-0.0064699240028858185
0.0011291848495602608
0.0074159977957606316
-0.0014648884534835815
-0.008545182645320892
0.00079348124563694
0.008423108607530594
-0.0015564439818263054
-0.010742515325546265
-0.0013733329251408577
0.009247108362615108
0.002136295661330223
-0.008026367984712124
-0.0027161473408341408
0.005493331700563431
0.00015259254723787308
-0.006103701889514923
0.0012207403779029846
0.008026367984712124
9.155552834272385e-05
-0.007782219909131527
-0.0007324442267417908
0.006805627606809139
0.0003662221133708954
-0.0058290353044867516
0.0016785180196166039
0.0076601458713412285
-0.0011597033590078354
-0.008178960531949997
0.001037629321217537
0.00912503432482481
0.0005493331700563431
-0.008026367984712124
-0.00039674062281847
0.0074159977957606316
-0.0007324442267417908
-0.009002960287034512
-0.00119022186845541
0.007324442267417908
0.0003662221133708954
-0.006805627606809139
0.0011597033590078354
0.00878933072090149
0.0006103701889514923
-0.007171849720180035
0.0009460737928748131
0.009033478796482086
0.0012512588873505592
-0.0064699240028858185
0.001434369944036007
0.008758812211453915
0.0002136295661330223
-0.00753807183355093
0.001342814415693283
0.010132145136594772
0.0021057771518826485
-0.006439405493438244
0.0010986663401126862
0.009033478796482086
0.0006103701889514923
-0.00839259009808302
-0.0012207403779029846
0.007324442267417908
0.0004272591322660446
-0.00753807183355093
-0.0007629627361893654
0.006683553569018841
-0.0004272591322660446
-0.007782219909131527
-0.00039674062281847
0.007293923757970333
0.0005798516795039177
-0.0060731833800673485
0.001342814415693283
0.0076601458713412285
-0.0008850367739796638
-0.008026367984712124
0.0007019257172942162
0.008636738173663616
0.0006103701889514923
-0.007080294191837311
0.001037629321217537
0.00839259009808302
-0.0002136295661330223
-0.0079348124563694
0.0013122959062457085
0.010345774702727795
0.0021668141707777977
-0.007171849720180035
-0.00039674062281847
0.007568590342998505
0.00012207403779029846
-0.0076601458713412285
6.103701889514923e-05
0.00827051606029272
0.0011597033590078354
-0.006439405493438244
0.0007019257172942162
0.0074159977957606316
-0.0011291848495602608
-0.009155552834272385
-0.0012817773967981339
0.0064699240028858185
-0.0014648884534835815
-0.009277626872062683
-0.0014954069629311562
0.005981627851724625
-0.002136295661330223
-0.00952177494764328
-0.0005493331700563431
0.008026367984712124
-0.0002136295661330223
-0.009247108362615108
-0.0021668141707777977
0.006103701889514923
-0.001037629321217537
-0.009002960287034512
-0.0021973326802253723
0.005096591077744961
-0.0016785180196166039
-0.0074159977957606316
0.0017700735479593277
0.00912503432482481
-0.00015259254723787308
-0.00878933072090149
-0.0004882961511611938
0.008056886494159698
0.00033570360392332077
-0.007446516305208206
0.00119022186845541
0.010223700664937496
0.00317392498254776
-0.0048829615116119385
0.0020447401329874992
0.008636738173663616
-3.0518509447574615e-05
-0.007812738418579102
0.0009460737928748131
0.009399700909852982
0.0007629627361893654
-0.008758812211453915
-0.0018616290763020515
0.006805627606809139
0.00039674062281847
-0.007293923757970333
-0.00027466658502817154
0.007812738418579102
0.0013122959062457085
-0.0060731833800673485
0.0004272591322660446
0.0074159977957606316
0.0008239997550845146
-0.005584887228906155
0.0015564439818263054
0.007568590342998505
-0.0009460737928748131
-0.007904293946921825
0.0008850367739796638
0.009369182400405407
0.00238044373691082
-0.0048829615116119385
0.0025025177747011185
0.009155552834272385
0.0005798516795039177
-0.007049775682389736
0.0011291848495602608
0.008911404758691788
0.0005188146606087685
-0.0079348124563694
-0.0003662221133708954
0.00753807183355093
-0.00012207403779029846
-0.008178960531949997
-0.0004882961511611938
0.0079348124563694
0.0011291848495602608
-0.006317331455647945
0.0007019257172942162
0.00753807183355093
-0.0006408886983990669
-0.008514664135873318
-0.0008545182645320892
0.007202368229627609
9.155552834272385e-05
-0.007171849720180035
0.00045777764171361923
0.008056886494159698
0.00027466658502817154
-0.007782219909131527
-0.0009460737928748131
0.006195257417857647
-0.0010986663401126862
-0.008056886494159698
-0.0001831110566854477
0.006958220154047012
-0.0012207403779029846
-0.008636738173663616
-0.00039674062281847
0.00753807183355093
-9.155552834272385e-05
-0.00753807183355093
0.0002441480755805969
0.007171849720180035
-0.0017700735479593277
-0.009765923023223877
-0.00033570360392332077
0.009735404513776302
0.002624591812491417
-0.007171849720180035
-0.0022583696991205215
0.00476088747382164
-0.0014038514345884323
-0.007446516305208206
0.0006408886983990669
0.008178960531949997
0.0006103701889514923
-0.007171849720180035
-0.00039674062281847
0.006561479531228542
-0.0008239997550845146
-0.007904293946921825
-0.0002136295661330223
0.0074159977957606316
0.00039674062281847
-0.006439405493438244
0.0014954069629311562
0.009247108362615108
0.0020142216235399246
-0.005737479776144028
0.0004882961511611938
0.00595110934227705
-0.0027161473408341408
-0.00952177494764328
-3.0518509447574615e-05
0.008758812211453915
0.0011291848495602608
-0.007202368229627609
-0.0002136295661330223
0.006958220154047012
-0.001037629321217537
-0.008911404758691788
-0.0014954069629311562
0.005584887228906155
-0.002533036284148693
-0.0098574785515666
-0.0011291848495602608
0.007293923757970333
-0.0006103701889514923
-0.008758812211453915
-0.0004882961511611938
0.008880886249244213
0.0023194067180156708
-0.006195257417857647
-0.00030518509447574615
0.006958220154047012
0.0004272591322660446
-0.006317331455647945
0.0006714072078466415
0.007446516305208206
0.0004882961511611938
-0.005096591077744961
0.003723258152604103
0.010467848740518093
0.0008850367739796638
-0.007904293946921825
0.0
0.00839259009808302
0.0008239997550845146
-0.007812738418579102
-0.0015259254723787308
0.005096591077744961
-0.0023194067180156708
-0.008423108607530594
0.0011597033590078354
0.009613330475986004
0.0017700735479593277
-0.0058290353044867516
0.0024414807558059692
0.010101626627147198
0.0012207403779029846
-0.0076601458713412285
6.103701889514923e-05
0.00839259009808302
0.0005493331700563431
-0.008026367984712124
-0.0006103701889514923
0.008026367984712124
0.0015259254723787308
-0.0058290353044867516
0.0014648884534835815
0.008880886249244213
0.0014038514345884323
-0.006195257417857647
0.0008850367739796638
0.007690664380788803
-0.0005798516795039177
-0.008178960531949997
0.00012207403779029846
0.00839259009808302
0.0008239997550845146
-0.00753807183355093
-0.00079348124563694
0.006805627606809139
0.0004272591322660446
-0.005615405738353729
0.0025940733030438423
0.009277626872062683
0.0001831110566854477
-0.008056886494159698
-0.00015259254723787308
0.0074159977957606316
-0.00079348124563694
-0.008514664135873318
0.0001831110566854477
0.00912503432482481
0.001739555038511753
-0.006683553569018841
3.0518509447574615e-05
0.007049775682389736
-0.001037629321217537
-0.008758812211453915
-0.00033570360392332077
0.008758812211453915
0.0021668141707777977
-0.005706961266696453
0.0008239997550845146
0.007690664380788803
-3.0518509447574615e-05
-0.007446516305208206
0.00030518509447574615
0.008026367984712124
0.0007629627361893654
-0.006561479531228542
0.0009460737928748131
0.00827051606029272
0.0007019257172942162
-0.006591998040676117
0.001434369944036007
0.00912503432482481
0.0010071108117699623
-0.007904293946921825
-0.0018005920574069023
0.005218665115535259
-0.0017700735479593277
-0.00839259009808302
-0.0001831110566854477
0.0079348124563694
0.0008545182645320892
-0.006714072078466415
9.155552834272385e-05
0.006958220154047012
9.155552834272385e-05
-0.005340739153325558
0.00357066560536623
0.0098574785515666
-0.0006408886983990669
-0.0098574785515666
-0.001434369944036007
0.0076601458713412285
0.0002441480755805969
-0.008148442022502422
-0.0007629627361893654
0.00753807183355093
0.00045777764171361923
-0.00753807183355093
-0.0008850367739796638
0.005981627851724625
-0.0018005920574069023
-0.00878933072090149
0.0
0.008514664135873318
0.0012512588873505592
-0.006439405493438244
0.0007324442267417908
0.0074159977957606316
-0.00119022186845541
-0.008880886249244213
-0.0004272591322660446
0.0076601458713412285
-0.0005188146606087685
-0.008758812211453915
-0.00079348124563694
0.007812738418579102
0.0006714072078466415
-0.007080294191837311
0.00030518509447574615
0.0076601458713412285
-0.00015259254723787308
-0.0076601458713412285
0.0002441480755805969
0.007690664380788803
-0.0007019257172942162
-0.00839259009808302
0.0006408886983990669
0.010223700664937496
0.003418073058128357
-0.005005035549402237
0.001434369944036007
0.008545182645320892
0.001037629321217537
-0.006439405493438244
0.00079348124563694
0.0076601458713412285
-0.00045777764171361923
-0.007782219909131527
0.0006714072078466415
0.008758812211453915
0.0004882961511611938
-0.00878933072090149
-0.002624591812491417
0.0048829615116119385
-0.0010681478306651115
-0.00595110934227705
0.0036011841148138046
0.011200292967259884
0.002288888208568096
-0.006195257417857647
0.0015564439818263054
0.009277626872062683
0.0008239997550845146
-0.0074159977957606316
0.0007324442267417908
0.009247108362615108
0.0012817773967981339
-0.008056886494159698
-0.00158696249127388
0.006714072078466415
0.0007019257172942162
-0.0062257759273052216
0.0006408886983990669
0.007171849720180035
-0.0003662221133708954
-0.006927701644599438
0.0012512588873505592
0.008301034569740295
-0.00027466658502817154
-0.007904293946921825
0.00045777764171361923
0.00827051606029272
-0.00033570360392332077
-0.009247108362615108
-0.002075258642435074
0.0060731833800673485
-0.00079348124563694
-0.008026367984712124
-0.0004272591322660446
0.006927701644599438
-0.0008545182645320892
-0.008301034569740295
-0.00039674062281847
0.006805627606809139
-0.0016174810007214546
-0.009369182400405407
-0.0010071108117699623
0.007049775682389736
-0.0009155552834272385
-0.00839259009808302
0.0007629627361893654
0.0099795525893569
0.0021057771518826485
-0.0074159977957606316
-0.00119022186845541
0.006805627606809139
0.00030518509447574615
-0.007171849720180035
-0.00079348124563694
0.005493331700563431
-0.0024109622463583946
-0.009155552834272385
-0.0004882961511611938
0.007568590342998505
0.0001831110566854477
-0.006561479531228542
0.0020142216235399246
0.009643848985433578
0.0009460737928748131
-0.0074159977957606316
0.0004272591322660446
0.00839259009808302
0.0004272591322660446
-0.0076601458713412285
6.103701889514923e-05
0.008056886494159698
0.00027466658502817154
-0.00753807183355093
0.0005188146606087685
0.008880886249244213
0.001342814415693283
-0.007080294191837311
-3.0518509447574615e-05
0.007782219909131527
0.0006103701889514923
-0.007293923757970333
-0.0006714072078466415
0.0064699240028858185
-0.0004882961511611938
-0.006683553569018841
0.0020447401329874992
0.0098574785515666
0.0013733329251408577
-0.0079348124563694
-0.0015564439818263054
0.006439405493438244
0.0005798516795039177
-0.006103701889514923
0.0004882961511611938
0.006439405493438244
-0.0010986663401126862
-0.006927701644599438
0.0018921475857496262
0.008514664135873318
-0.0010986663401126862
-0.009399700909852982
-0.0003662221133708954
0.00912503432482481
0.002533036284148693
-0.0048829615116119385
0.00277718435972929
0.009887997061014175
0.0007324442267417908
-0.008514664135873318
-0.0012817773967981339
0.007293923757970333
0.0005798516795039177
-0.007324442267417908
-0.0005493331700563431
0.006836146116256714
-0.0002441480755805969
-0.007446516305208206
-0.0001831110566854477
0.006561479531228542
-0.0014954069629311562
-0.008880886249244213
-0.0007019257172942162
0.007690664380788803
0.0009765923023223877
-0.005706961266696453
0.002075258642435074
0.008758812211453915
-0.00015259254723787308
-0.00827051606029272
-9.155552834272385e-05
0.00827051606029272
0.0006103701889514923
-0.007812738418579102
-0.0007324442267417908
0.006927701644599438
-0.00039674062281847
-0.008148442022502422
-0.0011291848495602608
0.00595110934227705
-0.0016785180196166039
-0.008636738173663616
0.00012207403779029846
0.009033478796482086
0.002075258642435074
-0.005981627851724625
0.0003662221133708954
0.006836146116256714
-0.0009765923023223877
-0.008056886494159698
-0.00033570360392332077
0.006317331455647945
-0.001831110566854477
-0.007904293946921825
0.0025635547935962677
0.01156651508063078
0.0025635547935962677
-0.007446516305208206
-0.0007324442267417908
0.007171849720180035
-0.0005493331700563431
-0.009002960287034512
-0.0018005920574069023
0.006561479531228542
0.00033570360392332077
-0.006195257417857647
0.0016174810007214546
0.00866725668311119
0.0004272591322660446
-0.006927701644599438
0.00119022186845541
0.008148442022502422
-0.0012512588873505592
-0.0098574785515666
-0.0013122959062457085
0.007812738418579102
0.00015259254723787308
-0.008636738173663616
-0.0015259254723787308
0.007049775682389736
0.0006714072078466415
-0.006683553569018841
0.00045777764171361923
0.007904293946921825
0.0006103701889514923
-0.006927701644599438
0.0002441480755805969
0.0076601458713412285
0.00079348124563694
-0.0058290353044867516
0.0016785180196166039
0.007904293946921825
-0.0010681478306651115
-0.008880886249244213
-0.0006103701889514923
0.0074159977957606316
-0.0004272591322660446
-0.008026367984712124
0.0007019257172942162
0.0099795525893569
0.0028992583975195885
-0.0060731833800673485
-0.00033570360392332077
0.006805627606809139
6.103701889514923e-05
-0.007171849720180035
-0.0003662221133708954
0.006683553569018841
-9.155552834272385e-05
-0.006561479531228542
0.0006408886983990669
0.006317331455647945
-0.002929776906967163
-0.010589922778308392
-0.0016785180196166039
0.00753807183355093
0.0009155552834272385
-0.006683553569018841
0.0004272591322660446
0.008026367984712124
0.0012207403779029846
-0.005859553813934326
0.0009460737928748131
0.006561479531228542
-0.0024109622463583946
-0.009491256438195705
-0.00027466658502817154
0.008178960531949997
-0.0002441480755805969
-0.00912503432482481
-0.002136295661330223
0.005584887228906155
-0.0015564439818263054
-0.00827051606029272
0.0007324442267417908
0.009491256438195705
0.00198370311409235
-0.006317331455647945
0.0007324442267417908
0.00827051606029272
0.0004882961511611938
-0.007904293946921825
-0.0010681478306651115
0.006683553569018841
0.0
-0.006927701644599438
0.0006103701889514923
0.008056886494159698
0.00045777764171361923
-0.007293923757970333
-0.0004882961511611938
0.006439405493438244
-0.0007324442267417908
-0.007049775682389736
0.0014038514345884323
0.008636738173663616
0.0
-0.008423108607530594
-0.0009460737928748131
0.006683553569018841
-0.0009155552834272385
-0.00839259009808302
-0.0005493331700563431
0.007324442267417908
-9.155552834272385e-05
-0.007324442267417908
0.0007324442267417908
0.008178960531949997
-0.0004272591322660446
-0.008880886249244213
-0.0013122959062457085
0.006805627606809139
-0.00039674062281847
-0.0079348124563694
-0.0002136295661330223
0.0074159977957606316
-0.0002136295661330223
-0.0076601458713412285
0.00027466658502817154
0.007782219909131527
-0.0006408886983990669
-0.00912503432482481
-0.0015564439818263054
0.006927701644599438
0.00045777764171361923
-0.0064699240028858185
0.001342814415693283
0.008636738173663616
0.00045777764171361923
-0.007782219909131527
-0.0004882961511611938
0.007293923757970333
-6.103701889514923e-05
-0.007782219909131527
-0.00033570360392332077
0.0076601458713412285
0.0004272591322660446
-0.007904293946921825
-0.0016174810007214546
0.00595110934227705
-6.103701889514923e-05
-0.006561479531228542
0.00027466658502817154
0.006683553569018841
-0.00079348124563694
-0.00753807183355093
9.155552834272385e-05
0.006927701644599438
-0.0010986663401126862
-0.00878933072090149
-0.001434369944036007
0.0058290353044867516
-0.0013122959062457085
-0.007904293946921825
0.00012207403779029846
0.007293923757970333
-0.0006103701889514923
-0.00753807183355093
0.0011597033590078354
0.009155552834272385
0.0008239997550845146
-0.0074159977957606316
0.0004882961511611938
0.008880886249244213
0.0014954069629311562
-0.006714072078466415
0.0006714072078466415
0.00912503432482481
0.0027466658502817154
-0.004730368964374065
0.0016785180196166039
0.007904293946921825
-0.0004272591322660446
-0.00839259009808302
-0.0011597033590078354
0.006439405493438244
-0.0005188146606087685
-0.007568590342998505
-3.0518509447574615e-05
0.007171849720180035
-0.00015259254723787308
-0.007080294191837311
0.0005188146606087685
0.006927701644599438
-0.0017090365290641785
-0.008880886249244213
0.00012207403779029846
0.008423108607530594
0.0001831110566854477
-0.0079348124563694
0.00033570360392332077
0.008758812211453915
0.0008850367739796638
-0.007782219909131527
-0.0007324442267417908
0.007324442267417908
0.0005188146606087685
-0.00634784996509552
0.0017090365290641785
0.008880886249244213
3.0518509447574615e-05
-0.008758812211453915
-0.001342814415693283
0.006927701644599438
-3.0518509447574615e-05
-0.007446516305208206
0.0004272591322660446
0.008514664135873318
0.0010681478306651115
-0.007568590342998505
-0.0016174810007214546
0.004974517039954662
-0.0019531846046447754
-0.007904293946921825
0.0007324442267417908
0.008056886494159698
-0.00079348124563694
-0.009491256438195705
-0.00238044373691082
0.005462813191115856
-0.0012207403779029846
-0.00753807183355093
0.0010071108117699623
0.008514664135873318
-9.155552834272385e-05
-0.008636738173663616
-0.0013122959062457085
0.0064699240028858185
-0.0009155552834272385
-0.007782219909131527
0.001037629321217537
0.009491256438195705
0.0016785180196166039
-0.006805627606809139
9.155552834272385e-05
0.0074159977957606316
-0.00015259254723787308
-0.007293923757970333
0.001037629321217537
0.008911404758691788
0.0004272591322660446
-0.008423108607530594
-0.001037629321217537
0.0076601458713412285
0.0017700735479593277
-0.004730368964374065
0.002533036284148693
0.008636738173663616
-0.0002441480755805969
-0.007812738418579102
0.0007019257172942162
0.00827051606029272
-0.0006103701889514923
-0.00912503432482481
-0.00079348124563694
0.008148442022502422
0.0008545182645320892
-0.007446516305208206
9.155552834272385e-05
0.008636738173663616
0.0018616290763020515
-0.0062257759273052216
0.00033570360392332077
0.007690664380788803
0.0007324442267417908
-0.006439405493438244
0.0004272591322660446
0.006927701644599438
-0.0007019257172942162
-0.007171849720180035
0.001342814415693283
0.00866725668311119
-6.103701889514923e-05
-0.00827051606029272
-0.0005188146606087685
0.007293923757970333
-0.0003662221133708954
-0.007904293946921825
-9.155552834272385e-05
0.007293923757970333
-0.0008850367739796638
-0.00827051606029272
0.00079348124563694
0.0098574785515666
0.002471999265253544
-0.005706961266696453
0.0016479995101690292
0.009369182400405407
0.0016174810007214546
-0.006439405493438244
0.0009460737928748131
0.00878933072090149
0.0013733329251408577
-0.0060731833800673485
0.0016174810007214546
0.009002960287034512
0.0005798516795039177
-0.008026367984712124
-0.0007629627361893654
0.00753807183355093
0.0011291848495602608
-0.00595110934227705
0.0007019257172942162
0.006317331455647945
-0.002868739888072014
-0.010467848740518093
-0.0015564439818263054
0.007171849720180035
-0.00045777764171361923
-0.008758812211453915
-0.001342814415693283
0.006927701644599438
0.00015259254723787308
-0.007324442267417908
-0.0003662221133708954
0.0062257759273052216
-0.0021057771518826485
-0.009643848985433578
-0.0012207403779029846
0.007324442267417908
0.00012207403779029846
-0.00753807183355093
-0.0001831110566854477
0.007324442267417908
-0.0005188146606087685
-0.008514664135873318
-0.001037629321217537
0.007446516305208206
0.0012207403779029846
-0.005584887228906155
0.0015259254723787308
0.00827051606029272
0.0007324442267417908
-0.00595110934227705
0.0021973326802253723
0.009247108362615108
0.00039674062281847
-0.00827051606029272
-0.0009460737928748131
0.007049775682389736
-0.0001831110566854477
-0.008026367984712124
-0.0010681478306651115
0.006439405493438244
-0.00027466658502817154
-0.006683553569018841
0.0014954069629311562
0.008880886249244213
0.0009155552834272385
-0.006927701644599438
6.103701889514923e-05
0.006561479531228542
-0.0014954069629311562
-0.007904293946921825
0.0015259254723787308
0.00952177494764328
0.00033570360392332077
-0.008514664135873318
-0.00030518509447574615
0.008636738173663616
0.00119022186845541
-0.007293923757970333
9.155552834272385e-05
0.008514664135873318
0.0012817773967981339
-0.007293923757970333
-0.0010071108117699623
0.006561479531228542
0.0005493331700563431
-0.005340739153325558
0.002136295661330223
0.007568590342998505
-0.00238044373691082
-0.010101626627147198
-0.0006408886983990669
0.00827051606029272
-0.00033570360392332077
-0.010223700664937496
-0.003906369209289551
0.00436414685100317
-0.0014648884534835815
-0.0074159977957606316
0.0011597033590078354
0.009002960287034512
0.0010986663401126862
-0.006958220154047012
0.0004882961511611938
0.008056886494159698
0.0003662221133708954
-0.007171849720180035
0.0005493331700563431
0.00827051606029272
0.0010681478306651115
-0.005615405738353729
0.0028382213786244392
0.009735404513776302
0.00015259254723787308
-0.008636738173663616
-0.00030518509447574615
0.008514664135873318
0.0007629627361893654
-0.008148442022502422
-0.0012512588873505592
0.006927701644599438
0.00027466658502817154
-0.006805627606809139
0.0009765923023223877
0.00866725668311119
0.0004882961511611938
-0.00839259009808302
-0.001831110566854477
0.006195257417857647
3.0518509447574615e-05
-0.006805627606809139
0.0002441480755805969
0.007171849720180035
-0.00033570360392332077
-0.007904293946921825
-0.0010986663401126862
0.0058290353044867516
-0.0011597033590078354
-0.0076601458713412285
-0.0002441480755805969
0.005981627851724625
-0.002288888208568096
-0.008545182645320892
0.0011291848495602608
0.009247108362615108
0.0006408886983990669
-0.007690664380788803
0.0006103701889514923
0.009002960287034512
0.0010071108117699623
-0.00753807183355093
9.155552834272385e-05
0.00866725668311119
0.00119022186845541
-0.0076601458713412285
-0.001342814415693283
0.006714072078466415
0.0009460737928748131
-0.005096591077744961
0.002471999265253544
0.00912503432482481
0.0012207403779029846
-0.005584887228906155
0.0027466658502817154
0.0098574785515666
0.00079348124563694
-0.008026367984712124
-0.0007324442267417908
0.007049775682389736
-0.0005188146606087685
-0.008148442022502422
-0.0001831110566854477
0.008026367984712124
0.0006408886983990669
-0.00753807183355093
-0.0009460737928748131
0.006103701889514923
-0.0011291848495602608
-0.0074159977957606316
0.0013122959062457085
0.008880886249244213
0.00039674062281847
-0.0076601458713412285
0.00027466658502817154
0.008026367984712124
6.103701889514923e-05
-0.00753807183355093
0.0006408886983990669
0.00827051606029272
-0.0001831110566854477
-0.008026367984712124
0.0007629627361893654
0.009491256438195705
0.0014648884534835815
-0.007293923757970333
-0.00027466658502817154
0.007080294191837311
-0.0010986663401126862
-0.008636738173663616
0.00012207403779029846
0.008636738173663616
0.0004882961511611938
-0.008026367984712124
-3.0518509447574615e-05
0.008880886249244213
0.0019226660951972008
-0.0062257759273052216
0.0005188146606087685
0.007446516305208206
-0.00045777764171361923
-0.00753807183355093
0.0008850367739796638
0.00839259009808302
-0.0004272591322660446
-0.009033478796482086
-0.0009460737928748131
0.0076601458713412285
0.0002441480755805969
-0.008178960531949997
-0.0013122959062457085
0.006195257417857647
-0.0005798516795039177
-0.006714072078466415
0.002136295661330223
0.009247108362615108
-0.00045777764171361923
-0.009735404513776302
-0.0016785180196166039
0.0076601458713412285
0.0010986663401126862
-0.006836146116256714
0.0001831110566854477
0.007782219909131527
0.0010071108117699623
-0.005462813191115856
0.0025940733030438423
0.009277626872062683
-0.00015259254723787308
-0.00878933072090149
-0.0009155552834272385
0.006927701644599438
-0.001037629321217537
-0.00866725668311119
0.00012207403779029846
0.008880886249244213
0.00158696249127388
-0.005706961266696453
0.002868739888072014
0.010956144891679287
0.0022583696991205215
-0.007049775682389736
-0.00030518509447574615
0.007049775682389736
-0.0011291848495602608
-0.009369182400405407
-0.00158696249127388
0.006805627606809139
-0.0001831110566854477
-0.0074159977957606316
0.0006103701889514923
0.00839259009808302
0.00045777764171361923
-0.00753807183355093
0.0
0.0074159977957606316
-0.001037629321217537
-0.009491256438195705
-0.0014954069629311562
0.007782219909131527
0.0016479995101690292
-0.00595110934227705
0.0006103701889514923
0.0076601458713412285
0.0007019257172942162
-0.00595110934227705
0.001831110566854477
0.008880886249244213
0.00079348124563694
-0.006805627606809139
0.0008239997550845146
0.008178960531949997
0.0002136295661330223
-0.0074159977957606316
0.0
0.006805627606809139
-0.0016174810007214546
-0.009002960287034512
-0.00033570360392332077
0.007904293946921825
0.00015259254723787308
-0.007171849720180035
0.001739555038511753
0.010223700664937496
0.001831110566854477
-0.007293923757970333
-0.00027466658502817154
0.0076601458713412285
0.0
-0.008514664135873318
-0.0020142216235399246
0.004974517039954662
-0.002471999265253544
-0.00912503432482481
-0.00027466658502817154
0.008026367984712124
0.0002441480755805969
-0.007812738418579102
9.155552834272385e-05
0.008514664135873318
0.0016785180196166039
-0.005584887228906155
0.0019226660951972008
0.00912503432482481
0.0011291848495602608
-0.006683553569018841
0.0006103701889514923
0.007293923757970333
-0.0017700735479593277
-0.010345774702727795
-0.0023194067180156708
0.006683553569018841
-0.00012207403779029846
-0.00839259009808302
-0.001831110566854477
0.006103701889514923
-6.103701889514923e-05
-0.006836146116256714
0.00030518509447574615
0.007293923757970333
-3.0518509447574615e-05
-0.0074159977957606316
-0.0005798516795039177
0.006195257417857647
-0.0009460737928748131
-0.007293923757970333
0.0007629627361893654
0.007782219909131527
-0.0002441480755805969
-0.0074159977957606316
0.001037629321217537
0.009247108362615108
0.001739555038511753
-0.0060731833800673485
0.0013733329251408577
0.00912503432482481
0.0018005920574069023
-0.00595110934227705
0.0009765923023223877
0.008056886494159698
0.0003662221133708954
-0.007171849720180035
-9.155552834272385e-05
0.006561479531228542
-0.0014648884534835815
-0.008148442022502422
0.0012207403779029846
0.010132145136594772
0.0024109622463583946
-0.0060731833800673485
0.0009155552834272385
0.008514664135873318
0.0009155552834272385
-0.007293923757970333
-0.0005798516795039177
0.006805627606809139
-0.00012207403779029846
-0.007171849720180035
-0.00027466658502817154
0.005584887228906155
-0.0029908139258623123
-0.009369182400405407
0.0007019257172942162
0.009613330475986004
0.0013122959062457085
-0.0074159977957606316
-6.103701889514923e-05
0.007782219909131527
0.00033570360392332077
-0.006836146116256714
0.001739555038511753
0.009491256438195705
0.0008850367739796638
-0.007293923757970333
0.0012512588873505592
0.0099795525893569
0.0018921475857496262
-0.007293923757970333
-0.0004882961511611938
0.007446516305208206
-0.0002441480755805969
-0.00866725668311119
-0.001037629321217537
0.00827051606029272
0.0026551103219389915
-0.005096591077744961
0.0002136295661330223
0.0060731833800673485
-0.0008239997550845146
-0.006561479531228542
0.0014648884534835815
0.00753807183355093
-0.001739555038511753
-0.009735404513776302
-0.0018921475857496262
0.005340739153325558
-0.002929776906967163
-0.010101626627147198
-0.0009155552834272385
0.007782219909131527
-9.155552834272385e-05
-0.008301034569740295
-0.00033570360392332077
0.007904293946921825
0.0002441480755805969
-0.007904293946921825
-0.0006103701889514923
0.006805627606809139
-0.0009155552834272385
-0.007904293946921825
0.0010071108117699623
0.009155552834272385
0.00030518509447574615
-0.008636738173663616
-0.0008545182645320892
0.007782219909131527
0.0002136295661330223
-0.00866725668311119
-0.00198370311409235
0.00595110934227705
-0.0004882961511611938
-0.007171849720180035
0.0005493331700563431
0.0076601458713412285
-0.0002136295661330223
-0.007293923757970333
0.001037629321217537
0.00839259009808302
-0.0004882961511611938
-0.008880886249244213
-0.0005188146606087685
0.008545182645320892
0.0014038514345884323
-0.006683553569018841
0.00079348124563694
0.009491256438195705
0.003265480510890484
-0.0042420728132128716
0.0016785180196166039
0.007049775682389736
-0.0014038514345884323
-0.0076601458713412285
0.0022583696991205215
0.010956144891679287
0.002288888208568096
-0.007293923757970333
-0.0006714072078466415
0.0074159977957606316
0.0007324442267417908
-0.006805627606809139
-0.0002441480755805969
0.0062257759273052216
-0.0016479995101690292
-0.00827051606029272
0.0005188146606087685
0.00827051606029272
-0.00027466658502817154
-0.008758812211453915
-0.0010986663401126862
0.007171849720180035
-6.103701889514923e-05
-0.007782219909131527
-0.0002441480755805969
0.00753807183355093
-0.0002441480755805969
-0.008758812211453915
-0.0022583696991205215
0.005096591077744961
-0.0013122959062457085
-0.006927701644599438
0.0019226660951972008
0.009247108362615108
0.0006714072078466415
-0.007171849720180035
0.0010681478306651115
0.008880886249244213
0.0004272591322660446
-0.008148442022502422
-0.0005188146606087685
0.007782219909131527
0.0002441480755805969
-0.008148442022502422
-0.0009765923023223877
0.0074159977957606316
0.0009765923023223877
-0.006439405493438244
0.0004882961511611938
0.007904293946921825
0.0010986663401126862
-0.0058290353044867516
0.0013122959062457085
0.0079348124563694
-0.00015259254723787308
-0.00753807183355093
0.0002136295661330223
0.007782219909131527
0.00039674062281847
-0.006805627606809139
0.0007629627361893654
0.007782219909131527
-0.00030518509447574615
-0.007782219909131527
0.0003662221133708954
0.00839259009808302
0.00079348124563694
-0.007049775682389736
0.0002441480755805969
0.0074159977957606316
-0.00079348124563694
-0.008880886249244213
-0.00119022186845541
0.006927701644599438
-0.0003662221133708954
-0.00827051606029272
-0.0011597033590078354
0.006591998040676117
-0.00033570360392332077
-0.007293923757970333
0.00039674062281847
0.007904293946921825
0.00045777764171361923
-0.006927701644599438
0.00045777764171361923
0.007568590342998505
-0.0002441480755805969
-0.007171849720180035
0.00158696249127388
0.0099795525893569
0.0021973326802253723
-0.006317331455647945
0.0005493331700563431
0.008148442022502422
0.0006714072078466415
-0.007568590342998505
-0.0007629627361893654
0.006927701644599438
0.00027466658502817154
-0.007202368229627609
-0.0006408886983990669
0.006317331455647945
-0.00015259254723787308
-0.0060731833800673485
0.0018005920574069023
0.00839259009808302
6.103701889514923e-05
-0.0074159977957606316
0.0004882961511611938
0.008148442022502422
0.0006408886983990669
-0.006805627606809139
0.00079348124563694
0.00839259009808302
0.0009155552834272385
-0.006683553569018841
0.0005493331700563431
0.0076601458713412285
0.0
-0.007171849720180035
0.0009765923023223877
0.009002960287034512
0.0015564439818263054
-0.006195257417857647
0.00119022186845541
0.008880886249244213
0.0016785180196166039
-0.005706961266696453
0.0014038514345884323
0.007904293946921825
-0.0006408886983990669
-0.00839259009808302
-0.00030518509447574615
0.007782219909131527
0.00045777764171361923
-0.006805627606809139
0.0012207403779029846
0.008880886249244213
0.00039674062281847
-0.008880886249244213
-0.0026551103219389915
0.004852443002164364
-0.0017090365290641785
-0.008301034569740295
-0.00027466658502817154
0.007293923757970333
-0.0002136295661330223
-0.0076601458713412285
-9.155552834272385e-05
0.007293923757970333
-0.0006408886983990669
-0.008636738173663616
-0.0012207403779029846
0.006805627606809139
-6.103701889514923e-05
-0.0076601458713412285
-0.0011291848495602608
0.005462813191115856
-0.0016785180196166039
-0.00753807183355093
0.0014648884534835815
0.009033478796482086
0.0
-0.00912503432482481
-0.0021057771518826485
0.0060731833800673485
-0.0007019257172942162
-0.008301034569740295
-0.0009460737928748131
0.007293923757970333
0.0012207403779029846
-0.005584887228906155
0.001342814415693283
0.00827051606029272
0.0015259254723787308
-0.004608294926583767
0.0028992583975195885
0.008514664135873318
-0.0009155552834272385
-0.00839259009808302
0.0007629627361893654
0.009369182400405407
0.0011597033590078354
-0.007904293946921825
-0.0011597033590078354
0.006805627606809139
0.0001831110566854477
-0.006683553569018841
0.0010681478306651115
0.00827051606029272
-0.00012207403779029846
-0.008514664135873318
-0.0009765923023223877
0.00753807183355093
0.0009460737928748131
-0.006561479531228542
0.0005798516795039177
0.00839259009808302
0.0015564439818263054
-0.006317331455647945
-0.00027466658502817154
0.006439405493438244
-0.00015259254723787308
-0.006317331455647945
0.0011291848495602608
0.00753807183355093
-0.00039674062281847
-0.007293923757970333
0.0007019257172942162
0.007782219909131527
-0.0005188146606087685
-0.00839259009808302
-0.0010986663401126862
0.005706961266696453
-0.002624591812491417
-0.0099795525893569
-0.0011291848495602608
0.0076601458713412285
0.0004882961511611938
-0.006927701644599438
0.0014038514345884323
0.0099795525893569
0.00238044373691082
-0.006683553569018841
-0.0008239997550845146
0.0064699240028858185
-0.00012207403779029846
-0.006805627606809139
0.0002441480755805969
0.006439405493438244
-0.0018005920574069023
-0.008758812211453915
-0.00027466658502817154
0.007171849720180035
-0.0015564439818263054
-0.0098574785515666
-0.00158696249127388
0.00753807183355093
0.0011597033590078354
-0.006195257417857647
0.00079348124563694
0.00753807183355093
-0.0004272591322660446
-0.00753807183355093
0.0010071108117699623
0.009033478796482086
0.0005493331700563431
-0.00839259009808302
-0.001434369944036007
0.006683553569018841
-3.0518509447574615e-05
-0.0074159977957606316
-0.0002441480755805969
0.007049775682389736
-0.00045777764171361923
-0.007904293946921825
-0.00015259254723787308
0.007904293946921825
0.0008545182645320892
-0.006927701644599438
-0.0002136295661330223
0.007171849720180035
0.0007629627361893654
-0.005462813191115856
0.0021668141707777977
0.008636738173663616
3.0518509447574615e-05
-0.008148442022502422
-0.001342814415693283
0.005340739153325558
-0.002471999265253544
-0.009247108362615108
-0.0004272591322660446
0.007904293946921825
0.00045777764171361923
-0.007171849720180035
0.00027466658502817154
0.0074159977957606316
-0.0006714072078466415
-0.008148442022502422
0.00030518509447574615
0.008636738173663616
0.0009155552834272385
-0.007171849720180035
0.0005798516795039177
0.00912503432482481
0.0023194067180156708
-0.005584887228906155
0.0006408886983990669
0.006805627606809139
-0.0011291848495602608
-0.0076601458713412285
0.001434369944036007
0.009491256438195705
0.0009765923023223877
-0.007782219909131527
-0.0005493331700563431
0.007171849720180035
-0.0007019257172942162
-0.008880886249244213
-0.0013122959062457085
0.007049775682389736
0.0002441480755805969
-0.007293923757970333
-0.0002136295661330223
0.007049775682389736
-0.0004272591322660446
-0.008056886494159698
-0.0009460737928748131
0.00595110934227705
-0.0016174810007214546
-0.00827051606029272
0.0004272591322660446
0.00839259009808302
0.0003662221133708954
-0.0076601458713412285
-3.0518509447574615e-05
0.0076601458713412285
-3.0518509447574615e-05
-0.007690664380788803
0.0002441480755805969
0.008148442022502422
0.0005493331700563431
-0.007171849720180035
0.0005188146606087685
0.00827051606029272
0.0005798516795039177
-0.007171849720180035
0.0003662221133708954
0.007782219909131527
3.0518509447574615e-05
-0.007171849720180035
0.0014038514345884323
0.009613330475986004
0.0015564439818263054
-0.006927701644599438
0.0002441480755805969
0.007782219909131527
0.00015259254723787308
-0.007293923757970333
0.0005188146606087685
0.007782219909131527
-0.0007019257172942162
-0.008636738173663616
-0.0002441480755805969
0.008301034569740295
0.0006103701889514923
-0.0074159977957606316
0.00027466658502817154
0.008148442022502422
0.0002136295661330223
-0.008148442022502422
-0.0010681478306651115
0.006317331455647945
-0.0014954069629311562
-0.009247108362615108
-0.0014038514345884323
0.006805627606809139
-3.0518509447574615e-05
-0.006927701644599438
0.0008545182645320892
0.0076601458713412285
-0.001342814415693283
-0.009491256438195705
-0.0007019257172942162
0.008758812211453915
0.0018921475857496262
-0.006439405493438244
0.0004272591322660446
0.00839259009808302
0.0013733329251408577
-0.007049775682389736
-0.0015564439818263054
0.004852443002164364
-0.001434369944036007
-0.0064699240028858185
0.0024109622463583946
0.008758812211453915
-0.0009460737928748131
-0.009369182400405407
-0.0010986663401126862
0.007171849720180035
-0.0007629627361893654
-0.00912503432482481
-0.0015564439818263054
0.006927701644599438
0.0002441480755805969
-0.006927701644599438
0.00079348124563694
0.00839259009808302
0.0006714072078466415
-0.007293923757970333
-0.0001831110566854477
0.007171849720180035
-0.00027466658502817154
-0.007568590342998505
0.0002441480755805969
0.00753807183355093
-0.0005798516795039177
-0.00839259009808302
-0.0004882961511611938
0.0076601458713412285
0.0006714072078466415
-0.006317331455647945
0.0014038514345884323
0.008148442022502422
-0.0008850367739796638
-0.009247108362615108
-0.0009155552834272385
0.007904293946921825
0.00030518509447574615
-0.008636738173663616
-0.0018921475857496262
0.006927701644599438
0.0016785180196166039
-0.004852443002164364
0.0016479995101690292
0.00753807183355093
-0.0005188146606087685
-0.00753807183355093
3.0518509447574615e-05
0.006317331455647945
-0.002685628831386566
-0.010345774702727795
-0.0015259254723787308
0.0074159977957606316
0.0004272591322660446
-0.007171849720180035
0.0005188146606087685
0.008514664135873318
0.0009765923023223877
-0.0074159977957606316
-0.0009155552834272385
0.006317331455647945
-0.0007019257172942162
-0.007690664380788803
9.155552834272385e-05
0.00753807183355093
-0.00039674062281847
-0.008758812211453915
-0.0017090365290641785
0.006805627606809139
0.0012207403779029846
-0.005706961266696453
-6.103701889514923e-05
0.004974517039954662
-0.003265480510890484
-0.009613330475986004
-0.0006408886983990669
0.007782219909131527
0.00119022186845541
-0.005249183624982834
0.0028382213786244392
0.009613330475986004
0.0007629627361893654
-0.00753807183355093
0.0
0.00753807183355093
-0.0005188146606087685
-0.008636738173663616
-0.0010071108117699623
0.007293923757970333
0.0005188146606087685
-0.006683553569018841
0.0006408886983990669
0.0074159977957606316
-0.0009460737928748131
-0.008514664135873318
0.0
0.008758812211453915
0.001739555038511753
-0.0060731833800673485
0.001037629321217537
0.00839259009808302
0.0010681478306651115
-0.00595110934227705
0.0019531846046447754
0.00912503432482481
0.0006103701889514923
-0.00753807183355093
0.0001831110566854477
0.007904293946921825
-0.0002441480755805969
-0.008758812211453915
-0.0017700735479593277
0.00595110934227705
-0.0004882961511611938
-0.0060731833800673485
0.0030518509447574615
0.0099795525893569
0.00012207403779029846
-0.008514664135873318
0.00045777764171361923
0.009613330475986004
0.0013733329251408577
-0.00827051606029272
-0.0016174810007214546
0.006805627606809139
0.0003662221133708954
-0.006805627606809139
0.0006103701889514923
0.007904293946921825
9.155552834272385e-05
-0.00753807183355093
6.103701889514923e-05
0.007293923757970333
-0.0009155552834272385
-0.008514664135873318
6.103701889514923e-05
0.008514664135873318
0.0005493331700563431
-0.00827051606029272
-0.0016785180196166039
0.005706961266696453
-0.0016174810007214546
-0.008880886249244213
-0.0009460737928748131
0.006927701644599438
-0.0003662221133708954
-0.0074159977957606316
0.00079348124563694
0.008514664135873318
0.0002441480755805969
-0.00839259009808302
-0.001342814415693283
0.006683553569018841
-6.103701889514923e-05
-0.0074159977957606316
-0.0006408886983990669
0.005584887228906155
-0.0029908139258623123
-0.010467848740518093
-0.001342814415693283
0.008636738173663616
0.0028992583975195885
-0.0044862208887934685
0.002136295661330223
0.009369182400405407
0.0025940733030438423
-0.0044862208887934685
0.0021057771518826485
0.007904293946921825
-0.0007324442267417908
-0.00827051606029272
-0.0002136295661330223
0.007904293946921825
0.0007629627361893654
-0.006927701644599438
0.0
0.007293923757970333
0.00033570360392332077
-0.006683553569018841
0.0002441480755805969
0.006439405493438244
-0.00158696249127388
-0.008026367984712124
0.0009765923023223877
0.008636738173663616
-9.155552834272385e-05
-0.008514664135873318
-0.0007019257172942162
0.00753807183355093
0.00039674062281847
-0.006683553569018841
0.0015259254723787308
0.009002960287034512
0.0001831110566854477
-0.008514664135873318
-0.00045777764171361923
0.008636738173663616
0.0016785180196166039
-0.006805627606809139
-0.00033570360392332077
0.007293923757970333
0.0004272591322660446
-0.007293923757970333
-0.0008545182645320892
0.00595110934227705
-0.0009765923023223877
-0.007171849720180035
0.0011597033590078354
0.008758812211453915
0.0012207403779029846
-0.0060731833800673485
0.001342814415693283
0.007782219909131527
-0.0014038514345884323
-0.0099795525893569
-0.0022583696991205215
0.006317331455647945
-9.155552834272385e-05
-0.006927701644599438
0.0007324442267417908
0.007904293946921825
0.0
-0.007293923757970333
0.0010681478306651115
0.00912503432482481
0.0010681478306651115
-0.00753807183355093
-0.0006408886983990669
0.007049775682389736
0.0001831110566854477
-0.006683553569018841
0.0009155552834272385
0.0074159977957606316
-0.0016479995101690292
-0.0098574785515666
-0.0017090365290641785
0.006805627606809139
-9.155552834272385e-05
-0.006927701644599438
0.0015259254723787308
0.009247108362615108
0.0007019257172942162
-0.007904293946921825
-0.0005188146606087685
0.006927701644599438
-0.0017090365290641785
-0.010467848740518093
-0.002624591812491417
0.006805627606809139
0.0012817773967981339
-0.005340739153325558
0.001831110566854477
0.00827051606029272
-0.00030518509447574615
-0.008148442022502422
-0.00033570360392332077
0.007171849720180035
-0.0008239997550845146
-0.00839259009808302
-0.00012207403779029846
0.007904293946921825
-0.00039674062281847
-0.009247108362615108
-0.0019226660951972008
0.007049775682389736
0.0013122959062457085
-0.005584887228906155
0.0014954069629311562
0.008514664135873318
0.0007324442267417908
-0.007293923757970333
-0.0007324442267417908
0.006195257417857647
-0.0006714072078466415
-0.006805627606809139
0.0012817773967981339
0.007782219909131527
-0.0011597033590078354
-0.009002960287034512
-0.0009460737928748131
0.006561479531228542
-0.00158696249127388
-0.008880886249244213
6.103701889514923e-05
0.00839259009808302
0.0
-0.008514664135873318
-0.0004272591322660446
0.008239997550845146
0.0006714072078466415
-0.008148442022502422
-0.0014038514345884323
0.006439405493438244
-0.0007019257172942162
-0.00839259009808302
-0.0011291848495602608
0.006561479531228542
-0.0002441480755805969
-0.006927701644599438
0.0008239997550845146
0.00753807183355093
-0.0010986663401126862
-0.008636738173663616
0.00015259254723787308
0.008880886249244213
0.001434369944036007
-0.006561479531228542
0.0009155552834272385
0.008636738173663616
0.0009765923023223877
-0.006805627606809139
0.0005798516795039177
0.0076601458713412285
-0.0006408886983990669
-0.00827051606029272
0.0001831110566854477
0.00839259009808302
0.00039674062281847
-0.007782219909131527
0.0002136295661330223
0.009002960287034512
0.0021057771518826485
-0.00595110934227705
0.00045777764171361923
0.006927701644599438
-0.0009460737928748131
-0.0076601458713412285
0.0012207403779029846
0.00912503432482481
0.0005798516795039177
-0.007904293946921825
0.0
0.008636738173663616
0.001342814415693283
-0.007293923757970333
-0.0010681478306651115
0.00595110934227705
-0.0014038514345884323
-0.008636738173663616
-0.0009155552834272385
0.006805627606809139
-0.00045777764171361923
-0.007782219909131527
-0.0001831110566854477
0.0074159977957606316
0.0002136295661330223
-0.006683553569018841
0.0012817773967981339
0.008636738173663616
0.00039674062281847
-0.007782219909131527
-0.00027466658502817154
0.007782219909131527
0.0009155552834272385
-0.006195257417857647
0.0014648884534835815
0.009002960287034512
0.0014038514345884323
-0.006195257417857647
0.0015259254723787308
0.009613330475986004
0.0026551103219389915
-0.004852443002164364
0.002136295661330223
0.009002960287034512
0.0007019257172942162
-0.008026367984712124
-0.0017700735479593277
0.005706961266696453
-0.0002441480755805969
-0.0060731833800673485
0.0014648884534835815
0.0074159977957606316
-0.0011597033590078354
-0.007782219909131527
0.0014038514345884323
0.009247108362615108
0.0004882961511611938
-0.008026367984712124
-6.103701889514923e-05
0.00827051606029272
0.0006408886983990669
-0.0074159977957606316
-3.0518509447574615e-05
0.0074159977957606316
-0.0006408886983990669
-0.008636738173663616
-0.0008850367739796638
0.007049775682389736
-0.0005188146606087685
-0.008026367984712124
6.103701889514923e-05
0.007904293946921825
-0.0002441480755805969
-0.008636738173663616
-0.001342814415693283
0.006195257417857647
-0.0016479995101690292
-0.00912503432482481
-0.0006103701889514923
0.007904293946921825
0.0001831110566854477
-0.00839259009808302
-0.0013733329251408577
0.006653035059571266
0.00015259254723787308
-0.006683553569018841
0.0010681478306651115
0.00839259009808302
0.0006103701889514923
-0.006927701644599438
0.00045777764171361923
0.007171849720180035
-0.0013122959062457085
-0.00839259009808302
0.0011597033590078354
0.010345774702727795
0.002288888208568096
-0.0074159977957606316
-0.0015564439818263054
0.00595110934227705
-0.00045777764171361923
-0.006927701644599438
0.0007629627361893654
0.007385479286313057
-0.0012817773967981339
-0.009247108362615108
-0.0012512588873505592
0.006683553569018841
-0.0010986663401126862
-0.008880886249244213
-0.0008239997550845146
0.007782219909131527
0.0011291848495602608
-0.006195257417857647
0.0008545182645320892
0.007293923757970333
-0.0013733329251408577
-0.009002960287034512
-0.0002136295661330223
0.008758812211453915
0.0013733329251408577
-0.007293923757970333
-0.0009155552834272385
0.006317331455647945
-0.0008545182645320892
-0.008026367984712124
-0.00045777764171361923
0.006927701644599438
-0.0006103701889514923
-0.007904293946921825
0.0
0.007904293946921825
0.0005798516795039177
-0.006927701644599438
0.0006408886983990669
0.00827051606029272
0.0006103701889514923
-0.0076601458713412285
-0.0013733329251408577
0.005462813191115856
-0.0011291848495602608
-0.006561479531228542
0.0022583696991205215
0.008880886249244213
-0.0006714072078466415
-0.008880886249244213
-0.00030518509447574615
0.007904293946921825
-0.0006408886983990669
-0.009369182400405407
-0.0012512588873505592
0.008148442022502422
0.001831110566854477
-0.0058290353044867516
0.001037629321217537
0.008026367984712124
0.0001831110566854477
-0.0074159977957606316
0.0001831110566854477
0.00753807183355093
-0.0004272591322660446
-0.008026367984712124
3.0518509447574615e-05
0.0076601458713412285
-0.0010681478306651115
-0.010223700664937496
-0.0029602954164147377
0.0060731833800673485
0.0002136295661330223
-0.007049775682389736
-0.00039674062281847
0.006683553569018841
-0.00012207403779029846
-0.006683553569018841
0.0007629627361893654
0.007293923757970333
-0.0007324442267417908
-0.0074159977957606316
0.0016174810007214546
0.0099795525893569
0.002136295661330223
-0.006317331455647945
0.00030518509447574615
0.006927701644599438
-0.0017090365290641785
-0.010223700664937496
-0.0028382213786244392
0.005706961266696453
-0.00033570360392332077
-0.007171849720180035
-0.0003662221133708954
0.005706961266696453
-0.0025940733030438423
-0.009369182400405407
-0.0002136295661330223
0.008239997550845146
0.0006103701889514923
-0.007293923757970333
0.00030518509447574615
0.008026367984712124
0.0006408886983990669
-0.006317331455647945
0.001831110566854477
0.008636738173663616
-0.0009460737928748131
-0.009735404513776302
-0.001434369944036007
0.007293923757970333
-0.00045777764171361923
-0.008880886249244213
-0.00119022186845541
0.007293923757970333
0.0002136295661330223
-0.0074159977957606316
0.0001831110566854477
0.007904293946921825
0.0001831110566854477
-0.007782219909131527
-0.0004882961511611938
0.006927701644599438
-0.0005798516795039177
-0.007293923757970333
0.0017090365290641785
0.0099795525893569
0.0016174810007214546
-0.007293923757970333
0.0
0.008514664135873318
0.0018005920574069023
-0.0058290353044867516
0.001434369944036007
0.009247108362615108
0.0020142216235399246
-0.00595110934227705
0.0008545182645320892
0.008514664135873318
0.0019226660951972008
-0.005462813191115856
0.0006103701889514923
0.006561479531228542
-0.0008850367739796638
-0.007049775682389736
0.0013733329251408577
0.008636738173663616
0.00045777764171361923
-0.007293923757970333
0.0003662221133708954
0.007904293946921825
6.103701889514923e-05
-0.008026367984712124
-0.0008850367739796638
0.006775109097361565
-0.00015259254723787308
-0.00753807183355093
-0.0005798516795039177
0.006195257417857647
-0.0014954069629311562
-0.008514664135873318
-0.0005798516795039177
0.006683553569018841
-0.0014954069629311562
-0.009369182400405407
-0.0015564439818263054
0.006561479531228542
-0.0004882961511611938
-0.007782219909131527
-0.00033570360392332077
0.006927701644599438
-0.0007019257172942162
-0.007782219909131527
0.0007019257172942162
0.008880886249244213
0.0010681478306651115
-0.007171849720180035
0.00027466658502817154
0.008636738173663616
0.0017090365290641785
-0.006561479531228542
-0.0004882961511611938
0.006286812946200371
-0.0009155552834272385
-0.008514664135873318
-0.001831110566854477
0.005462813191115856
-0.0007019257172942162
-0.006561479531228542
0.0009155552834272385
0.006805627606809139
-0.0017090365290641785
-0.00827051606029272
0.0007324442267417908
0.008148442022502422
-0.0009460737928748131
-0.009491256438195705
-0.0014038514345884323
0.006927701644599438
-0.0008850367739796638
-0.009002960287034512
-0.0009765923023223877
0.007904293946921825
0.001037629321217537
-0.007171849720180035
-0.0007324442267417908
0.006439405493438244
-0.0004882961511611938
-0.007049775682389736
0.0012207403779029846
0.009002960287034512
0.0010681478306651115
-0.007293923757970333
-0.00027466658502817154
0.0076601458713412285
0.001037629321217537
-0.006439405493438244
-0.0006714072078466415
0.0042420728132128716
-0.004394665360450745
-0.010193182155489922
0.00033570360392332077
0.009735404513776302
0.0021057771518826485
-0.0060731833800673485
0.001342814415693283
0.008636738173663616
0.0
-0.008636738173663616
-0.0009765923023223877
0.007385479286313057
0.00015259254723787308
-0.008148442022502422
-0.0015564439818263054
0.0054322946816682816
-0.002075258642435074
-0.009247108362615108
-0.0010071108117699623
0.007171849720180035
-0.0002441480755805969
-0.008148442022502422
-0.0010071108117699623
0.006561479531228542
-0.00030518509447574615
-0.006805627606809139
0.0013733329251408577
0.008514664135873318
-0.0004272591322660446
-0.009491256438195705
-0.002288888208568096
0.006439405493438244
0.00027466658502817154
-0.007171849720180035
-0.0005798516795039177
0.006561479531228542
-0.00033570360392332077
-0.0074159977957606316
-0.00015259254723787308
0.0074159977957606316
0.0009155552834272385
-0.0058290353044867516
0.0009460737928748131
0.0070192571729421616
-0.0007324442267417908
-0.0074159977957606316
0.0003662221133708954
0.006653035059571266
-0.002136295661330223
-0.009613330475986004
-0.0010071108117699623
0.007171849720180035
-0.0003662221133708954
-0.0074159977957606316
0.0012817773967981339
0.00912503432482481
0.00015259254723787308
-0.00912503432482481
-0.0016785180196166039
0.007293923757970333
0.0011291848495602608
-0.00595110934227705
0.0011291848495602608
0.0074159977957606316
-0.0015259254723787308
-0.009338663890957832
-0.0009155552834272385
0.0074159977957606316
-0.0004272591322660446
-0.008239997550845146
6.103701889514923e-05
0.008758812211453915
0.0012817773967981339
-0.007171849720180035
-0.00039674062281847
0.007171849720180035
0.00030518509447574615
-0.006195257417857647
0.002471999265253544
0.010589922778308392
0.002685628831386566
-0.0058290353044867516
0.0005798516795039177
0.006805627606809139
-0.00198370311409235
-0.009735404513776302
-0.001037629321217537
0.007751701399683952
6.103701889514923e-05
-0.009247108362615108
-0.0030518509447574615
0.005066072568297386
-0.0007019257172942162
-0.00753807183355093
-0.0006408886983990669
0.006683553569018841
0.0003662221133708954
-0.0058290353044867516
0.0016174810007214546
0.00827051606029272
0.0007019257172942162
-0.005920590832829475
0.0018921475857496262
0.008514664135873318
-0.00027466658502817154
-0.00827051606029272
-0.0002441480755805969
0.008026367984712124
0.0006408886983990669
-0.00753807183355093
-0.0009155552834272385
0.006195257417857647
-0.00119022186845541
-0.008636738173663616
-0.0014038514345884323
0.00595110934227705
-0.0008850367739796638
-0.006927701644599438
0.001831110566854477
0.009491256438195705
0.0011597033590078354
-0.007293923757970333
-0.0001831110566854477
0.0074159977957606316
0.00012207403779029846
-0.007293923757970333
-3.0518509447574615e-05
0.006683553569018841
-0.001831110566854477
-0.009338663890957832
-0.00030518509447574615
0.009338663890957832
0.0027161473408341408
-0.006195257417857647
-0.0013733329251408577
0.0039674062281847
-0.003662221133708954
-0.009613330475986004
-0.0004272591322660446
0.0074159977957606316
-0.00079348124563694
-0.008606219664216042
-0.0007629627361893654
0.007049775682389736
-0.0006103701889514923
-0.00787377543747425
0.0002441480755805969
0.0076601458713412285
-0.0010681478306651115
-0.009216589853167534
-0.00079348124563694
0.008026367984712124
0.0003662221133708954
-0.00799584947526455
-6.103701889514923e-05
0.00946073792874813
0.0035096285864710808
-0.004730368964374065
0.0006408886983990669
0.006561479531228542
-0.0013733329251408577
-0.008880886249244213
-0.0011597033590078354
0.0074159977957606316
0.0016479995101690292
-0.005096591077744961
0.0010071108117699623
0.006195257417857647
-0.0023194067180156708
-0.00912503432482481
-0.0005798516795039177
0.0070192571729421616
-0.0009155552834272385
-0.008514664135873318
-0.0002441480755805969
0.00839259009808302
0.0014648884534835815
-0.006561479531228542
-0.0004882961511611938
0.00555436871945858
-0.0021668141707777977
-0.008636738173663616
3.0518509447574615e-05
0.0076601458713412285
-0.0002441480755805969
-0.007171849720180035
0.002075258642435074
0.010589922778308392
0.0018005920574069023
-0.008117923513054848
-0.001739555038511753
0.006927701644599438
0.0010681478306651115
-0.006195257417857647
0.0005188146606087685
0.007904293946921825
0.001342814415693283
-0.005584887228906155
0.0010986663401126862
0.007293923757970333
-0.0007324442267417908
-0.008026367984712124
-0.00045777764171361923
0.006805627606809139
-0.0006408886983990669
-0.007782219909131527
-0.0005493331700563431
0.00595110934227705
-0.001739555038511753
-0.0074159977957606316
0.0024109622463583946
0.0098574785515666
-0.00012207403779029846
-0.009369182400405407
-0.001037629321217537
0.007904293946921825
-0.00012207403779029846
-0.009491256438195705
-0.0028382213786244392
0.005340739153325558
-0.00119022186845541
-0.00799584947526455
0.0
0.007782219909131527
-6.103701889514923e-05
-0.008026367984712124
-0.0005798516795039177
0.006927701644599438
-0.0008239997550845146
-0.008239997550845146
-6.103701889514923e-05
0.00827051606029272
0.0009460737928748131
-0.006805627606809139
0.0004272591322660446
0.00753807183355093
-0.00033570360392332077
-0.00753807183355093
0.0008850367739796638
0.008636738173663616
9.155552834272385e-05
-0.008362071588635445
-0.00045777764171361923
0.008514664135873318
0.00198370311409235
-0.005584887228906155
0.0014038514345884323
0.00839259009808302
0.0004882961511611938
-0.007049775682389736
0.0008239997550845146
0.008514664135873318
0.00039674062281847
-0.008148442022502422
-0.00119022186845541
0.006561479531228542
-0.00039674062281847
-0.00753807183355093
0.00027466658502817154
0.008239997550845146
0.0012512588873505592
-0.006439405493438244
0.0002136295661330223
0.007049775682389736
-3.0518509447574615e-05
-0.006195257417857647
0.002533036284148693
0.010345774702727795
0.002288888208568096
-0.0060731833800673485
0.0006103701889514923
0.0074159977957606316
-0.0005188146606087685
-0.00787377543747425
-3.0518509447574615e-05
0.0076601458713412285
0.0002136295661330223
-0.006805627606809139
0.001342814415693283
0.008514664135873318
-0.00027466658502817154
-0.008514664135873318
-0.0004272591322660446
0.007751701399683952
6.103701889514923e-05
-0.007904293946921825
3.0518509447574615e-05
0.00827051606029272
0.0006408886983990669
-0.00753807183355093
-0.00033570360392332077
0.007171849720180035
-0.0005493331700563431
-0.00827051606029272
-0.0005493331700563431
0.007293923757970333
-0.00027466658502817154
-0.008026367984712124
-0.00039674062281847
0.0074159977957606316
3.0518509447574615e-05
-0.0074159977957606316
0.0
0.006897183135151863
-0.001037629321217537
-0.007904293946921825
0.0009460737928748131
0.008636738173663616
-0.00015259254723787308
-0.008514664135873318
-0.0003662221133708954
0.0076601458713412285
-0.0008850367739796638
-0.009338663890957832
-0.0005798516795039177
0.0098574785515666
0.003906369209289551
-0.004730368964374065
0.0005798516795039177
0.006927701644599438
-0.00039674062281847
-0.00753807183355093
-0.0002441480755805969
0.006927701644599438
-0.00027466658502817154
-0.007049775682389736
0.0004272591322660446
0.006439405493438244
-0.0029602954164147377
-0.010834070853888988
-0.0015259254723787308
0.008362071588635445
0.0019226660951972008
-0.006317331455647945
0.00012207403779029846
0.00753807183355093
0.0008239997550845146
-0.006195257417857647
0.0008545182645320892
0.0076601458713412285
0.00015259254723787308
-0.006683553569018841
0.001342814415693283
0.008514664135873318
0.00012207403779029846
-0.007782219909131527
0.00045777764171361923
0.009338663890957832
0.0028077028691768646
-0.005096591077744961
0.001037629321217537
0.007293923757970333
-0.0005188146606087685
-0.007782219909131527
-0.0007324442267417908
0.005340739153325558
-0.002868739888072014
-0.008636738173663616
0.0018005920574069023
0.010345774702727795
0.00119022186845541
-0.008026367984712124
-9.155552834272385e-05
0.008636738173663616
0.0010071108117699623
-0.007507553324103355
-0.0005493331700563431
0.007049775682389736
-0.0006408886983990669
-0.00827051606029272
-0.0002136295661330223
0.007782219909131527
-0.0002441480755805969
-0.008636738173663616
-0.001037629321217537
0.007385479286313057
0.0006714072078466415
-0.006683553569018841
0.001037629321217537
0.00912503432482481
0.0021973326802253723
-0.005218665115535259
0.0016479995101690292
0.008026367984712124
-0.00045777764171361923
-0.008148442022502422
-0.0002441480755805969
0.0074159977957606316
-0.0003662221133708954
-0.008026367984712124
-0.00045777764171361923
0.006561479531228542
-0.0020447401329874992
-0.0099795525893569
-0.001342814415693283
0.00787377543747425
0.0014648884534835815
-0.0058290353044867516
0.0016174810007214546
0.008758812211453915
0.0005188146606087685
-0.007507553324103355
-0.00027466658502817154
0.006653035059571266
-0.0018616290763020515
-0.0098574785515666
-0.0013733329251408577
0.007782219909131527
0.0011291848495602608
-0.006561479531228542
0.00039674062281847
0.007293923757970333
-0.00079348124563694
-0.008484145626425743
-0.0008545182645320892
0.006805627606809139
-0.0006714072078466415
-0.007629627361893654
0.00079348124563694
0.008758812211453915
0.0006714072078466415
-0.00753807183355093
3.0518509447574615e-05
0.007751701399683952
-9.155552834272385e-05
-0.00839259009808302
-0.0012817773967981339
0.006317331455647945
-0.0008545182645320892
-0.0076601458713412285
0.0006103701889514923
0.008117923513054848
0.00030518509447574615
-0.006683553569018841
0.002288888208568096
0.010345774702727795
0.0015259254723787308
-0.007507553324103355
-0.0002441480755805969
0.007904293946921825
0.0006103701889514923
-0.006805627606809139
0.0013733329251408577
0.009491256438195705
0.0014038514345884323
-0.0074159977957606316
-0.00030518509447574615
0.008026367984712124
0.0009155552834272385
-0.007904293946921825
-0.00238044373691082
0.004608294926583767
-0.0014648884534835815
-0.007171849720180035
0.0011597033590078354
0.00872829370200634
0.0012207403779029846
-0.006897183135151863
-0.0009155552834272385
0.005584887228906155
-0.0012207403779029846
-0.007171849720180035
0.0006103701889514923
0.006439405493438244
-0.003021332435309887
-0.010834070853888988
-0.0018921475857496262
0.0074159977957606316
0.0009155552834272385
-0.006561479531228542
0.00027466658502817154
0.006683553569018841
-0.0016785180196166039
-0.008850367739796638
-0.0002136295661330223
0.008026367984712124
0.00012207403779029846
-0.008026367984712124
-0.0005493331700563431
0.007049775682389736
-0.0009155552834272385
-0.008636738173663616
0.0
0.009369182400405407
0.0026551103219389915
-0.0058290353044867516
0.00015259254723787308
0.007049775682389736
-9.155552834272385e-05
-0.00714133121073246
0.00030518509447574615
0.007751701399683952
0.0005493331700563431
-0.006897183135151863
-0.0001831110566854477
0.006286812946200371
-0.0013122959062457085
-0.007751701399683952
0.001037629321217537
0.00912503432482481
0.0012207403779029846
-0.007049775682389736
-6.103701889514923e-05
0.0072634052485227585
-0.0002136295661330223
-0.007904293946921825
-0.0005493331700563431
0.007171849720180035
0.00015259254723787308
-0.007171849720180035
-0.0002136295661330223
0.006439405493438244
-0.0012512588873505592
-0.008026367984712124
-9.155552834272385e-05
0.006195257417857647
-0.003326517529785633
-0.011200292967259884
-0.00158696249127388
0.008514664135873318
0.0017700735479593277
-0.006653035059571266
-0.0004272591322660446
0.0060731833800673485
-0.0025940733030438423
-0.010925626382231712
-0.003021332435309887
0.006164738908410072
0.0003662221133708954
-0.006683553569018841
0.0001831110566854477
0.006927701644599438
-0.0005798516795039177
-0.007293923757970333
0.0009460737928748131
0.00839259009808302
0.0002441480755805969
-0.0076601458713412285
6.103701889514923e-05
0.007782219909131527
-9.155552834272385e-05
-0.008239997550845146
-0.0011291848495602608
0.006683553569018841
-0.00030518509447574615
-0.00753807183355093
0.0
0.00753807183355093
0.0002136295661330223
-0.0070192571729421616
0.0003662221133708954
0.0072634052485227585
-0.0010071108117699623
-0.009002960287034512
-0.0010986663401126862
0.007507553324103355
0.0011291848495602608
-0.006164738908410072
0.00039674062281847
0.006561479531228542
-0.0019226660951972008
-0.009613330475986004
-0.0015259254723787308
0.006927701644599438
-6.103701889514923e-05
-0.00787377543747425
-0.0010071108117699623
0.006927701644599438
0.0009155552834272385
-0.0054322946816682816
0.0015259254723787308
0.00753807183355093
-0.0008850367739796638
-0.00799584947526455
0.00027466658502817154
0.008148442022502422
0.00033570360392332077
-0.007782219909131527
-0.0008545182645320892
0.006317331455647945
-0.0008545182645320892
-0.007293923757970333
0.00119022186845541
0.00872829370200634
0.0009765923023223877
-0.0060731833800673485
0.0022583696991205215
0.00912503432482481
-0.00079348124563694
-0.0099795525893569
-0.0012207403779029846
0.00912503432482481
0.002868739888072014
-0.0060731833800673485
-0.0009155552834272385
0.005462813191115856
-0.0015259254723787308
-0.008026367984712124
-0.00030518509447574615
0.006164738908410072
-0.0028382213786244392
-0.011322367005050182
-0.0036011841148138046
0.004974517039954662
-0.00119022186845541
-0.00753807183355093
0.0007324442267417908
0.008362071588635445
0.0003662221133708954
-0.008026367984712124
-0.0009765923023223877
0.007049775682389736
0.0007629627361893654
-0.0058290353044867516
0.001434369944036007
0.0076601458713412285
-0.0010681478306651115
-0.008758812211453915
-0.0005798516795039177
0.0074159977957606316
-0.0005798516795039177
-0.009216589853167534
-0.0025940733030438423
0.005066072568297386
-0.0013733329251408577
-0.007904293946921825
-0.0001831110566854477
0.006805627606809139
-0.0011291848495602608
-0.00827051606029272
3.0518509447574615e-05
0.007629627361893654
-0.0005188146606087685
-0.008514664135873318
-0.00039674062281847
0.008239997550845146
0.0015259254723787308
-0.0058290353044867516
0.0016174810007214546
0.008758812211453915
0.00027466658502817154
-0.008514664135873318
-0.001739555038511753
0.0060731833800673485
-0.00045777764171361923
-0.007171849720180035
0.00045777764171361923
0.00753807183355093
-0.00045777764171361923
-0.008026367984712124
-3.0518509447574615e-05
0.008117923513054848
0.0010071108117699623
-0.006927701644599438
-0.0005188146606087685
0.0058290353044867516
-0.0020142216235399246
-0.008758812211453915
-6.103701889514923e-05
0.008117923513054848
0.0007629627361893654
-0.006653035059571266
0.0008545182645320892
0.007751701399683952
-0.0008850367739796638
-0.009247108362615108
-0.0016785180196166039
0.0060731833800673485
-0.00198370311409235
-0.010345774702727795
-0.002624591812491417
0.006286812946200371
3.0518509447574615e-05
-0.007904293946921825
-0.0016785180196166039
0.005706961266696453
-0.0002136295661330223
-0.0060731833800673485
0.0014954069629311562
0.0076601458713412285
-0.0012817773967981339
-0.009613330475986004
-0.0021973326802253723
0.0060731833800673485
-0.00012207403779029846
-0.006927701644599438
-0.00012207403779029846
0.0060731833800673485
-0.0020447401329874992
-0.00912503432482481
-0.0009155552834272385
0.006897183135151863
-0.00033570360392332077
-0.0076601458713412285
-0.0004882961511611938
0.005798516795039177
-0.0027466658502817154
-0.009949034079909325
-0.0011291848495602608
0.007293923757970333
-0.00030518509447574615
-0.007629627361893654
0.00079348124563694
0.008758812211453915
9.155552834272385e-05
-0.009002960287034512
-0.0016785180196166039
0.006927701644599438
9.155552834272385e-05
-0.00787377543747425
-0.0014038514345884323
0.005584887228906155
-0.00158696249127388
-0.008026367984712124
0.0006408886983990669
0.008362071588635445
6.103701889514923e-05
-0.00839259009808302
-0.0008239997550845146
0.00753807183355093
0.0004882961511611938
-0.00753807183355093
-0.0009460737928748131
0.006195257417857647
-0.00079348124563694
-0.0074159977957606316
0.0005493331700563431
0.007751701399683952
-9.155552834272385e-05
-0.007385479286313057
0.0004882961511611938
0.007782219909131527
-0.0005493331700563431
-0.00839259009808302
-0.00027466658502817154
0.007904293946921825
0.00045777764171361923
-0.007049775682389736
0.0007019257172942162
0.008026367984712124
-0.00027466658502817154
-0.00827051606029272
-0.00079348124563694
0.0058290353044867516
-0.00357066560536623
-0.011810663156211376
-0.0025025177747011185
0.0074159977957606316
0.0004272591322660446
-0.008148442022502422
-0.001342814415693283
0.006439405493438244
-0.0005798516795039177
-0.007629627361893654
0.00033570360392332077
0.008117923513054848
0.0004882961511611938
-0.007293923757970333
0.0001831110566854477
0.0074159977957606316
-0.0007324442267417908
-0.00827051606029272
0.00030518509447574615
0.00872829370200634
0.0007324442267417908
-0.008362071588635445
-0.0019226660951972008
0.0060731833800673485
3.0518509447574615e-05
-0.006195257417857647
0.0014954069629311562
0.008148442022502422
-0.0001831110566854477
-0.007293923757970333
0.0016174810007214546
0.0098574785515666
0.0014954069629311562
-0.0074159977957606316
-0.00045777764171361923
0.0072634052485227585
-3.0518509447574615e-05
-0.0076601458713412285
-0.0001831110566854477
0.0072634052485227585
-0.00039674062281847
-0.00799584947526455
-0.00015259254723787308
0.008148442022502422
0.001342814415693283
-0.00595110934227705
0.0010071108117699623
0.007293923757970333
-0.001037629321217537
-0.007782219909131527
0.0014648884534835815
0.009613330475986004
0.0008545182645320892
-0.008026367984712124
-0.0002136295661330223
0.008636738173663616
0.0017700735479593277
-0.0060731833800673485
0.0009765923023223877
0.008148442022502422
0.00012207403779029846
-0.007782219909131527
-3.0518509447574615e-05
0.008148442022502422
0.0010681478306651115
-0.006408886983990669
0.0007019257172942162
0.007385479286313057
-0.0010681478306651115
-0.00912503432482481
-0.001434369944036007
0.006408886983990669
-0.00079348124563694
-0.007904293946921825
3.0518509447574615e-05
0.007171849720180035
-0.00158696249127388
-0.009704886004328728
-0.0009155552834272385
0.009094515815377235
0.0031128879636526108
-0.005066072568297386
0.0006408886983990669
0.007171849720180035
-0.0002136295661330223
-0.00753807183355093
-0.0003662221133708954
0.006927701644599438
-0.00027466658502817154
-0.0076601458713412285
-0.0009765923023223877
0.005340739153325558
-0.002227851189672947
-0.00827051606029272
0.0009155552834272385
0.008880886249244213
0.0006103701889514923
-0.007782219909131527
-0.0006103701889514923
0.006927701644599438
-0.00027466658502817154
-0.006927701644599438
0.0015564439818263054
0.009002960287034512
0.00033570360392332077
-0.007904293946921825
0.00015259254723787308
0.00839259009808302
0.0005798516795039177
-0.007782219909131527
-0.0006714072078466415
0.006530961021780968
-0.0015564439818263054
-0.009247108362615108
-0.0004272591322660446
0.00912503432482481
0.0024109622463583946
-0.006164738908410072
-0.00030518509447574615
0.006653035059571266
-0.0002136295661330223
-0.007171849720180035
0.00027466658502817154
0.0076601458713412285
0.0005493331700563431
-0.006439405493438244
0.0009460737928748131
0.007782219909131527
-9.155552834272385e-05
-0.007293923757970333
0.0007324442267417908
0.00839259009808302
0.0006408886983990669
-0.007049775682389736
0.0007019257172942162
0.008606219664216042
0.0012817773967981339
-0.006683553569018841
3.0518509447574615e-05
0.006897183135151863
-0.00039674062281847
-0.007049775682389736
0.0012512588873505592
0.008758812211453915
0.0007324442267417908
-0.006805627606809139
0.0012817773967981339
0.008880886249244213
0.0002441480755805969
-0.008758812211453915
-0.0018005920574069023
0.006317331455647945
0.0
-0.006317331455647945
0.0019226660951972008
0.009247108362615108
0.0009460737928748131
-0.006927701644599438
0.00079348124563694
0.008026367984712124
-0.0006714072078466415
-0.008972441777586937
-0.0009460737928748131
0.0076601458713412285
0.0002136295661330223
-0.00827051606029272
-0.0013733329251408577
0.006530961021780968
-0.00030518509447574615
-0.008026367984712124
-0.001434369944036007
0.005462813191115856
-0.0016785180196166039
-0.00827051606029272
-0.00015259254723787308
0.0072634052485227585
-0.00039674062281847
-0.0076601458713412285
0.0006714072078466415
0.009002960287034512
0.0016174810007214546
-0.006561479531228542
0.0002136295661330223
0.007782219909131527
0.0008545182645320892
-0.006653035059571266
-0.00039674062281847
0.005706961266696453
-0.0021057771518826485
-0.008606219664216042
-9.155552834272385e-05
0.0076601458713412285
-0.0002441480755805969
-0.008026367984712124
-0.00033570360392332077
0.0074159977957606316
-0.00012207403779029846
-0.0076601458713412285
0.00027466658502817154
0.008636738173663616
0.001831110566854477
-0.005706961266696453
0.0010986663401126862
0.007751701399683952
-9.155552834272385e-05
-0.00753807183355093
-6.103701889514923e-05
0.006775109097361565
-0.0014954069629311562
-0.009002960287034512
-0.0001831110566854477
0.008972441777586937
0.0021668141707777977
-0.006195257417857647
0.0002136295661330223
0.007751701399683952
0.0012817773967981339
-0.0060731833800673485
-0.00015259254723787308
0.005218665115535259
-0.003021332435309887
-0.009369182400405407
3.0518509447574615e-05
0.00872829370200634
0.0014648884534835815
-0.006561479531228542
3.0518509447574615e-05
0.006439405493438244
-0.0019226660951972008
-0.00946073792874813
-0.0012207403779029846
0.0074159977957606316
0.0006408886983990669
-0.006805627606809139
0.00027466658502817154
0.007293923757970333
-0.00033570360392332077
-0.00753807183355093
0.00039674062281847
0.00787377543747425
-0.00012207403779029846
-0.00827051606029272
-0.0010681478306651115
0.006439405493438244
-0.0008545182645320892
-0.007782219909131527
0.0006103701889514923
0.008758812211453915
0.0011597033590078354
-0.0070192571729421616
-0.00045777764171361923
0.006286812946200371
-0.0012512588873505592
-0.007904293946921825
0.0008239997550845146
0.00872829370200634
0.0008850367739796638
-0.006683553569018841
0.0013733329251408577
0.008758812211453915
-0.00015259254723787308
-0.009002960287034512
-0.0015564439818263054
0.006439405493438244
-0.0009765923023223877
-0.008117923513054848
0.0006714072078466415
0.009613330475986004
0.0021057771518826485
-0.006805627606809139
-0.0008850367739796638
0.00555436871945858
-0.0021668141707777977
-0.009002960287034512
-0.0002441480755805969
0.00787377543747425
6.103701889514923e-05
-0.007782219909131527
0.0002136295661330223
0.00827051606029272
0.0004882961511611938
-0.0076601458713412285
-0.0002441480755805969
0.0076601458713412285
0.0005188146606087685
-0.006683553569018841
0.0011597033590078354
0.008636738173663616
0.00045777764171361923
-0.007629627361893654
-0.00012207403779029846
0.007782219909131527
0.00045777764171361923
-0.006897183135151863
0.0007019257172942162
0.00787377543747425
-0.00039674062281847
-0.00839259009808302
-0.0005188146606087685
0.00753807183355093
9.155552834272385e-05
-0.0074159977957606316
0.0005798516795039177
0.008484145626425743
0.0008545182645320892
-0.0070192571729421616
0.00015259254723787308
0.007171849720180035
-0.001037629321217537
-0.008514664135873318
0.00015259254723787308
0.008636738173663616
0.0007324442267417908
-0.007782219909131527
-0.0004882961511611938
0.0076601458713412285
0.0005493331700563431
-0.0074159977957606316
-0.0008850367739796638
0.005706961266696453
-0.0018921475857496262
-0.008148442022502422
0.0010681478306651115
0.008880886249244213
-0.00015259254723787308
-0.009216589853167534
-0.0020447401329874992
0.00595110934227705
-0.0012512588873505592
-0.00827051606029272
0.0002136295661330223
0.008148442022502422
-0.0002136295661330223
-0.008758812211453915
-0.0012512588873505592
0.006653035059571266
-0.0009155552834272385
-0.008636738173663616
-0.0005493331700563431
0.007629627361893654
-0.0001831110566854477
-0.009002960287034512
-0.0024414807558059692
0.005340739153325558
-0.0008545182645320892
-0.006653035059571266
0.00198370311409235
0.009338663890957832
0.00045777764171361923
-0.008636738173663616
-0.0015259254723787308
0.006775109097361565
0.00027466658502817154
-0.00714133121073246
-0.0005188146606087685
0.006195257417857647
-0.001342814415693283
-0.00827051606029272
-0.0002136295661330223
0.007385479286313057
0.0
-0.007049775682389736
0.0009765923023223877
0.00839259009808302
0.0003662221133708954
-0.007293923757970333
0.00033570360392332077
0.007171849720180035
-0.0021057771518826485
-0.01104770042002201
-0.0033570360392332077
0.0056764427572488785
-0.0001831110566854477
-0.006683553569018841
0.00119022186845541
0.00827051606029272
-0.00015259254723787308
-0.00799584947526455
-0.00015259254723787308
0.007385479286313057
-0.00079348124563694
-0.008880886249244213
-0.0012207403779029846
0.006317331455647945
-0.0015564439818263054
-0.008636738173663616
0.0004272591322660446
0.008850367739796638
0.0007324442267417908
-0.007385479286313057
0.0009765923023223877
0.00958281196653843
0.0013733329251408577
-0.00827051606029272
-0.0018921475857496262
0.006439405493438244
0.00045777764171361923
-0.006195257417857647
0.0014648884534835815
0.008880886249244213
0.001037629321217537
-0.007293923757970333
-0.001037629321217537
0.005462813191115856
-0.001831110566854477
-0.007782219909131527
0.0012817773967981339
0.00872829370200634
-3.0518509447574615e-05
-0.008239997550845146
-0.00012207403779029846
0.00827051606029272
0.0006714072078466415
-0.007293923757970333
0.00045777764171361923
0.008636738173663616
0.0012512588873505592
-0.006927701644599438
-0.0004272591322660446
0.0060731833800673485
-0.0021668141707777977
-0.00946073792874813
-0.0008545182645320892
0.007629627361893654
0.00012207403779029846
-0.008026367984712124
-0.0006714072078466415
0.0074159977957606316
0.00079348124563694
-0.0058290353044867516
0.002288888208568096
0.009704886004328728
0.0016479995101690292
-0.006317331455647945
0.0013122959062457085
0.009002960287034512
0.0011597033590078354
-0.007049775682389736
-9.155552834272385e-05
0.007049775682389736
-0.0008850367739796638
-0.008758812211453915
-0.00119022186845541
0.006775109097361565
6.103701889514923e-05
-0.006653035059571266
0.0009765923023223877
0.0076601458713412285
-0.0009765923023223877
-0.008514664135873318
0.0002441480755805969
0.008880886249244213
0.0013733329251408577
-0.006561479531228542
0.0011597033590078354
0.00912503432482481
0.00119022186845541
-0.00753807183355093
-0.0008545182645320892
0.006805627606809139
-0.0002136295661330223
-0.0076601458713412285
-0.0003662221133708954
0.0074159977957606316
0.0010986663401126862
-0.004943998530507088
0.002624591812491417
0.00839259009808302
-0.0012512588873505592
-0.009247108362615108
-0.0006103701889514923
0.0076601458713412285
-0.00027466658502817154
-0.008026367984712124
0.0002136295661330223
0.008026367984712124
-0.00079348124563694
-0.0098574785515666
-0.002075258642435074
0.007171849720180035
0.0008239997550845146
-0.006775109097361565
0.0002136295661330223
0.007629627361893654
0.00027466658502817154
-0.0074159977957606316
-0.00030518509447574615
0.006805627606809139
-0.0008545182645320892
-0.008026367984712124
0.00030518509447574615
0.008606219664216042
0.001434369944036007
-0.006530961021780968
-0.00027466658502817154
0.00595110934227705
-0.0018616290763020515
-0.008117923513054848
0.0008545182645320892
0.008362071588635445
-0.00030518509447574615
-0.008148442022502422
0.0006714072078466415
0.00912503432482481
0.0004272591322660446
-0.009216589853167534
-0.002685628831386566
0.0054322946816682816
-0.0011291848495602608
-0.008148442022502422
-3.0518509447574615e-05
0.008239997550845146
0.00119022186845541
-0.006530961021780968
0.00030518509447574615
0.007293923757970333
-0.00027466658502817154
-0.0072634052485227585
0.0005798516795039177
0.007782219909131527
-0.00030518509447574615
-0.007507553324103355
0.0009460737928748131
0.008758812211453915
0.0001831110566854477
-0.008362071588635445
-0.0007019257172942162
0.0076601458713412285
6.103701889514923e-05
-0.008514664135873318
-0.0012817773967981339
0.007904293946921825
0.0028382213786244392
-0.0036011841148138046
0.0027161473408341408
0.008148442022502422
-0.0008239997550845146
-0.008636738173663616
-0.0006408886983990669
0.00753807183355093
6.103701889514923e-05
-0.008636738173663616
-0.0025940733030438423
0.005066072568297386
-0.0002136295661330223
-0.0056764427572488785
0.0018005920574069023
0.008239997550845146
0.0008850367739796638
-0.005218665115535259
0.0031128879636526108
0.009613330475986004
0.0001831110566854477
-0.008514664135873318
-0.0010681478306651115
0.006653035059571266
-0.0007019257172942162
-0.00799584947526455
-0.00030518509447574615
0.0070192571729421616
-0.0007324442267417908
-0.007751701399683952
0.0007019257172942162
0.008117923513054848
-0.0009765923023223877
-0.009826960042119026
-0.0018616290763020515
0.0070192571729421616
-3.0518509447574615e-05
-0.00827051606029272
-0.0012512588873505592
0.006653035059571266
0.00030518509447574615
-0.00595110934227705
0.0023194067180156708
0.009216589853167534
-6.103701889514923e-05
-0.00912503432482481
-0.0015564439818263054
0.007171849720180035
0.0007324442267417908
-0.006530961021780968
0.0002441480755805969
0.006561479531228542
-0.0019531846046447754
-0.009491256438195705
-0.0012207403779029846
0.006683553569018841
-0.00119022186845541
-0.00872829370200634
-0.0004272591322660446
0.007904293946921825
0.00015259254723787308
-0.008026367984712124
-0.00027466658502817154
0.00827051606029272
0.0011291848495602608
-0.007293923757970333
-0.0008545182645320892
0.006805627606809139
0.0004272591322660446
-0.006408886983990669
0.00030518509447574615
0.006530961021780968
-0.0011291848495602608
-0.007507553324103355
0.0008850367739796638
0.007904293946921825
-0.0008545182645320892
-0.008758812211453915
-0.0006103701889514923
0.007293923757970333
-0.0006408886983990669
-0.008239997550845146
-3.0518509447574615e-05
0.00787377543747425
-0.00033570360392332077
-0.008758812211453915
-0.0011291848495602608
0.006927701644599438
-0.0006714072078466415
-0.008514664135873318
-0.0006103701889514923
0.007782219909131527
0.0007629627361893654
-0.006653035059571266
0.0006408886983990669
0.0076601458713412285
-0.0004272591322660446
-0.0076601458713412285
0.0008239997550845146
0.00839259009808302
-0.0004882961511611938
-0.008972441777586937
-0.0008239997550845146
0.007904293946921825
0.00039674062281847
-0.007751701399683952
-0.00012207403779029846
0.00839259009808302
0.0014954069629311562
-0.006195257417857647
0.00079348124563694
0.0076601458713412285
-0.0005493331700563431
-0.00827051606029272
-6.103701889514923e-05
0.008514664135873318
0.001434369944036007
-0.006439405493438244
0.0006408886983990669
0.008148442022502422
0.0006714072078466415
-0.0074159977957606316
-0.0009765923023223877
0.0058290353044867516
-0.0013122959062457085
-0.007782219909131527
0.00012207403779029846
0.006805627606809139
-0.0014648884534835815
-0.008117923513054848
0.00079348124563694
0.008148442022502422
-0.0010986663401126862
-0.00912503432482481
0.0004272591322660446
0.0099795525893569
0.00158696249127388
-0.008758812211453915
-0.0027161473408341408
0.0058290353044867516
0.0002136295661330223
-0.006195257417857647
0.0015259254723787308
0.008880886249244213
0.0011291848495602608
-0.006530961021780968
0.0006103701889514923
0.00753807183355093
-0.0003662221133708954
-0.0074159977957606316
0.0009155552834272385
0.00839259009808302
9.155552834272385e-05
-0.0074159977957606316
0.00119022186845541
0.008972441777586937
-3.0518509447574615e-05
-0.009247108362615108
-0.0014648884534835815
0.007782219909131527
0.0012817773967981339
-0.006805627606809139
-0.0003662221133708954
0.006805627606809139
-3.0518509447574615e-05
-0.006164738908410072
0.0024414807558059692
0.0099795525893569
0.0012512588873505592
-0.0076601458713412285
-0.0007324442267417908
0.006927701644599438
-0.00030518509447574615
-0.007507553324103355
0.00033570360392332077
0.008117923513054848
0.0006103701889514923
-0.0070192571729421616
0.0005798516795039177
0.008362071588635445
0.0008545182645320892
-0.007293923757970333
-0.0003662221133708954
0.0072634052485227585
0.0004882961511611938
-0.006653035059571266
0.0005493331700563431
0.007904293946921825
0.0006408886983990669
-0.006653035059571266
0.0005798516795039177
0.00787377543747425
0.0005493331700563431
-0.007049775682389736
0.0001831110566854477
0.00827051606029272
0.0023499252274632454
-0.0042420728132128716
0.0021057771518826485
0.0072634052485227585
-0.0015259254723787308
-0.00872829370200634
-0.0004272591322660446
0.0076601458713412285
0.00033570360392332077
-0.007385479286313057
-0.0009765923023223877
0.005096591077744961
-0.002685628831386566
-0.00827051606029272
0.002075258642435074
0.010834070853888988
0.002227851189672947
-0.006927701644599438
9.155552834272385e-05
0.007782219909131527
3.0518509447574615e-05
-0.007751701399683952
6.103701889514923e-05
0.008148442022502422
0.0004882961511611938
-0.007629627361893654
-0.0007324442267417908
0.006195257417857647
-0.0020142216235399246
-0.00946073792874813
-0.0009460737928748131
0.0076601458713412285
0.00045777764171361923
-0.007049775682389736
0.0006408886983990669
0.007904293946921825
-0.0006103701889514923
-0.008484145626425743
0.0003662221133708954
0.009949034079909325
0.0031128879636526108
-0.0056764427572488785
0.0002136295661330223
0.007385479286313057
0.0005493331700563431
-0.006653035059571266
0.0003662221133708954
0.00753807183355093
0.00027466658502817154
-0.0070192571729421616
-0.0003662221133708954
0.00595110934227705
-0.0015564439818263054
-0.0072634052485227585
0.0021057771518826485
0.00958281196653843
0.00033570360392332077
-0.008484145626425743
-0.00039674062281847
0.008758812211453915
0.0018005920574069023
-0.006805627606809139
-0.0005493331700563431
0.006897183135151863
0.00033570360392332077
-0.006805627606809139
-6.103701889514923e-05
0.006408886983990669
-0.0008850367739796638
-0.006927701644599438
0.0021668141707777977
0.010223700664937496
0.0023194067180156708
-0.005706961266696453
0.0012817773967981339
0.007782219909131527
-0.0009460737928748131
-0.008758812211453915
-0.00030518509447574615
0.008026367984712124
-9.155552834272385e-05
-0.008850367739796638
-0.0016785180196166039
0.006897183135151863
0.0006103701889514923
-0.007049775682389736
-0.0009155552834272385
0.005066072568297386
-0.002868739888072014
-0.00958281196653843
-0.0009155552834272385
0.0074159977957606316
0.0002441480755805969
-0.006927701644599438
0.0008850367739796638
0.00799584947526455
-0.0004272591322660446
-0.008636738173663616
-0.0010071108117699623
0.006775109097361565
-0.0006408886983990669
-0.007751701399683952
0.0008545182645320892
0.00946073792874813
0.0020447401329874992
-0.006317331455647945
0.0005188146606087685
0.007904293946921825
0.00030518509447574615
-0.007629627361893654
-0.0008850367739796638
0.006042664870619774
-0.0014954069629311562
-0.008636738173663616
-0.0006408886983990669
0.006897183135151863
-0.0008545182645320892
-0.008514664135873318
-0.0006714072078466415
0.0074159977957606316
0.0003662221133708954
-0.006927701644599438
0.0006103701889514923
0.00787377543747425
0.00012207403779029846
-0.0074159977957606316
0.00039674062281847
0.008026367984712124
3.0518509447574615e-05
-0.00827051606029272
-0.0010986663401126862
0.006775109097361565
-3.0518509447574615e-05
-0.0074159977957606316
-0.0003662221133708954
0.006653035059571266
-0.00045777764171361923
-0.006805627606809139
0.0018616290763020515
0.009735404513776302
0.00198370311409235
-0.005706961266696453
0.0016479995101690292
0.008239997550845146
-0.0008545182645320892
-0.009613330475986004
-0.00198370311409235
0.006408886983990669
-0.0005493331700563431
-0.00839259009808302
-0.0013733329251408577
0.006042664870619774
-0.0010071108117699623
-0.008026367984712124
-0.0002441480755805969
0.007293923757970333
-6.103701889514923e-05
-0.006927701644599438
0.0014954069629311562
0.009491256438195705
0.001739555038511753
-0.006317331455647945
0.0007629627361893654
0.007629627361893654
-0.0009460737928748131
-0.009735404513776302
-0.0025940733030438423
0.005920590832829475
0.0002441480755805969
-0.0060731833800673485
0.0013733329251408577
0.008026367984712124
-0.0002136295661330223
-0.007904293946921825
-0.0001831110566854477
0.007507553324103355
3.0518509447574615e-05
-0.007782219909131527
-0.0005493331700563431
0.006897183135151863
-0.00045777764171361923
-0.008117923513054848
-0.0013122959062457085
0.005584887228906155
-0.0017090365290641785
-0.008148442022502422
0.00033570360392332077
0.00787377543747425
0.00012207403779029846
-0.006897183135151863
0.0016174810007214546
0.00946073792874813
0.001342814415693283
-0.006653035059571266
0.0008850367739796638
0.007904293946921825
-0.0012817773967981339
-0.009949034079909325
-0.00158696249127388
0.00799584947526455
0.0016785180196166039
-0.006317331455647945
0.00027466658502817154
0.007507553324103355
0.0007019257172942162
-0.0058290353044867516
0.0019226660951972008
0.008148442022502422
-0.0012207403779029846
-0.00912503432482481
-0.0001831110566854477
0.008514664135873318
0.00045777764171361923
-0.008148442022502422
-0.0006714072078466415
0.007385479286313057
-3.0518509447574615e-05
-0.008026367984712124
-0.0008239997550845146
0.006408886983990669
-0.0011597033590078354
-0.007904293946921825
0.0010681478306651115
0.00912503432482481
0.0006103701889514923
-0.007629627361893654
0.00079348124563694
0.009613330475986004
0.00119022186845541
-0.009216589853167534
-0.0036317026242613792
0.005066072568297386
0.00030518509447574615
-0.006195257417857647
-0.00012207403779029846
0.00555436871945858
-0.0021973326802253723
-0.008972441777586937
-0.0009765923023223877
0.007049775682389736
0.00039674062281847
-0.006653035059571266
0.0
0.006530961021780968
-0.0002441480755805969
-0.005706961266696453
0.0029908139258623123
0.009369182400405407
-0.0004272591322660446
-0.00912503432482481
-0.0010681478306651115
0.0074159977957606316
0.0
-0.008026367984712124
-0.0005493331700563431
0.0076601458713412285
0.00079348124563694
-0.006805627606809139
0.00015259254723787308
0.0074159977957606316
0.00045777764171361923
-0.00595110934227705
0.002136295661330223
0.008758812211453915
-0.0006408886983990669
-0.009338663890957832
-0.0016479995101690292
0.006530961021780968
-0.0009460737928748131
-0.009002960287034512
-0.0015259254723787308
0.006683553569018841
-0.00015259254723787308
-0.007507553324103355
-0.0001831110566854477
0.0074159977957606316
0.0
-0.007904293946921825
-0.0012207403779029846
0.0056764427572488785
-0.0014038514345884323
-0.007751701399683952
0.00045777764171361923
0.007629627361893654
-0.00033570360392332077
-0.0074159977957606316
0.0010071108117699623
0.008239997550845146
-0.0006408886983990669
-0.00872829370200634
-6.103701889514923e-05
0.008880886249244213
0.001037629321217537
-0.00787377543747425
-0.00079348124563694
0.00787377543747425
0.0016174810007214546
-0.006042664870619774
0.00012207403779029846
0.006530961021780968
-0.0007629627361893654
-0.007171849720180035
0.0010986663401126862
0.008026367984712124
-0.0008545182645320892
-0.008972441777586937
-0.0009460737928748131
0.0074159977957606316
0.00012207403779029846
-0.0072634052485227585
0.0009155552834272385
0.009369182400405407
0.001739555038511753
-0.007171849720180035
-0.0008239997550845146
0.007293923757970333
0.0015259254723787308
-0.005218665115535259
0.00119022186845541
0.0070192571729421616
-0.0009460737928748131
-0.00799584947526455
-0.0005493331700563431
0.006195257417857647
-0.0018616290763020515
-0.00872829370200634
0.0002136295661330223
0.009002960287034512
0.0015259254723787308
-0.0072634052485227585
-0.0015259254723787308
0.005310220643877983
-0.0011291848495602608
-0.007049775682389736
0.0011597033590078354
0.008148442022502422
-0.00012207403779029846
-0.007629627361893654
0.0002136295661330223
0.007507553324103355
-0.0009460737928748131
-0.009216589853167534
-0.0013122959062457085
0.0076601458713412285
0.00119022186845541
-0.006775109097361565
-0.0010071108117699623
0.005066072568297386
-0.0023499252274632454
-0.008606219664216042
-9.155552834272385e-05
0.0072634052485227585
-0.0012512588873505592
-0.00958281196653843
-0.00198370311409235
0.006439405493438244
-0.00033570360392332077
-0.007751701399683952
-0.0006408886983990669
0.006805627606809139
-0.0001831110566854477
-0.006897183135151863
0.0008545182645320892
0.008026367984712124
6.103701889514923e-05
-0.0072634052485227585
0.00079348124563694
0.008514664135873318
0.0002441480755805969
-0.008484145626425743
-0.0018616290763020515
0.0056764427572488785
-0.0010071108117699623
-0.00753807183355093
0.0007324442267417908
0.008514664135873318
0.0008545182645320892
-0.006927701644599438
0.00045777764171361923
0.008026367984712124
0.0006408886983990669
-0.006805627606809139
0.0004882961511611938
0.007385479286313057
-0.0004272591322660446
-0.0074159977957606316
0.0012207403779029846
0.009216589853167534
0.0012512588873505592
-0.006897183135151863
0.00045777764171361923
0.008026367984712124
-3.0518509447574615e-05
-0.008239997550845146
-0.00079348124563694
0.00753807183355093
0.0007629627361893654
-0.006653035059571266
0.0004272591322660446
0.007629627361893654
0.0001831110566854477
-0.0074159977957606316
-0.0003662221133708954
0.006683553569018841
-0.0004882961511611938
-0.006530961021780968
0.00238044373691082
0.0098574785515666
0.0006103701889514923
-0.008636738173663616
-0.0011291848495602608
0.007782219909131527
0.001037629321217537
-0.007507553324103355
-0.0017090365290641785
0.0058290353044867516
0.00027466658502817154
-0.005462813191115856
0.001831110566854477
0.007751701399683952
-0.0004882961511611938
-0.007293923757970333
0.0011597033590078354
0.008636738173663616
0.0005798516795039177
-0.006775109097361565
0.0012817773967981339
0.008484145626425743
-0.0003662221133708954
-0.008972441777586937
-0.001434369944036007
0.006805627606809139
-0.00012207403779029846
-0.006927701644599438
0.0015564439818263054
0.009247108362615108
0.00033570360392332077
-0.009002960287034512
-0.0019226660951972008
0.006530961021780968
-9.155552834272385e-05
-0.007782219909131527
-0.0006408886983990669
0.007171849720180035
6.103701889514923e-05
-0.00799584947526455
-0.0017090365290641785
0.005706961266696453
-0.0004272591322660446
-0.006561479531228542
0.0011597033590078354
0.008362071588635445
0.0011291848495602608
-0.006164738908410072
0.0005188146606087685
0.0070192571729421616
0.00015259254723787308
-0.005340739153325558
0.003265480510890484
0.009338663890957832
-0.0003662221133708954
-0.008117923513054848
0.00119022186845541
0.010071108117699623
0.0020447401329874992
-0.006653035059571266
0.0005188146606087685
0.00799584947526455
-0.0004882961511611938
-0.009491256438195705
-0.0023499252274632454
0.00595110934227705
-0.0009765923023223877
-0.008636738173663616
-0.0010071108117699623
0.007385479286313057
0.0006408886983990669
-0.007385479286313057
-0.0010986663401126862
0.006164738908410072
-0.00030518509447574615
-0.0070192571729421616
0.0
0.006805627606809139
-0.00045777764171361923
-0.007293923757970333
-9.155552834272385e-05
0.006164738908410072
-0.0016785180196166039
-0.007782219909131527
0.0018616290763020515
0.01031525619328022
0.002227851189672947
-0.006408886983990669
0.0002136295661330223
0.00714133121073246
-0.0005188146606087685
-0.00753807183355093
0.0008545182645320892
0.00839259009808302
-0.0002441480755805969
-0.008484145626425743
-0.00030518509447574615
0.008362071588635445
0.0009460737928748131
-0.00753807183355093
-0.0007019257172942162
0.006805627606809139
-0.0007324442267417908
-0.008606219664216042
-0.0014954069629311562
0.006042664870619774
-0.0011597033590078354
-0.008514664135873318
-0.00079348124563694
0.007171849720180035
0.00012207403779029846
-0.007385479286313057
-0.0006408886983990669
0.005920590832829475
-0.0019531846046447754
-0.009094515815377235
-0.0009765923023223877
0.0070192571729421616
0.0
-0.006927701644599438
0.00119022186845541
0.008880886249244213
0.001037629321217537
-0.006927701644599438
0.00015259254723787308
0.006927701644599438
-0.0016174810007214546
-0.00958281196653843
-0.0015259254723787308
0.007171849720180035
0.0005188146606087685
-0.006653035059571266
0.0006714072078466415
0.0076601458713412285
-0.0005188146606087685
-0.00799584947526455
0.00033570360392332077
0.008758812211453915
0.0012207403779029846
-0.00714133121073246
-0.0008545182645320892
0.005584887228906155
-0.0025635547935962677
-0.009735404513776302
-0.001037629321217537
0.0074159977957606316
-0.00012207403779029846
-0.008026367984712124
-0.0002441480755805969
0.00799584947526455
0.0007019257172942162
-0.007782219909131527
-0.00158696249127388
0.0054322946816682816
-0.0010681478306651115
-0.006927701644599438
0.0017090365290641785
0.009094515815377235
0.0008239997550845146
-0.007293923757970333
0.00012207403779029846
0.0074159977957606316
-0.0010071108117699623
-0.009704886004328728
-0.002868739888072014
0.004943998530507088
-0.0016785180196166039
-0.008484145626425743
-0.00079348124563694
0.006775109097361565
-0.0002441480755805969
-0.006927701644599438
0.0011597033590078354
0.008239997550845146
-0.00030518509447574615
-0.008484145626425743
-0.0007324442267417908
0.007507553324103355
0.0006103701889514923
-0.006805627606809139
0.0002441480755805969
0.006805627606809139
-0.0012817773967981339
-0.007904293946921825
0.0014038514345884323
0.009338663890957832
-3.0518509447574615e-05
-0.0099795525893569
-0.0028992583975195885
0.006317331455647945
0.00079348124563694
-0.00595110934227705
0.0010071108117699623
0.0074159977957606316
-0.0005798516795039177
-0.007171849720180035
0.0019226660951972008
0.009704886004328728
0.0007019257172942162
-0.00839259009808302
-0.0006408886983990669
0.00839259009808302
0.0019226660951972008
-0.005706961266696453
0.00119022186845541
0.00799584947526455
-0.0002441480755805969
-0.008362071588635445
-0.0008239997550845146
0.007629627361893654
0.001434369944036007
-0.0054322946816682816
0.0013733329251408577
0.0074159977957606316
-0.0009765923023223877
-0.007629627361893654
0.0014038514345884323
0.009247108362615108
0.0005493331700563431
-0.007751701399683952
0.0003662221133708954
0.008880886249244213
0.0013122959062457085
-0.006805627606809139
0.0005798516795039177
0.00799584947526455
-0.0001831110566854477
-0.008514664135873318
-0.0009765923023223877
0.0070192571729421616
-0.0002136295661330223
-0.007629627361893654
0.00012207403779029846
0.007629627361893654
-0.0006408886983990669
-0.009216589853167534
-0.0021668141707777977
0.0058290353044867516
-0.0007629627361893654
-0.007293923757970333
0.0008239997550845146
0.00799584947526455
-0.00030518509447574615
-0.00799584947526455
0.0001831110566854477
0.00827051606029272
0.0004882961511611938
-0.00714133121073246
0.001037629321217537
0.009247108362615108
0.0010986663401126862
-0.00787377543747425
-0.0012512588873505592
0.006683553569018841
3.0518509447574615e-05
-0.0070192571729421616
0.0002441480755805969
0.0074159977957606316
3.0518509447574615e-05
-0.006653035059571266
0.001342814415693283
0.008239997550845146
3.0518509447574615e-05
-0.006561479531228542
0.003326517529785633
0.0119022186845541
0.0029908139258623123
-0.006530961021780968
0.00027466658502817154
0.007751701399683952
-0.00033570360392332077
-0.008239997550845146
0.0001831110566854477
0.009094515815377235
0.0020142216235399246
-0.005798516795039177
0.0017700735479593277
0.00958281196653843
0.001739555038511753
-0.006653035059571266
0.00012207403779029846
0.00714133121073246
-0.0007324442267417908
-0.00799584947526455
0.0006714072078466415
0.009338663890957832
0.0017700735479593277
-0.0070192571729421616
-0.0008850367739796638
0.0060731833800673485
-0.0014648884534835815
-0.008850367739796638
-0.0014038514345884323
0.006195257417857647
-0.0007019257172942162
-0.0070192571729421616
0.0009765923023223877
0.007385479286313057
-0.0016174810007214546
-0.008850367739796638
0.0006103701889514923
0.009338663890957832
0.0012207403779029846
-0.006897183135151863
0.0014648884534835815
0.009704886004328728
0.0010071108117699623
-0.008362071588635445
-0.0008850367739796638
0.008484145626425743
0.0025635547935962677
-0.005096591077744961
0.0011597033590078354
0.007293923757970333
-0.0010681478306651115
-0.008362071588635445
0.00012207403779029846
0.008514664135873318
0.0009460737928748131
-0.007293923757970333
-0.0006408886983990669
0.005920590832829475
-0.002288888208568096
-0.009735404513776302
-0.0010681478306651115
0.007751701399683952
0.0009155552834272385
-0.006683553569018841
0.00045777764171361923
0.0074159977957606316
-0.00045777764171361923
-0.0074159977957606316
0.0015564439818263054
0.010223700664937496
0.0025940733030438423
-0.00555436871945858
0.0018921475857496262
0.009949034079909325
0.002533036284148693
-0.0060731833800673485
-6.103701889514923e-05
0.006561479531228542
-0.0009765923023223877
-0.008026367984712124
0.00012207403779029846
0.00839259009808302
0.001434369944036007
-0.006286812946200371
-9.155552834272385e-05
0.005920590832829475
-0.00198370311409235
-0.008606219664216042
9.155552834272385e-05
0.008117923513054848
0.0005798516795039177
-0.006775109097361565
0.0011597033590078354
0.00872829370200634
0.0006408886983990669
-0.00753807183355093
-3.0518509447574615e-05
0.007751701399683952
0.0003662221133708954
-0.007293923757970333
9.155552834272385e-05
0.0074159977957606316
-0.00027466658502817154
-0.007507553324103355
0.0003662221133708954
0.007507553324103355
-0.0010071108117699623
-0.008972441777586937
-0.0009460737928748131
0.0070192571729421616
-0.0006408886983990669
-0.00787377543747425
0.0008545182645320892
0.009216589853167534
0.0011291848495602608
-0.007385479286313057
-3.0518509447574615e-05
0.0076601458713412285
-0.0006408886983990669
-0.009216589853167534
-0.001739555038511753
0.006927701644599438
0.0004882961511611938
-0.006683553569018841
0.0005798516795039177
0.007385479286313057
-0.0007324442267417908
-0.00799584947526455
0.0006714072078466415
0.009247108362615108
0.001739555038511753
-0.006317331455647945
0.0009155552834272385
0.008239997550845146
0.0003662221133708954
-0.007782219909131527
-0.001037629321217537
0.005310220643877983
-0.003082369454205036
-0.010101626627147198
-0.0007019257172942162
0.008148442022502422
0.00027466658502817154
-0.008026367984712124
-0.00012207403779029846
0.008484145626425743
0.0014954069629311562
-0.006286812946200371
0.0010071108117699623
0.008606219664216042
0.0010071108117699623
-0.0070192571729421616
-0.00033570360392332077
0.006195257417857647
-0.0024414807558059692
-0.010559404268860817
-0.0026551103219389915
0.006042664870619774
-0.0004272591322660446
-0.007782219909131527
-0.0006103701889514923
0.006653035059571266
-0.0006408886983990669
-0.00787377543747425
-0.00039674062281847
0.007049775682389736
-0.0003662221133708954
-0.0076601458713412285
-6.103701889514923e-05
0.007385479286313057
0.00012207403779029846
-0.006927701644599438
0.0008545182645320892
0.00787377543747425
-0.0004882961511611938
-0.008636738173663616
-0.0012207403779029846
0.006164738908410072
-0.0014954069629311562
-0.00872829370200634
-0.0003662221133708954
0.008148442022502422
0.0011291848495602608
-0.006317331455647945
0.0010681478306651115
0.008026367984712124
-0.0005493331700563431
-0.008880886249244213
-0.0010681478306651115
0.007507553324103355
0.0006103701889514923
-0.0076601458713412285
-0.001342814415693283
0.0058290353044867516
-0.0012207403779029846
-0.008606219664216042
-0.0018921475857496262
0.005066072568297386
-0.0016479995101690292
-0.007629627361893654
0.0006714072078466415
0.007904293946921825
-0.0002136295661330223
-0.007751701399683952
3.0518509447574615e-05
0.0076601458713412285
-9.155552834272385e-05
-0.007629627361893654
0.00012207403779029846
0.008026367984712124
0.0007324442267417908
-0.006530961021780968
0.0011597033590078354
0.008606219664216042
0.0007324442267417908
-0.0072634052485227585
-0.0003662221133708954
0.006317331455647945
-0.00198370311409235
-0.009216589853167534
-0.00027466658502817154
0.008606219664216042
0.00119022186845541
-0.0072634052485227585
-0.0006103701889514923
0.006775109097361565
-0.0001831110566854477
-0.006927701644599438
0.0011291848495602608
0.008362071588635445
0.00012207403779029846
-0.007629627361893654
0.00045777764171361923
0.00839259009808302
-3.0518509447574615e-05
-0.009094515815377235
-0.0023499252274632454
0.005798516795039177
-0.0006408886983990669
-0.007904293946921825
-0.0008850367739796638
0.006195257417857647
-0.0010681478306651115
-0.007751701399683952
0.00045777764171361923
0.008362071588635445
0.0012817773967981339
-0.005798516795039177
0.00119022186845541
0.006805627606809139
-0.00277718435972929
-0.010345774702727795
-0.0006714072078466415
0.008850367739796638
0.0015259254723787308
-0.006775109097361565
0.00079348124563694
0.009338663890957832
0.0025940733030438423
-0.005218665115535259
0.0014954069629311562
0.00827051606029272
0.00027466658502817154
-0.00714133121073246
0.0008850367739796638
0.008880886249244213
0.0012817773967981339
-0.006530961021780968
0.0007019257172942162
0.00787377543747425
-0.00015259254723787308
-0.00827051606029272
-0.0013733329251408577
0.005188146606087685
-0.0028992583975195885
-0.009613330475986004
-0.00012207403779029846
0.008484145626425743
0.0003662221133708954
-0.008117923513054848
-0.0006408886983990669
0.0070192571729421616
-0.001037629321217537
-0.008880886249244213
-0.0002136295661330223
0.008972441777586937
0.002288888208568096
-0.005462813191115856
0.0014648884534835815
0.00799584947526455
-0.00045777764171361923
-0.007904293946921825
0.0008545182645320892
0.009002960287034512
0.0003662221133708954
-0.008484145626425743
-0.0009155552834272385
0.007507553324103355
0.0002136295661330223
-0.007904293946921825
-0.00045777764171361923
0.007629627361893654
0.0003662221133708954
-0.007751701399683952
-0.0008850367739796638
0.006897183135151863
0.0004882961511611938
-0.006042664870619774
0.0014648884534835815
0.008117923513054848
-6.103701889514923e-05
-0.007385479286313057
0.00045777764171361923
0.007385479286313057
-0.0010986663401126862
-0.008362071588635445
0.0008545182645320892
0.009704886004328728
0.0018616290763020515
-0.006653035059571266
0.0005493331700563431
0.008117923513054848
6.103701889514923e-05
-0.00839259009808302
-0.0010681478306651115
0.006897183135151863
-0.0002136295661330223
-0.007782219909131527
-0.00045777764171361923
0.006530961021780968
-0.0015259254723787308
-0.009002960287034512
-0.0006103701889514923
0.0076601458713412285
0.0
-0.007751701399683952
0.00033570360392332077
0.009002960287034512
0.001739555038511753
-0.006805627606809139
-0.0004272591322660446
0.007049775682389736
0.00039674062281847
-0.006561479531228542
0.0004882961511611938
0.006927701644599438
-0.001434369944036007
-0.009369182400405407
-0.0022583696991205215
0.004852443002164364
-0.0022583696991205215
-0.008148442022502422
0.001037629321217537
0.008636738173663616
-0.00015259254723787308
-0.008362071588635445
-0.0004272591322660446
0.0072634052485227585
-0.0010071108117699623
-0.008880886249244213
-0.00015259254723787308
0.008880886249244213
0.0017090365290641785
-0.0060731833800673485
0.0014648884534835815
0.008484145626425743
-0.00039674062281847
-0.008850367739796638
-0.0010681478306651115
0.006653035059571266
-0.0016479995101690292
-0.00958281196653843
-0.0008545182645320892
0.00827051606029272
0.0009155552834272385
-0.007293923757970333
-0.00012207403779029846
0.007049775682389736
-0.0011597033590078354
-0.008514664135873318
0.0005798516795039177
0.009369182400405407
0.0015259254723787308
-0.006683553569018841
0.0010681478306651115
0.008758812211453915
0.0002441480755805969
-0.00827051606029272
-0.0004882961511611938
0.007385479286313057
-0.0009155552834272385
-0.00946073792874813
-0.0016479995101690292
0.007171849720180035
0.00039674062281847
-0.007171849720180035
-9.155552834272385e-05
0.006439405493438244
-0.0023499252274632454
-0.010101626627147198
-0.001342814415693283
0.0072634052485227585
-0.00039674062281847
-0.00839259009808302
-0.00015259254723787308
0.008606219664216042
0.0014038514345884323
-0.006927701644599438
6.103701889514923e-05
0.007751701399683952
0.0005188146606087685
-0.007293923757970333
-0.00012207403779029846
0.00753807183355093
0.00033570360392332077
-0.0072634052485227585
-0.0002441480755805969
0.0072634052485227585
0.0006103701889514923
-0.006195257417857647
0.0008850367739796638
0.006897183135151863
-0.0016785180196166039
-0.009002960287034512
-0.0004882961511611938
0.007507553324103355
-0.00027466658502817154
-0.008117923513054848
-0.0004882961511611938
0.007385479286313057
0.00030518509447574615
-0.006653035059571266
0.0012512588873505592
0.008484145626425743
0.00033570360392332077
-0.00714133121073246
0.001037629321217537
0.008362071588635445
-0.0006714072078466415
-0.009216589853167534
-0.0007019257172942162
0.008606219664216042
0.0012512588873505592
-0.00799584947526455
-0.0019226660951972008
0.006042664870619774
-0.0001831110566854477
-0.007629627361893654
-0.0014038514345884323
0.005188146606087685
-0.00198370311409235
-0.008850367739796638
-0.0012817773967981339
0.006408886983990669
0.00015259254723787308
-0.005798516795039177
0.0019531846046447754
0.008117923513054848
-0.0009460737928748131
-0.009094515815377235
-0.0016785180196166039
0.0054322946816682816
-0.002624591812491417
-0.0099795525893569
-0.0012817773967981339
0.0072634052485227585
-0.0002136295661330223
-0.008514664135873318
-0.0016174810007214546
0.0056764427572488785
-0.0014648884534835815
-0.00787377543747425
0.001037629321217537
0.00912503432482481
0.0005188146606087685
-0.008606219664216042
-0.001739555038511753
0.006439405493438244
-0.0003662221133708954
-0.008026367984712124
-0.00119022186845541
0.00595110934227705
-0.00119022186845541
-0.007904293946921825
6.103701889514923e-05
0.00714133121073246
-0.001037629321217537
-0.008636738173663616
-0.0003662221133708954
0.00787377543747425
0.0005188146606087685
-0.0072634052485227585
9.155552834272385e-05
0.007629627361893654
-6.103701889514923e-05
-0.008117923513054848
-0.0012207403779029846
0.0060731833800673485
-0.00119022186845541
-0.00787377543747425
0.0003662221133708954
0.007751701399683952
-0.0007629627361893654
-0.009216589853167534
-0.0017090365290641785
0.006683553569018841
-9.155552834272385e-05
-0.007385479286313057
9.155552834272385e-05
0.00787377543747425
0.0009460737928748131
-0.006439405493438244
0.00030518509447574615
0.006439405493438244
-0.0020447401329874992
-0.009216589853167534
-0.0005493331700563431
0.007904293946921825
0.0003662221133708954
-0.007507553324103355
-6.103701889514923e-05
0.007782219909131527
0.0002441480755805969
-0.007904293946921825
-0.0010681478306651115
0.006439405493438244
-0.00039674062281847
-0.007293923757970333
3.0518509447574615e-05
0.006530961021780968
-0.0016785180196166039
-0.008880886249244213
-0.00033570360392332077
0.007751701399683952
0.0001831110566854477
-0.0074159977957606316
0.00039674062281847
0.007782219909131527
-0.0007324442267417908
-0.009094515815377235
-0.0012512588873505592
0.007507553324103355
0.0008545182645320892
-0.006775109097361565
0.00015259254723787308
0.0074159977957606316
6.103701889514923e-05
-0.007049775682389736
0.0008850367739796638
0.008514664135873318
0.0004882961511611938
-0.008148442022502422
-0.0017700735479593277
0.005340739153325558
-0.0017700735479593277
-0.008606219664216042
-0.0009460737928748131
0.006164738908410072
-0.0017700735479593277
-0.009338663890957832
-0.0015564439818263054
0.006408886983990669
-0.0007019257172942162
-0.008239997550845146
-0.0013733329251408577
0.005340739153325558
-0.00238044373691082
-0.009002960287034512
-6.103701889514923e-05
0.008239997550845146
0.0006103701889514923
-0.0072634052485227585
0.00027466658502817154
0.00787377543747425
-0.00012207403779029846
-0.008758812211453915
-0.0021057771518826485
0.005310220643877983
-0.0015564439818263054
-0.008117923513054848
0.00039674062281847
0.008606219664216042
0.0009155552834272385
-0.00787377543747425
-0.001739555038511753
0.0060731833800673485
0.0007629627361893654
-0.0042420728132128716
0.0042420728132128716
0.010803552344441414
0.0015259254723787308
-0.007629627361893654
-0.0011291848495602608
0.006286812946200371
-0.00045777764171361923
-0.007171849720180035
0.0005188146606087685
0.007507553324103355
-0.0005798516795039177
-0.008514664135873318
-0.0012207403779029846
0.006195257417857647
-0.0011291848495602608
-0.00799584947526455
0.00012207403779029846
0.007751701399683952
6.103701889514923e-05
-0.00753807183355093
9.155552834272385e-05
0.007385479286313057
-0.0003662221133708954
-0.007385479286313057
0.001342814415693283
0.009735404513776302
0.001831110566854477
-0.006530961021780968
0.0004272591322660446
0.0076601458713412285
-0.0003662221133708954
-0.008117923513054848
-0.0002441480755805969
0.007629627361893654
-0.0004272591322660446
-0.008972441777586937
-0.00158696249127388
0.007171849720180035
0.0008850367739796638
-0.006683553569018841
-0.0002136295661330223
0.006653035059571266
-0.00012207403779029846
-0.006408886983990669
0.0011597033590078354
0.00714133121073246
-0.0018921475857496262
-0.009216589853167534
-0.00027466658502817154
0.00787377543747425
-0.0007019257172942162
-0.00946073792874813
-0.0015564439818263054
0.007751701399683952
0.0016174810007214546
-0.0060731833800673485
0.0006408886983990669
0.007751701399683952
0.00027466658502817154
-0.007507553324103355
-0.0004272591322660446
0.007385479286313057
0.0010986663401126862
-0.005310220643877983
0.0022583696991205215
0.009247108362615108
0.001434369944036007
-0.005920590832829475
0.0012207403779029846
0.007629627361893654
-0.0005188146606087685
-0.0072634052485227585
0.0013733329251408577
0.008484145626425743
-0.0007629627361893654
-0.00912503432482481
-0.00033570360392332077
0.00872829370200634
0.001342814415693283
-0.006927701644599438
0.0004882961511611938
0.008117923513054848
0.00015259254723787308
-0.007904293946921825
6.103701889514923e-05
0.008362071588635445
0.0011291848495602608
-0.006561479531228542
0.00079348124563694
0.007629627361893654
-0.0009765923023223877
-0.008850367739796638
-0.0006103701889514923
0.007293923757970333
-0.0012817773967981339
-0.009826960042119026
-0.0019226660951972008
0.006775109097361565
-0.00015259254723787308
-0.0076601458713412285
0.00033570360392332077
0.008362071588635445
0.0005798516795039177
-0.007751701399683952
-0.00045777764171361923
0.007751701399683952
0.0010071108117699623
-0.006530961021780968
3.0518509447574615e-05
0.006439405493438244
-0.0012512588873505592
-0.007293923757970333
0.0022583696991205215
0.010223700664937496
0.0010071108117699623
-0.00839259009808302
-0.0009460737928748131
0.007751701399683952
0.0008545182645320892
-0.0072634052485227585
-0.00039674062281847
0.007507553324103355
0.0011291848495602608
-0.005798516795039177
0.0009765923023223877
0.007171849720180035
-0.0009460737928748131
-0.007507553324103355
0.0012512588873505592
0.008606219664216042
-0.0004882961511611938
-0.009247108362615108
-0.0010681478306651115
0.008148442022502422
0.0014954069629311562
-0.006408886983990669
0.00027466658502817154
0.007385479286313057
-0.00012207403779029846
-0.007507553324103355
0.0005188146606087685
0.009216589853167534
0.003021332435309887
-0.0040894802659749985
0.002533036284148693
0.008758812211453915
0.0005188146606087685
-0.006897183135151863
0.0003662221133708954
0.006653035059571266
-0.0018616290763020515
-0.008636738173663616
0.0009765923023223877
0.00946073792874813
0.0007629627361893654
-0.008362071588635445
-0.00079348124563694
0.00799584947526455
0.0009460737928748131
-0.007782219909131527
-0.0018616290763020515
0.005066072568297386
-0.001342814415693283
-0.006805627606809139
0.0021973326802253723
0.009094515815377235
-0.00033570360392332077
-0.008880886249244213
-0.00045777764171361923
0.008148442022502422
0.0001831110566854477
-0.008362071588635445
-0.0007629627361893654
0.00799584947526455
0.0013733329251408577
-0.006408886983990669
0.0004272591322660446
0.00787377543747425
0.0009460737928748131
-0.006042664870619774
0.0010681478306651115
0.0070192571729421616
-0.0021973326802253723
-0.010223700664937496
-0.0016174810007214546
0.007293923757970333
0.0002441480755805969
-0.007507553324103355
-0.0003662221133708954
0.006775109097361565
-0.0013122959062457085
-0.009338663890957832
-0.0018921475857496262
0.0060731833800673485
-0.0007324442267417908
-0.0074159977957606316
0.00045777764171361923
0.0070192571729421616
-0.0019531846046447754
-0.00958281196653843
-0.0003662221133708954
0.009002960287034512
0.0017090365290641785
-0.006683553569018841
0.0002136295661330223
0.00753807183355093
-0.00012207403779029846
-0.007385479286313057
0.0005188146606087685
0.007507553324103355
-0.0016785180196166039
-0.01031525619328022
-0.0017090365290641785
0.008117923513054848
0.0015259254723787308
-0.0072634052485227585
-0.001342814415693283
0.006286812946200371
0.0002441480755805969
-0.006653035059571266
-0.0007019257172942162
0.0044862208887934685
-0.003662221133708954
-0.009247108362615108
0.0008545182645320892
0.009094515815377235
0.0006408886983990669
-0.00753807183355093
0.0005798516795039177
0.008484145626425743
0.00012207403779029846
-0.008484145626425743
-0.00079348124563694
0.00787377543747425
0.001037629321217537
-0.006775109097361565
0.00027466658502817154
0.007751701399683952
0.0003662221133708954
-0.00714133121073246
0.00030518509447574615
0.007751701399683952
0.00015259254723787308
-0.007507553324103355
-0.0002441480755805969
0.007049775682389736
-0.0006714072078466415
-0.008117923513054848
-0.0005188146606087685
0.006897183135151863
-0.0007324442267417908
-0.00799584947526455
3.0518509447574615e-05
0.007751701399683952
6.103701889514923e-05
-0.007385479286313057
0.0006103701889514923
0.008117923513054848
-0.0005493331700563431
-0.009704886004328728
-0.0030518509447574615
0.004974517039954662
-0.0013122959062457085
-0.0076601458713412285
0.00033570360392332077
0.00714133121073246
-0.0018005920574069023
-0.010345774702727795
-0.0023499252274632454
0.006530961021780968
-0.0002136295661330223
-0.008362071588635445
-0.0016479995101690292
0.006530961021780968
0.0008239997550845146
-0.0058290353044867516
0.0008545182645320892
0.0072634052485227585
0.0001831110566854477
-0.006042664870619774
0.00158696249127388
0.007751701399683952
-0.0008239997550845146
-0.007751701399683952
0.0011597033590078354
0.008972441777586937
0.00012207403779029846
-0.008972441777586937
-0.0016785180196166039
0.007171849720180035
0.0009765923023223877
-0.006408886983990669
0.0002441480755805969
0.007293923757970333
0.0001831110566854477
-0.006408886983990669
0.001831110566854477
0.009704886004328728
0.0020447401329874992
-0.006408886983990669
-0.0004272591322660446
0.006195257417857647
-0.00079348124563694
-0.006775109097361565
0.0019226660951972008
0.009704886004328728
0.0019531846046447754
-0.005798516795039177
0.0015259254723787308
0.00872829370200634
0.0006714072078466415
-0.00753807183355093
-0.00039674062281847
0.00714133121073246
-6.103701889514923e-05
-0.00753807183355093
-0.0002136295661330223
0.0072634052485227585
0.0004882961511611938
-0.0056764427572488785
0.0029602954164147377
0.01071199681609869
0.0023499252274632454
-0.006408886983990669
6.103701889514923e-05
0.007293923757970333
0.0002136295661330223
-0.006408886983990669
0.0015259254723787308
0.008484145626425743
6.103701889514923e-05
-0.007507553324103355
0.0011291848495602608
0.009826960042119026
0.0025025177747011185
-0.00555436871945858
0.0015259254723787308
0.008850367739796638
0.0007629627361893654
-0.007751701399683952
-0.0008545182645320892
0.007049775682389736
0.0001831110566854477
-0.0072634052485227585
-0.00030518509447574615
0.0070192571729421616
9.155552834272385e-05
-0.0070192571729421616
-0.00015259254723787308
0.006286812946200371
-0.0014038514345884323
-0.00799584947526455
0.00039674062281847
0.00787377543747425
-0.0001831110566854477
-0.007751701399683952
0.00027466658502817154
0.008117923513054848
0.0004272591322660446
-0.0072634052485227585
0.00045777764171361923
0.00799584947526455
-0.00015259254723787308
-0.008362071588635445
-0.0007019257172942162
0.007751701399683952
0.0009460737928748131
-0.006775109097361565
3.0518509447574615e-05
0.00714133121073246
-0.0002441480755805969
-0.00753807183355093
0.00027466658502817154
0.008239997550845146
0.0012817773967981339
-0.006164738908410072
0.0007629627361893654
0.007507553324103355
-0.0005188146606087685
-0.008362071588635445
-0.0010986663401126862
0.006653035059571266
3.0518509447574615e-05
-0.006775109097361565
0.00027466658502817154
0.006530961021780968
-0.001342814415693283
-0.007507553324103355
0.0016174810007214546
0.00912503432482481
0.0
-0.008484145626425743
-0.00045777764171361923
0.007629627361893654
-0.0003662221133708954
-0.008484145626425743
-0.0005798516795039177
0.0076601458713412285
-0.0002136295661330223
-0.008484145626425743
-0.0007324442267417908
0.008026367984712124
0.0011291848495602608
-0.006927701644599438
-0.00015259254723787308
0.0074159977957606316
0.0007629627361893654
-0.0056764427572488785
0.0021668141707777977
0.009247108362615108
0.0013733329251408577
-0.005462813191115856
0.0030518509447574615
0.010071108117699623
0.0006103701889514923
-0.008362071588635445
-0.0006714072078466415
0.007293923757970333
-0.0012512588873505592
-0.01031525619328022
-0.0029908139258623123
0.006042664870619774
0.00039674062281847
-0.006042664870619774
0.00158696249127388
0.008606219664216042
0.0006408886983990669
-0.006683553569018841
0.0014648884534835815
0.008758812211453915
-9.155552834272385e-05
-0.008514664135873318
-0.00027466658502817154
0.008636738173663616
0.0014648884534835815
-0.006897183135151863
-0.0004882961511611938
0.006408886983990669
-0.0011291848495602608
-0.008117923513054848
9.155552834272385e-05
0.00787377543747425
0.0001831110566854477
-0.00714133121073246
0.0012817773967981339
0.00946073792874813
0.00158696249127388
-0.006775109097361565
0.00027466658502817154
0.007751701399683952
0.00039674062281847
-0.006530961021780968
0.0018616290763020515
0.00958281196653843
0.0011291848495602608
-0.007385479286313057
0.0002441480755805969
0.00872829370200634
0.0018616290763020515
-0.005798516795039177
0.00119022186845541
0.008148442022502422
-3.0518509447574615e-05
-0.008026367984712124
-0.0006103701889514923
0.006897183135151863
-0.0004272591322660446
-0.007385479286313057
0.0007019257172942162
0.00799584947526455
-0.00030518509447574615
-0.00787377543747425
0.0006408886983990669
0.008850367739796638
0.0008239997550845146
-0.007507553324103355
-0.0002441480755805969
0.0070192571729421616
-0.0012512588873505592
-0.00912503432482481
-0.0007019257172942162
0.007629627361893654
-0.00033570360392332077
-0.00872829370200634
-0.0009155552834272385
0.008026367984712124
0.001434369944036007
-0.006164738908410072
0.0007019257172942162
0.007507553324103355
-0.0007019257172942162
-0.00872829370200634
-0.0014648884534835815
0.005798516795039177
-0.0020447401329874992
-0.00958281196653843
-0.001342814415693283
0.007385479286313057
0.0008545182645320892
-0.006164738908410072
0.0015259254723787308
0.009094515815377235
0.001342814415693283
-0.006897183135151863
-0.0001831110566854477
0.0070192571729421616
-0.00033570360392332077
-0.007782219909131527
-0.00027466658502817154
0.007507553324103355
0.001037629321217537
-0.0054322946816682816
0.0017700735479593277
0.0076601458713412285
-0.0011291848495602608
-0.007782219909131527
0.0019226660951972008
0.010071108117699623
0.0006408886983990669
-0.009338663890957832
-0.0024414807558059692
0.006286812946200371
0.00015259254723787308
-0.006653035059571266
0.0014954069629311562
0.009826960042119026
0.0023194067180156708
-0.006805627606809139
-0.0014954069629311562
0.004821924492716789
-0.002075258642435074
-0.008117923513054848
0.00027466658502817154
0.007751701399683952
0.0002441480755805969
-0.006653035059571266
0.001342814415693283
0.008239997550845146
-0.0003662221133708954
-0.007782219909131527
0.00158696249127388
0.010925626382231712
0.0035096285864710808
-0.0054322946816682816
0.0005493331700563431
0.00714133121073246
-0.0009155552834272385
-0.008850367739796638
-0.00158696249127388
0.0058290353044867516
-0.0018921475857496262
-0.009338663890957832
-0.0011291848495602608
0.0076601458713412285
0.0009765923023223877
-0.006530961021780968
0.0005188146606087685
0.00787377543747425
0.0005493331700563431
-0.00714133121073246
-0.0003662221133708954
0.006805627606809139
-3.0518509447574615e-05
-0.006164738908410072
0.0019531846046447754
0.00872829370200634
-6.103701889514923e-05
-0.008362071588635445
-0.0009765923023223877
0.006530961021780968
-0.0008545182645320892
-0.007629627361893654
0.0009765923023223877
0.008972441777586937
0.001037629321217537
-0.006775109097361565
0.0013122959062457085
0.00946073792874813
0.001342814415693283
-0.00799584947526455
-0.0020447401329874992
0.005188146606087685
-0.0018616290763020515
-0.009094515815377235
-0.0014954069629311562
0.006653035059571266
0.00045777764171361923
-0.006164738908410072
0.00079348124563694
0.006775109097361565
-0.0016785180196166039
-0.008484145626425743
0.00079348124563694
0.00958281196653843
0.0019226660951972008
-0.006775109097361565
-0.0004272591322660446
0.006805627606809139
-0.0002441480755805969
-0.0070192571729421616
0.0006714072078466415
0.0076601458713412285
-0.0006714072078466415
-0.008484145626425743
-0.0007324442267417908
0.00714133121073246
-6.103701889514923e-05
-0.007049775682389736
0.0012512588873505592
0.009002960287034512
0.0008850367739796638
-0.00714133121073246
0.0005798516795039177
0.008484145626425743
0.0006408886983990669
-0.007782219909131527
-0.0006714072078466415
0.007171849720180035
0.0
-0.007629627361893654
-0.0005493331700563431
0.006897183135151863
-6.103701889514923e-05
-0.006775109097361565
0.0011597033590078354
0.008484145626425743
0.0005798516795039177
-0.006897183135151863
0.0010071108117699623
0.008606219664216042
0.0005493331700563431
-0.007751701399683952
-0.0006408886983990669
0.006897183135151863
-0.0005493331700563431
-0.00799584947526455
-0.0001831110566854477
0.007751701399683952
0.00012207403779029846
-0.008362071588635445
-0.0020142216235399246
0.005310220643877983
-0.0009765923023223877
-0.0070192571729421616
0.00045777764171361923
0.006164738908410072
-0.0028077028691768646
-0.009216589853167534
0.0011291848495602608
0.010071108117699623
0.0014648884534835815
-0.007385479286313057
0.0004882961511611938
0.009002960287034512
0.0010681478306651115
-0.007629627361893654
-0.00015259254723787308
0.00872829370200634
0.0023194067180156708
-0.005340739153325558
0.001739555038511753
0.009216589853167534
0.0018616290763020515
-0.005920590832829475
0.0009460737928748131
0.00799584947526455
0.00039674062281847
-0.0072634052485227585
-6.103701889514923e-05
0.007507553324103355
0.0006408886983990669
-0.006286812946200371
0.0008850367739796638
0.0072634052485227585
-0.0014038514345884323
-0.00958281196653843
-0.0021668141707777977
0.005920590832829475
-0.0002441480755805969
-0.006286812946200371
0.0017090365290641785
0.00839259009808302
-0.00045777764171361923
-0.00839259009808302
-0.0002136295661330223
0.007751701399683952
-0.00012207403779029846
-0.008117923513054848
-0.00045777764171361923
0.007385479286313057
-0.0004272591322660446
-0.00872829370200634
-0.001739555038511753
0.006042664870619774
-0.00027466658502817154
-0.006042664870619774
0.002533036284148693
0.008972441777586937
-0.0012512588873505592
-0.010437330231070518
-0.0019226660951972008
0.007782219909131527
0.0007324442267417908
-0.008362071588635445
-0.0025025177747011185
0.005188146606087685
-0.00033570360392332077
-0.0056764427572488785
0.0024109622463583946
0.008606219664216042
-0.0004272591322660446
-0.007751701399683952
0.0013122959062457085
0.00946073792874813
0.0008850367739796638
-0.00753807183355093
0.0008850367739796638
0.009704886004328728
0.00198370311409235
-0.0070192571729421616
-0.00039674062281847
0.007385479286313057
0.00015259254723787308
-0.00787377543747425
-0.0011291848495602608
0.006286812946200371
-0.0006103701889514923
-0.0072634052485227585
0.001037629321217537
0.008972441777586937
0.0010071108117699623
-0.008117923513054848
-0.0024414807558059692
0.004699850454926491
-0.00119022186845541
-0.006683553569018841
0.001434369944036007
0.00787377543747425
-0.0005188146606087685
-0.007507553324103355
0.0010071108117699623
0.008484145626425743
6.103701889514923e-05
-0.007629627361893654
0.0009155552834272385
0.009216589853167534
0.00119022186845541
-0.00714133121073246
0.0005798516795039177
0.008850367739796638
0.001434369944036007
-0.006530961021780968
0.0007019257172942162
0.00787377543747425
-0.0008545182645320892
-0.010071108117699623
-0.003082369454205036
0.0056764427572488785
-0.0002441480755805969
-0.0076601458713412285
-0.0012207403779029846
0.005798516795039177
-0.0006103701889514923
-0.006653035059571266
0.0010071108117699623
0.007507553324103355
-0.00039674062281847
-0.006897183135151863
0.0017090365290641785
0.008850367739796638
6.103701889514923e-05
-0.007751701399683952
0.0006408886983990669
0.008484145626425743
9.155552834272385e-05
-0.00799584947526455
-9.155552834272385e-05
0.00714133121073246
-0.002227851189672947
-0.01116977445781231
-0.002471999265253544
0.007751701399683952
0.0018616290763020515
-0.0056764427572488785
0.001342814415693283
0.00839259009808302
-9.155552834272385e-05
-0.008362071588635445
-0.00027466658502817154
0.008972441777586937
0.002685628831386566
-0.005340739153325558
0.0007629627361893654
0.007385479286313057
-6.103701889514923e-05
-0.007507553324103355
-0.00045777764171361923
0.006805627606809139
-0.0001831110566854477
-0.006897183135151863
0.00030518509447574615
0.006439405493438244
-0.002136295661330223
-0.008972441777586937
9.155552834272385e-05
0.008239997550845146
0.00015259254723787308
-0.007904293946921825
0.0
0.007751701399683952
-0.0005493331700563431
-0.009216589853167534
-0.0020447401329874992
0.006042664870619774
-0.0006714072078466415
-0.007385479286313057
0.0011291848495602608
0.009613330475986004
0.0022583696991205215
-0.00595110934227705
0.00045777764171361923
0.006897183135151863
-0.0008545182645320892
-0.007385479286313057
0.001434369944036007
0.008880886249244213
-0.0005798516795039177
-0.009949034079909325
-0.0025635547935962677
0.006164738908410072
-0.00030518509447574615
-0.007385479286313057
0.0007324442267417908
0.009216589853167534
0.0021057771518826485
-0.006286812946200371
-0.00039674062281847
0.005920590832829475
-0.0018616290763020515
-0.009094515815377235
-0.0011291848495602608
0.0070192571729421616
9.155552834272385e-05
-0.007507553324103355
-0.0010071108117699623
0.0054322946816682816
-0.0019226660951972008
-0.008026367984712124
0.0009460737928748131
0.008484145626425743
-0.0002136295661330223
-0.008850367739796638
-0.0014648884534835815
0.006683553569018841
-0.00033570360392332077
-0.007507553324103355
0.00030518509447574615
0.00787377543747425
-0.00027466658502817154
-0.009094515815377235
-0.003021332435309887
0.003723258152604103
-0.0031128879636526108
-0.008362071588635445
0.0017700735479593277
0.010437330231070518
0.002288888208568096
-0.006164738908410072
0.0012817773967981339
0.008850367739796638
0.00045777764171361923
-0.008362071588635445
-0.0014954069629311562
0.006042664870619774
-0.0015564439818263054
-0.00946073792874813
-0.0021668141707777977
0.00555436871945858
-0.0014038514345884323
-0.00799584947526455
0.00045777764171361923
0.008239997550845146
0.0004882961511611938
-0.006775109097361565
0.001739555038511753
0.009826960042119026
0.00158696249127388
-0.007171849720180035
-3.0518509447574615e-05
0.007751701399683952
0.00039674062281847
-0.00714133121073246
0.0006103701889514923
0.008484145626425743
0.0009460737928748131
-0.0070192571729421616
0.00012207403779029846
0.007751701399683952
0.0007324442267417908
-0.006286812946200371
0.0014038514345884323
0.00872829370200634
0.00079348124563694
-0.00714133121073246
0.00012207403779029846
0.007385479286313057
-0.0005493331700563431
-0.008362071588635445
-0.0004272591322660446
0.008514664135873318
0.0024414807558059692
-0.004699850454926491
0.0018005920574069023
0.00799584947526455
0.0
-0.0072634052485227585
0.0005188146606087685
0.008117923513054848
0.0005798516795039177
-0.00714133121073246
6.103701889514923e-05
0.007507553324103355
0.0002136295661330223
-0.0072634052485227585
-6.103701889514923e-05
0.0072634052485227585
0.0
-0.007385479286313057
-0.0007019257172942162
0.0054322946816682816
-0.0024414807558059692
-0.008484145626425743
0.0012207403779029846
0.009704886004328728
0.00119022186845541
-0.008148442022502422
-0.0013122959062457085
0.006897183135151863
0.0002136295661330223
-0.007629627361893654
-0.0012817773967981339
0.005706961266696453
-0.0011291848495602608
-0.007507553324103355
3.0518509447574615e-05
0.006286812946200371
-0.00198370311409235
-0.008239997550845146
0.001342814415693283
0.009094515815377235
-0.0003662221133708954
-0.009338663890957832
-0.0009460737928748131
0.008362071588635445
0.0013122959062457085
-0.006775109097361565
0.0007324442267417908
0.008850367739796638
0.001342814415693283
-0.00714133121073246
-0.0010681478306651115
0.005096591077744961
-0.0029602954164147377
-0.009094515815377235
0.0010071108117699623
0.010071108117699623
0.0021057771518826485
-0.006164738908410072
0.0016174810007214546
0.009216589853167534
0.0003662221133708954
-0.00872829370200634
-0.0012207403779029846
0.007385479286313057
0.00015259254723787308
-0.008239997550845146
-0.001342814415693283
0.006775109097361565
0.0005798516795039177
-0.00595110934227705
0.0018921475857496262
0.008850367739796638
0.0002136295661330223
-0.008484145626425743
-0.0016785180196166039
0.005920590832829475
-0.0007019257172942162
-0.00714133121073246
0.0005188146606087685
0.006775109097361565
-0.0023499252274632454
-0.010071108117699623
-0.0011291848495602608
0.007629627361893654
-0.00012207403779029846
-0.008484145626425743
-0.0010986663401126862
0.0070192571729421616
0.0001831110566854477
-0.006653035059571266
0.0014038514345884323
0.00872829370200634
0.00033570360392332077
-0.007629627361893654
0.00033570360392332077
0.00799584947526455
-0.0004882961511611938
-0.008850367739796638
-0.0005798516795039177
0.008606219664216042
0.0016785180196166039
-0.006775109097361565
-0.0003662221133708954
0.0070192571729421616
6.103701889514923e-05
-0.0072634052485227585
-0.00033570360392332077
0.006164738908410072
-0.002136295661330223
-0.009704886004328728
-0.001434369944036007
0.0072634052485227585
0.0005188146606087685
-0.0074159977957606316
-0.0009765923023223877
0.005920590832829475
-0.0009460737928748131
-0.007293923757970333
0.0010071108117699623
0.008606219664216042
0.0012207403779029846
-0.005798516795039177
0.0021973326802253723
0.00958281196653843
0.0010071108117699623
-0.00799584947526455
-0.0012512588873505592
0.0070192571729421616
0.0010681478306651115
-0.005920590832829475
0.0002441480755805969
0.00595110934227705
-0.0018616290763020515
-0.007782219909131527
0.001342814415693283
0.008636738173663616
-0.0003662221133708954
-0.008362071588635445
0.00039674062281847
0.009338663890957832
0.0016785180196166039
-0.0072634052485227585
-0.0009765923023223877
0.006164738908410072
-0.0012817773967981339
-0.008606219664216042
-0.0007629627361893654
0.0070192571729421616
-0.0005798516795039177
-0.008484145626425743
-0.0013733329251408577
0.005920590832829475
-0.0013122959062457085
-0.00787377543747425
0.0004882961511611938
0.007629627361893654
-0.0011597033590078354
-0.009216589853167534
-0.0008850367739796638
0.007507553324103355
-0.00015259254723787308
-0.008117923513054848
-0.0005798516795039177
0.006897183135151863
-0.001037629321217537
-0.008362071588635445
0.00033570360392332077
0.008606219664216042
0.0003662221133708954
-0.008117923513054848
-0.0004272591322660446
0.007629627361893654
-0.00027466658502817154
-0.008606219664216042
-0.0009155552834272385
0.007629627361893654
0.0006103701889514923
-0.0072634052485227585
0.0
0.00787377543747425
0.0008850367739796638
-0.006653035059571266
0.00012207403779029846
0.006653035059571266
-0.0013122959062457085
-0.008362071588635445
-6.103701889514923e-05
0.007751701399683952
0.0
-0.007507553324103355
0.0004882961511611938
0.008239997550845146
0.0004272591322660446
-0.00714133121073246
0.0010681478306651115
0.009094515815377235
0.0007629627361893654
-0.008606219664216042
-0.0024414807558059692
0.005310220643877983
-0.0008239997550845146
-0.0070192571729421616
0.0007629627361893654
0.007385479286313057
-0.0011597033590078354
-0.00872829370200634
-0.00045777764171361923
0.007507553324103355
-9.155552834272385e-05
-0.00714133121073246
0.0018005920574069023
0.010467848740518093
0.0025635547935962677
-0.006164738908410072
0.00039674062281847
0.007385479286313057
-0.00030518509447574615
-0.00714133121073246
0.001739555038511753
0.0099795525893569
0.0014954069629311562
-0.0072634052485227585
0.00033570360392332077
0.008972441777586937
0.0019531846046447754
-0.006439405493438244
0.0
0.0072634052485227585
0.00027466658502817154
-0.006897183135151863
0.00012207403779029846
0.006561479531228542
-0.0019531846046447754
-0.009704886004328728
-0.0019226660951972008
0.005920590832829475
-0.0010986663401126862
-0.007385479286313057
0.002136295661330223
0.011291848495602608
0.0036011841148138046
-0.006042664870619774
-0.0010071108117699623
0.005706961266696453
-0.0007629627361893654
-0.006653035059571266
0.0014038514345884323
0.008362071588635445
0.0006103701889514923
-0.006042664870619774
0.0023194067180156708
0.009216589853167534
0.00027466658502817154
-0.007507553324103355
0.0009765923023223877
0.00872829370200634
-3.0518509447574615e-05
-0.008362071588635445
0.0002441480755805969
0.009216589853167534
0.0014038514345884323
-0.007507553324103355
-0.0005188146606087685
0.007507553324103355
0.0002441480755805969
-0.007629627361893654
-0.00030518509447574615
0.007507553324103355
0.0004272591322660446
-0.006775109097361565
0.0009765923023223877
0.008514664135873318
0.0004882961511611938
-0.007385479286313057
0.0004882961511611938
0.008850367739796638
0.0017700735479593277
-0.006286812946200371
-9.155552834272385e-05
0.006164738908410072
-0.0017700735479593277
-0.00872829370200634
-0.0002136295661330223
0.00799584947526455
0.0006408886983990669
-0.0070192571729421616
0.00012207403779029846
0.00714133121073246
-0.0006408886983990669
-0.00787377543747425
0.00012207403779029846
0.007507553324103355
-0.0006714072078466415
-0.008239997550845146
0.0005493331700563431
0.009704886004328728
0.0027161473408341408
-0.0054322946816682816
0.0012817773967981339
0.008362071588635445
0.0006408886983990669
-0.0070192571729421616
0.0004272591322660446
0.00787377543747425
0.00033570360392332077
-0.0070192571729421616
0.00039674062281847
0.0070192571729421616
-0.0012207403779029846
-0.007751701399683952
0.0016174810007214546
0.009094515815377235
-0.0007019257172942162
-0.009735404513776302
-0.001037629321217537
0.00799584947526455
0.00030518509447574615
-0.007629627361893654
0.001037629321217537
0.009826960042119026
0.0014954069629311562
-0.007751701399683952
-6.103701889514923e-05
0.00946073792874813
0.0028992583975195885
-0.006164738908410072
-0.0008239997550845146
0.006164738908410072
-0.00027466658502817154
-0.006775109097361565
0.00079348124563694
0.00787377543747425
0.0
-0.008026367984712124
-0.00119022186845541
0.006042664870619774
-0.0006714072078466415
-0.0070192571729421616
0.0005493331700563431
0.006927701644599438
-0.0012817773967981339
-0.007751701399683952
0.001037629321217537
0.00787377543747425
-0.0016479995101690292
-0.007385479286313057
0.0006103701889514923
0.008117923513054848
-0.0005493331700563431
-0.009704886004328728
-0.0030518509447574615
0.004974517039954662
-0.0013122959062457085
-0.0076601458713412285
0.00033570360392332077
0.00714133121073246
-0.0018005920574069023
-0.010345774702727795
-0.0023499252274632454
0.006530961021780968
-0.0002136295661330223
-0.008362071588635445
-0.0016479995101690292
0.006530961021780968
0.0008239997550845146
-0.0058290353044867516
0.0008545182645320892
0.0072634052485227585
0.0001831110566854477
-0.006042664870619774
0.00158696249127388
0.007751701399683952
-0.0008239997550845146
-0.007751701399683952
0.0011597033590078354
0.008972441777586937
0.00012207403779029846
-0.008972441777586937
-0.0016785180196166039
0.007171849720180035
0.0009765923023223877
-0.006408886983990669
0.0002441480755805969
0.007293923757970333
0.0001831110566854477
-0.006408886983990669
0.001831110566854477
0.009704886004328728
0.0020447401329874992
-0.006408886983990669
-0.0004272591322660446
0.006195257417857647
-0.00079348124563694
-0.006775109097361565
0.0019226660951972008
0.009704886004328728
0.0019531846046447754
-0.005798516795039177
0.0015259254723787308
0.00872829370200634
0.0006714072078466415
-0.00753807183355093
-0.00039674062281847
0.00714133121073246
-6.103701889514923e-05
-0.00753807183355093
-0.0002136295661330223
0.0072634052485227585
0.0004882961511611938
-0.0056764427572488785
0.0029602954164147377
0.01071199681609869
0.0023499252274632454
-0.006408886983990669
6.103701889514923e-05
0.007293923757970333
0.0002136295661330223
-0.006408886983990669
0.0015259254723787308
0.008484145626425743
6.103701889514923e-05
-0.007507553324103355
0.0011291848495602608
0.009826960042119026
0.0025025177747011185
-0.00555436871945858
0.0015259254723787308
0.008850367739796638
0.0007629627361893654
-0.007751701399683952
-0.0008545182645320892
0.007049775682389736
0.0001831110566854477
-0.0072634052485227585
-0.00030518509447574615
0.0070192571729421616
9.155552834272385e-05
-0.0070192571729421616
-0.00015259254723787308
0.006286812946200371
-0.0014038514345884323
-0.00799584947526455
0.00039674062281847
0.00787377543747425
-0.0001831110566854477
-0.007751701399683952
0.00027466658502817154
0.008117923513054848
0.0004272591322660446
-0.0072634052485227585
0.00045777764171361923
0.00799584947526455
-0.00015259254723787308
-0.008362071588635445
-0.0007019257172942162
0.007751701399683952
0.0009460737928748131
-0.006775109097361565
3.0518509447574615e-05
0.00714133121073246
-0.0002441480755805969
-0.00753807183355093
0.00027466658502817154
0.008239997550845146
0.0012817773967981339
-0.006164738908410072
0.0007629627361893654
0.007507553324103355
-0.0005188146606087685
-0.008362071588635445
-0.0010986663401126862
0.006653035059571266
3.0518509447574615e-05
-0.006775109097361565
0.00027466658502817154
0.006530961021780968
-0.001342814415693283
-0.007507553324103355
0.0016174810007214546
0.00912503432482481
0.0
-0.008484145626425743
-0.00045777764171361923
0.007629627361893654
-0.0003662221133708954
-0.008484145626425743
-0.0005798516795039177
0.0076601458713412285
-0.0002136295661330223
-0.008484145626425743
-0.0007324442267417908
0.008026367984712124
0.0011291848495602608
-0.006927701644599438
-0.00015259254723787308
0.0074159977957606316
0.0007629627361893654
-0.0056764427572488785
0.0021668141707777977
0.009247108362615108
0.0013733329251408577
-0.005462813191115856
0.0030518509447574615
0.010071108117699623
0.0006103701889514923
-0.008362071588635445
-0.0006714072078466415
0.007293923757970333
-0.0012512588873505592
-0.01031525619328022
-0.0029908139258623123
0.006042664870619774
0.00039674062281847
-0.006042664870619774
0.00158696249127388
0.008606219664216042
0.0006408886983990669
-0.006683553569018841
0.0014648884534835815
0.008758812211453915
-9.155552834272385e-05
-0.008514664135873318
-0.00027466658502817154
0.008636738173663616
0.0014648884534835815
-0.006897183135151863
-0.0004882961511611938
0.006408886983990669
-0.0011291848495602608
-0.008117923513054848
9.155552834272385e-05
0.00787377543747425
0.0001831110566854477
-0.00714133121073246
0.0012817773967981339
0.00946073792874813
0.00158696249127388
-0.006775109097361565
0.00027466658502817154
0.007751701399683952
0.00039674062281847
-0.006530961021780968
0.0018616290763020515
0.00958281196653843
0.0011291848495602608
-0.007385479286313057
0.0002441480755805969
0.00872829370200634
0.0018616290763020515
-0.005798516795039177
0.00119022186845541
0.008148442022502422
-3.0518509447574615e-05
-0.008026367984712124
-0.0006103701889514923
0.006897183135151863
-0.0004272591322660446
-0.007385479286313057
0.0007019257172942162
0.00799584947526455
-0.00030518509447574615
-0.00787377543747425
0.0006408886983990669
0.008850367739796638
0.0008239997550845146
-0.007507553324103355
-0.0002441480755805969
0.0070192571729421616
-0.0012512588873505592
-0.00912503432482481
-0.0007019257172942162
0.007629627361893654
-0.00033570360392332077
-0.00872829370200634
-0.0009155552834272385
0.008026367984712124
0.001434369944036007
-0.006164738908410072
0.0007019257172942162
0.007507553324103355
-0.0007019257172942162
-0.00872829370200634
-0.0014648884534835815
0.005798516795039177
-0.0020447401329874992
-0.00958281196653843
-0.001342814415693283
0.007385479286313057
0.0008545182645320892
-0.006164738908410072
0.0015259254723787308
0.009094515815377235
0.001342814415693283
-0.006897183135151863
-0.0001831110566854477
0.0070192571729421616
-0.00033570360392332077
-0.007782219909131527
-0.00027466658502817154
0.007507553324103355
0.001037629321217537
-0.0054322946816682816
0.0017700735479593277
0.0076601458713412285
-0.0011291848495602608
-0.007782219909131527
0.0019226660951972008
0.010071108117699623
0.0006408886983990669
-0.009338663890957832
-0.0024414807558059692
0.006286812946200371
0.00015259254723787308
-0.006653035059571266
0.0014954069629311562
0.009826960042119026
0.0023194067180156708
-0.006805627606809139
-0.0014954069629311562
0.004821924492716789
-0.002075258642435074
-0.008117923513054848
0.00027466658502817154
0.007751701399683952
0.0002441480755805969
-0.006653035059571266
0.001342814415693283
0.008239997550845146
-0.0003662221133708954
-0.007782219909131527
0.00158696249127388
0.010925626382231712
0.0035096285864710808
-0.0054322946816682816
0.0005493331700563431
0.00714133121073246
-0.0009155552834272385
-0.008850367739796638
-0.00158696249127388
0.0058290353044867516
-0.0018921475857496262
-0.009338663890957832
-0.0011291848495602608
0.0076601458713412285
0.0009765923023223877
-0.006530961021780968
0.0005188146606087685
0.00787377543747425
0.0005493331700563431
-0.00714133121073246
-0.0003662221133708954
0.006805627606809139
-3.0518509447574615e-05
-0.006164738908410072
0.0019531846046447754
0.00872829370200634
-6.103701889514923e-05
-0.008362071588635445
-0.0009765923023223877
0.006530961021780968
-0.0008545182645320892
-0.007629627361893654
0.0009765923023223877
0.008972441777586937
0.001037629321217537
-0.006775109097361565
0.0013122959062457085
0.00946073792874813
0.001342814415693283
-0.00799584947526455
-0.0020447401329874992
0.005188146606087685
-0.0018616290763020515
-0.009094515815377235
-0.0014954069629311562
0.006653035059571266
0.00045777764171361923
-0.006164738908410072
0.00079348124563694
0.006775109097361565
-0.0016785180196166039
-0.008484145626425743
0.00079348124563694
0.00958281196653843
0.0019226660951972008
-0.006775109097361565
-0.0004272591322660446
0.006805627606809139
-0.0002441480755805969
-0.0070192571729421616
0.0006714072078466415
0.0076601458713412285
-0.0006714072078466415
-0.008484145626425743
-0.0007324442267417908
0.00714133121073246
-6.103701889514923e-05
-0.007049775682389736
0.0012512588873505592
0.009002960287034512
0.0008850367739796638
-0.00714133121073246
0.0005798516795039177
0.008484145626425743
0.0006408886983990669
-0.007782219909131527
-0.0006714072078466415
0.007171849720180035
0.0
-0.007629627361893654
-0.0005493331700563431
0.006897183135151863
-6.103701889514923e-05
-0.006775109097361565
0.0011597033590078354
0.008484145626425743
0.0005798516795039177
-0.006897183135151863
0.0010071108117699623
0.008606219664216042
0.0005493331700563431
-0.007751701399683952
-0.0006408886983990669
0.006897183135151863
-0.0005493331700563431
-0.00799584947526455
-0.0001831110566854477
0.007751701399683952
0.00012207403779029846
-0.008362071588635445
-0.0020142216235399246
0.005310220643877983
-0.0009765923023223877
-0.0070192571729421616
0.00045777764171361923
0.006164738908410072
-0.0028077028691768646
-0.009216589853167534
0.0011291848495602608
0.010071108117699623
0.0014648884534835815
-0.007385479286313057
0.0004882961511611938
0.009002960287034512
0.0010681478306651115
-0.007629627361893654
-0.00015259254723787308
0.00872829370200634
0.0023194067180156708
-0.005340739153325558
0.001739555038511753
0.009216589853167534
0.0018616290763020515
-0.005920590832829475
0.0009460737928748131
0.00799584947526455
0.00039674062281847
-0.0072634052485227585
-6.103701889514923e-05
0.007507553324103355
0.0006408886983990669
-0.006286812946200371
0.0008850367739796638
0.0072634052485227585
-0.0014038514345884323
-0.00958281196653843
-0.0021668141707777977
0.005920590832829475
-0.0002441480755805969
-0.006286812946200371
0.0017090365290641785
0.00839259009808302
-0.00045777764171361923
-0.00839259009808302
-0.0002136295661330223
0.007751701399683952
-0.00012207403779029846
-0.008117923513054848
-0.00045777764171361923
0.007385479286313057
-0.0004272591322660446
-0.00872829370200634
-0.001739555038511753
0.006042664870619774
-0.00027466658502817154
-0.006042664870619774
0.002533036284148693
0.008972441777586937
-0.0012512588873505592
-0.010437330231070518
-0.0019226660951972008
0.007782219909131527
0.0007324442267417908
-0.008362071588635445
-0.0025025177747011185
0.005188146606087685
-0.00033570360392332077
-0.0056764427572488785
0.0024109622463583946
0.008606219664216042
-0.0004272591322660446
-0.007751701399683952
0.0013122959062457085
0.00946073792874813
0.0008850367739796638
-0.00753807183355093
0.0008850367739796638
0.009704886004328728
0.00198370311409235
-0.0070192571729421616
-0.00039674062281847
0.007385479286313057
0.00015259254723787308
-0.00787377543747425
-0.0011291848495602608
0.006286812946200371
-0.0006103701889514923
-0.0072634052485227585
0.001037629321217537
0.008972441777586937
0.0010071108117699623
-0.008117923513054848
-0.0024414807558059692
0.004699850454926491
-0.00119022186845541
-0.006683553569018841
0.001434369944036007
0.00787377543747425
-0.0005188146606087685
-0.007507553324103355
0.0010071108117699623
0.008484145626425743
6.103701889514923e-05
-0.007629627361893654
0.0009155552834272385
0.009216589853167534
0.00119022186845541
-0.00714133121073246
0.0005798516795039177
0.008850367739796638
0.001434369944036007
-0.006530961021780968
0.0007019257172942162
0.00787377543747425
-0.0008545182645320892
-0.010071108117699623
-0.003082369454205036
0.0056764427572488785
-0.0002441480755805969
-0.0076601458713412285
-0.0012207403779029846
0.005798516795039177
-0.0006103701889514923
-0.006653035059571266
0.0010071108117699623
0.007507553324103355
-0.00039674062281847
-0.006897183135151863
0.0017090365290641785
0.008850367739796638
6.103701889514923e-05
-0.007751701399683952
0.0006408886983990669
0.008484145626425743
9.155552834272385e-05
-0.00799584947526455
-9.155552834272385e-05
0.00714133121073246
-0.002227851189672947
-0.01116977445781231
-0.002471999265253544
0.007751701399683952
0.0018616290763020515
-0.0056764427572488785
0.001342814415693283
0.00839259009808302
-9.155552834272385e-05
-0.008362071588635445
-0.00027466658502817154
0.008972441777586937
0.002685628831386566
-0.005340739153325558
0.0007629627361893654
0.007385479286313057
-6.103701889514923e-05
-0.007507553324103355
-0.00045777764171361923
0.006805627606809139
-0.0001831110566854477
-0.006897183135151863
0.00030518509447574615
0.006439405493438244
-0.002136295661330223
-0.008972441777586937
9.155552834272385e-05
0.008239997550845146
0.00015259254723787308
-0.007904293946921825
0.0
0.007751701399683952
-0.0005493331700563431
-0.009216589853167534
-0.0020447401329874992
0.006042664870619774
-0.0006714072078466415
-0.007385479286313057
0.0011291848495602608
0.009613330475986004
0.0022583696991205215
-0.00595110934227705
0.00045777764171361923
0.006897183135151863
-0.0008545182645320892
-0.007385479286313057
0.001434369944036007
0.008880886249244213
-0.0005798516795039177
-0.009949034079909325
-0.0025635547935962677
0.006164738908410072
-0.00030518509447574615
-0.007385479286313057
0.0007324442267417908
0.009216589853167534
0.0021057771518826485
-0.006286812946200371
-0.00039674062281847
0.005920590832829475
-0.0018616290763020515
-0.009094515815377235
-0.0011291848495602608
0.0070192571729421616
9.155552834272385e-05
-0.007507553324103355
-0.0010071108117699623
0.0054322946816682816
-0.0019226660951972008
-0.008026367984712124
0.0009460737928748131
0.008484145626425743
-0.0002136295661330223
-0.008850367739796638
-0.0014648884534835815
0.006683553569018841
-0.00033570360392332077
-0.007507553324103355
0.00030518509447574615
0.00787377543747425
-0.00027466658502817154
-0.009094515815377235
-0.003021332435309887
0.003723258152604103
-0.0031128879636526108
-0.008362071588635445
0.0017700735479593277
0.010437330231070518
0.002288888208568096
-0.006164738908410072
0.0012817773967981339
0.008850367739796638
0.00045777764171361923
-0.008362071588635445
-0.0014954069629311562
0.006042664870619774
-0.0015564439818263054
-0.00946073792874813
-0.0021668141707777977
0.00555436871945858
-0.0014038514345884323
-0.00799584947526455
0.00045777764171361923
0.008239997550845146
0.0004882961511611938
-0.006775109097361565
0.001739555038511753
0.009826960042119026
0.00158696249127388
-0.007171849720180035
-3.0518509447574615e-05
0.007751701399683952
0.00039674062281847
-0.00714133121073246
0.0006103701889514923
0.008484145626425743
0.0009460737928748131
-0.0070192571729421616
0.00012207403779029846
0.007751701399683952
0.0007324442267417908
-0.006286812946200371
0.0014038514345884323
0.00872829370200634
0.00079348124563694
-0.00714133121073246
0.00012207403779029846
0.007385479286313057
-0.0005493331700563431
-0.008362071588635445
-0.0004272591322660446
0.008514664135873318
0.0024414807558059692
-0.004699850454926491
0.0018005920574069023
0.00799584947526455
0.0
-0.0072634052485227585
0.0005188146606087685
0.008117923513054848
0.0005798516795039177
-0.00714133121073246
6.103701889514923e-05
0.007507553324103355
0.0002136295661330223
-0.0072634052485227585
-6.103701889514923e-05
0.0072634052485227585
0.0
-0.007385479286313057
-0.0007019257172942162
0.0054322946816682816
-0.0024414807558059692
-0.008484145626425743
0.0012207403779029846
0.009704886004328728
0.00119022186845541
-0.008148442022502422
-0.0013122959062457085
0.006897183135151863
0.0002136295661330223
-0.007629627361893654
-0.0012817773967981339
0.005706961266696453
-0.0011291848495602608
-0.007507553324103355
3.0518509447574615e-05
0.006286812946200371
-0.00198370311409235
-0.008239997550845146
0.001342814415693283
0.009094515815377235
-0.0003662221133708954
-0.009338663890957832
-0.0009460737928748131
0.008362071588635445
0.0013122959062457085
-0.006775109097361565
0.0007324442267417908
0.008850367739796638
0.001342814415693283
-0.00714133121073246
-0.0010681478306651115
0.005096591077744961
-0.0029602954164147377
-0.009094515815377235
0.0010071108117699623
0.010071108117699623
0.0021057771518826485
-0.006164738908410072
0.0016174810007214546
0.009216589853167534
0.0003662221133708954
-0.00872829370200634
-0.0012207403779029846
0.007385479286313057
0.00015259254723787308
-0.008239997550845146
-0.001342814415693283
0.006775109097361565
0.0005798516795039177
-0.00595110934227705
0.0018921475857496262
0.008850367739796638
0.0002136295661330223
-0.008484145626425743
-0.0016785180196166039
0.005920590832829475
-0.0007019257172942162
-0.00714133121073246
0.0005188146606087685
0.006775109097361565
-0.0023499252274632454
-0.010071108117699623
-0.0011291848495602608
0.007629627361893654
-0.00012207403779029846
-0.008484145626425743
-0.0010986663401126862
0.0070192571729421616
0.0001831110566854477
-0.006653035059571266
0.0014038514345884323
0.00872829370200634
0.00033570360392332077
-0.007629627361893654
0.00033570360392332077
0.00799584947526455
-0.0004882961511611938
-0.008850367739796638
-0.0005798516795039177
0.008606219664216042
0.0016785180196166039
-0.006775109097361565
-0.0003662221133708954
0.0070192571729421616
6.103701889514923e-05
-0.0072634052485227585
-0.00033570360392332077
0.006164738908410072
-0.002136295661330223
-0.009704886004328728
-0.001434369944036007
0.0072634052485227585
0.0005188146606087685
-0.0074159977957606316
-0.0009765923023223877
0.005920590832829475
-0.0009460737928748131
-0.007293923757970333
0.0010071108117699623
0.008606219664216042
0.0012207403779029846
-0.005798516795039177
0.0021973326802253723
0.00958281196653843
0.0010071108117699623
-0.00799584947526455
-0.0012512588873505592
0.0070192571729421616
0.0010681478306651115
-0.005920590832829475
0.0002441480755805969
0.00595110934227705
-0.0018616290763020515
-0.007782219909131527
0.001342814415693283
0.008636738173663616
-0.0003662221133708954
-0.008362071588635445
0.00039674062281847
0.009338663890957832
0.0016785180196166039
-0.0072634052485227585
-0.0009765923023223877
0.006164738908410072
-0.0012817773967981339
-0.008606219664216042
-0.0007629627361893654
0.0070192571729421616
-0.0005798516795039177
-0.008484145626425743
-0.0013733329251408577
0.005920590832829475
-0.0013122959062457085
-0.00787377543747425
0.0004882961511611938
0.007629627361893654
-0.0011597033590078354
-0.009216589853167534
-0.0008850367739796638
0.007507553324103355
-0.00015259254723787308
-0.008117923513054848
-0.0005798516795039177
0.006897183135151863
-0.001037629321217537
-0.008362071588635445
0.00033570360392332077
0.008606219664216042
0.0003662221133708954
-0.008117923513054848
-0.0004272591322660446
0.007629627361893654
-0.00027466658502817154
-0.008606219664216042
-0.0009155552834272385
0.007629627361893654
0.0006103701889514923
-0.0072634052485227585
0.0
0.00787377543747425
0.0008850367739796638
-0.006653035059571266
0.00012207403779029846
0.006653035059571266
-0.0013122959062457085
-0.008362071588635445
-6.103701889514923e-05
0.007751701399683952
0.0
-0.007507553324103355
0.0004882961511611938
0.008239997550845146
0.0004272591322660446
-0.00714133121073246
0.0010681478306651115
0.009094515815377235
0.0007629627361893654
-0.008606219664216042
-0.0024414807558059692
0.005310220643877983
-0.0008239997550845146
-0.0070192571729421616
0.0007629627361893654
0.007385479286313057
-0.0011597033590078354
-0.00872829370200634
-0.00045777764171361923
0.007507553324103355
-9.155552834272385e-05
-0.00714133121073246
0.0018005920574069023
0.010467848740518093
0.0025635547935962677
-0.006164738908410072
0.00039674062281847
0.007385479286313057
-0.00030518509447574615
-0.00714133121073246
0.001739555038511753
0.0099795525893569
0.0014954069629311562
-0.0072634052485227585
0.00033570360392332077
0.008972441777586937
0.0019531846046447754
-0.006439405493438244
0.0
0.0072634052485227585
0.00027466658502817154
-0.006897183135151863
0.00012207403779029846
0.006561479531228542
-0.0019531846046447754
-0.009704886004328728
-0.0019226660951972008
0.005920590832829475
-0.0010986663401126862
-0.007385479286313057
0.002136295661330223
0.011291848495602608
0.0036011841148138046
-0.006042664870619774
-0.0010071108117699623
0.005706961266696453
-0.0007629627361893654
-0.006653035059571266
0.0014038514345884323
0.008362071588635445
0.0006103701889514923
-0.006042664870619774
0.0023194067180156708
0.009216589853167534
0.00027466658502817154
-0.007507553324103355
0.0009765923023223877
0.00872829370200634
-3.0518509447574615e-05
-0.008362071588635445
0.0002441480755805969
0.009216589853167534
0.0014038514345884323
-0.007507553324103355
-0.0005188146606087685
0.007507553324103355
0.0002441480755805969
-0.007629627361893654
-0.00030518509447574615
0.007507553324103355
0.0004272591322660446
-0.006775109097361565
0.0009765923023223877
0.008514664135873318
0.0004882961511611938
-0.007385479286313057
0.0004882961511611938
0.008850367739796638
0.0017700735479593277
-0.006286812946200371
-9.155552834272385e-05
0.006164738908410072
-0.0017700735479593277
-0.00872829370200634
-0.0002136295661330223
0.00799584947526455
0.0006408886983990669
-0.0070192571729421616
0.00012207403779029846
0.00714133121073246
-0.0006408886983990669
-0.00787377543747425
0.00012207403779029846
0.007507553324103355
-0.0006714072078466415
-0.008239997550845146
0.0005493331700563431
0.009704886004328728
0.0027161473408341408
-0.0054322946816682816
0.0012817773967981339
0.008362071588635445
0.0006408886983990669
-0.0070192571729421616
0.0004272591322660446
0.00787377543747425
0.00033570360392332077
-0.0070192571729421616
0.00039674062281847
0.0070192571729421616
-0.0012207403779029846
-0.007751701399683952
0.0016174810007214546
0.009094515815377235
-0.0007019257172942162
-0.009735404513776302
-0.001037629321217537
0.00799584947526455
0.00030518509447574615
-0.007629627361893654
0.001037629321217537
0.009826960042119026
0.0014954069629311562
-0.007751701399683952
-6.103701889514923e-05
0.00946073792874813
0.0028992583975195885
-0.006164738908410072
-0.0008239997550845146
0.006164738908410072
-0.00027466658502817154
-0.006775109097361565
0.00079348124563694
0.00787377543747425
0.0
-0.008026367984712124
-0.00119022186845541
0.006042664870619774
-0.0006714072078466415
-0.0070192571729421616
0.0005493331700563431
0.006927701644599438
-0.0012817773967981339
-0.007751701399683952
0.001037629321217537
0.00787377543747425
-0.0016479995101690292
-0.007385479286313057
0.0006103701889514923
0.008117923513054848
-0.0005493331700563431
-0.009704886004328728
-0.0030518509447574615
0.004974517039954662
-0.0013122959062457085
-0.0076601458713412285
0.00033570360392332077
0.00714133121073246
-0.0018005920574069023
-0.010345774702727795
-0.0023499252274632454
0.006530961021780968
-0.0002136295661330223
-0.008362071588635445
-0.0016479995101690292
0.006530961021780968
0.0008239997550845146
-0.0058290353044867516
0.0008545182645320892
0.0072634052485227585
0.0001831110566854477
-0.006042664870619774
0.00158696249127388
0.007751701399683952
-0.0008239997550845146
-0.007751701399683952
0.0011597033590078354
0.008972441777586937
0.00012207403779029846
-0.008972441777586937
-0.0016785180196166039
0.007171849720180035
0.0009765923023223877
-0.006408886983990669
0.0002441480755805969
0.007293923757970333
0.0001831110566854477
-0.006408886983990669
0.001831110566854477
0.009704886004328728
0.0020447401329874992
-0.006408886983990669
-0.0004272591322660446
0.006195257417857647
-0.00079348124563694
-0.006775109097361565
0.0019226660951972008
0.009704886004328728
0.0019531846046447754
-0.005798516795039177
0.0015259254723787308
0.00872829370200634
0.0006714072078466415
-0.00753807183355093
-0.00039674062281847
0.00714133121073246
-6.103701889514923e-05
-0.00753807183355093
-0.0002136295661330223
0.0072634052485227585
0.0004882961511611938
-0.0056764427572488785
0.0029602954164147377
0.01071199681609869
0.0023499252274632454
-0.006408886983990669
6.103701889514923e-05
0.007293923757970333
0.0002136295661330223
-0.006408886983990669
0.0015259254723787308
0.008484145626425743
6.103701889514923e-05
-0.007507553324103355
0.0011291848495602608
0.009826960042119026
0.0025025177747011185
-0.00555436871945858
0.0015259254723787308
0.008850367739796638
0.0007629627361893654
-0.007751701399683952
-0.0008545182645320892
0.007049775682389736
0.0001831110566854477
-0.0072634052485227585
-0.00030518509447574615
0.0070192571729421616
9.155552834272385e-05
-0.0070192571729421616
-0.00015259254723787308
0.006286812946200371
-0.0014038514345884323
-0.00799584947526455
0.00039674062281847
0.00787377543747425
-0.0001831110566854477
-0.007751701399683952
0.00027466658502817154
0.008117923513054848
0.0004272591322660446
-0.0072634052485227585
0.00045777764171361923
0.00799584947526455
-0.00015259254723787308
-0.008362071588635445
-0.0007019257172942162
0.007751701399683952
0.0009460737928748131
-0.006775109097361565
3.0518509447574615e-05
0.00714133121073246
-0.0002441480755805969
-0.00753807183355093
0.00027466658502817154
0.008239997550845146
0.0012817773967981339
-0.006164738908410072
0.0007629627361893654
0.007507553324103355
-0.0005188146606087685
-0.008362071588635445
-0.0010986663401126862
0.006653035059571266
3.0518509447574615e-05
-0.006775109097361565
0.00027466658502817154
0.006530961021780968
-0.001342814415693283
-0.007507553324103355
0.0016174810007214546
0.00912503432482481
0.0
-0.008484145626425743
-0.00045777764171361923
0.007629627361893654
-0.0003662221133708954
-0.008484145626425743
-0.0005798516795039177
0.0076601458713412285
-0.0002136295661330223
-0.008484145626425743
-0.0007324442267417908
0.008026367984712124
0.0011291848495602608
-0.006927701644599438
-0.00015259254723787308
0.0074159977957606316
0.0007629627361893654
-0.0056764427572488785
0.0021668141707777977
0.009247108362615108
0.0013733329251408577
-0.005462813191115856
0.0030518509447574615
0.010071108117699623
0.0006103701889514923
-0.008362071588635445
-0.0006714072078466415
0.007293923757970333
-0.0012512588873505592
-0.01031525619328022
-0.0029908139258623123
0.006042664870619774
0.00039674062281847
-0.006042664870619774
0.00158696249127388
0.008606219664216042
0.0006408886983990669
-0.006683553569018841
0.0014648884534835815
0.008758812211453915
-9.155552834272385e-05
-0.008514664135873318
-0.00027466658502817154
0.008636738173663616
0.0014648884534835815
-0.006897183135151863
-0.0004882961511611938
0.006408886983990669
-0.0011291848495602608
-0.008117923513054848
9.155552834272385e-05
0.00787377543747425
0.0001831110566854477
-0.00714133121073246
0.0012817773967981339
0.00946073792874813
0.00158696249127388
-0.006775109097361565
0.00027466658502817154
0.007751701399683952
0.00039674062281847
-0.006530961021780968
0.0018616290763020515
0.00958281196653843
0.0011291848495602608
-0.007385479286313057
0.0002441480755805969
0.00872829370200634
0.0018616290763020515
-0.005798516795039177
0.00119022186845541
0.008148442022502422
-3.0518509447574615e-05
-0.008026367984712124
-0.0006103701889514923
0.006897183135151863
-0.0004272591322660446
-0.007385479286313057
0.0007019257172942162
0.00799584947526455
-0.00030518509447574615
-0.00787377543747425
0.0006408886983990669
0.008850367739796638
0.0008239997550845146
-0.007507553324103355
-0.0002441480755805969
0.0070192571729421616
-0.0012512588873505592
-0.00912503432482481
-0.0007019257172942162
0.007629627361893654
-0.00033570360392332077
-0.00872829370200634
-0.0009155552834272385
0.008026367984712124
0.001434369944036007
-0.006164738908410072
0.0007019257172942162
0.007507553324103355
-0.0007019257172942162
-0.00872829370200634
-0.0014648884534835815
0.005798516795039177
-0.0020447401329874992
-0.00958281196653843
-0.001342814415693283
0.007385479286313057
0.0008545182645320892
-0.006164738908410072
0.0015259254723787308
0.009094515815377235
0.001342814415693283
-0.006897183135151863
-0.0001831110566854477
0.0070192571729421616
-0.00033570360392332077
-0.007782219909131527
-0.00027466658502817154
0.007507553324103355
0.001037629321217537
-0.0054322946816682816
0.0017700735479593277
0.0076601458713412285
-0.0011291848495602608
-0.007782219909131527
0.0019226660951972008
0.010071108117699623
0.0006408886983990669
-0.009338663890957832
-0.0024414807558059692
0.006286812946200371
0.00015259254723787308
-0.006653035059571266
0.0014954069629311562
0.009826960042119026
0.0023194067180156708
-0.006805627606809139
-0.0014954069629311562
0.004821924492716789
-0.002075258642435074
-0.008117923513054848
0.00027466658502817154
0.007751701399683952
0.0002441480755805969
-0.006653035059571266
0.001342814415693283
0.008239997550845146
-0.0003662221133708954
-0.007782219909131527
0.00158696249127388
0.010925626382231712
0.0035096285864710808
-0.0054322946816682816
0.0005493331700563431
0.00714133121073246
-0.0009155552834272385
-0.008850367739796638
-0.00158696249127388
0.0058290353044867516
-0.0018921475857496262
-0.009338663890957832
-0.0011291848495602608
0.0076601458713412285
0.0009765923023223877
-0.006530961021780968
0.0005188146606087685
0.00787377543747425
0.0005493331700563431
-0.00714133121073246
-0.0003662221133708954
0.006805627606809139
-3.0518509447574615e-05
-0.006164738908410072
0.0019531846046447754
0.00872829370200634
-6.103701889514923e-05
-0.008362071588635445
-0.0009765923023223877
0.006530961021780968
-0.0008545182645320892
-0.007629627361893654
0.0009765923023223877
0.008972441777586937
0.001037629321217537
-0.006775109097361565
0.0013122959062457085
0.00946073792874813
0.001342814415693283
-0.00799584947526455
-0.0020447401329874992
0.005188146606087685
-0.0018616290763020515
-0.009094515815377235
-0.0014954069629311562
0.006653035059571266
0.00045777764171361923
-0.006164738908410072
0.00079348124563694
0.006775109097361565
-0.0016785180196166039
-0.008484145626425743
0.00079348124563694
0.00958281196653843
0.0019226660951972008
-0.006775109097361565
-0.0004272591322660446
0.006805627606809139
-0.0002441480755805969
-0.0070192571729421616
0.0006714072078466415
0.0076601458713412285
-0.0006714072078466415
-0.008484145626425743
-0.0007324442267417908
0.00714133121073246
-6.103701889514923e-05
-0.007049775682389736
0.0012512588873505592
0.009002960287034512
0.0008850367739796638
-0.00714133121073246
0.0005798516795039177
0.008484145626425743
0.0006408886983990669
-0.007782219909131527
-0.0006714072078466415
0.007171849720180035
0.0
-0.007629627361893654
-0.0005493331700563431
0.006897183135151863
-6.103701889514923e-05
-0.006775109097361565
0.0011597033590078354
0.008484145626425743
0.0005798516795039177
-0.006897183135151863
0.0010071108117699623
0.008606219664216042
0.0005493331700563431
-0.007751701399683952
-0.0006408886983990669
0.006897183135151863
-0.0005493331700563431
-0.00799584947526455
-0.0001831110566854477
0.007751701399683952
0.00012207403779029846
-0.008362071588635445
-0.0020142216235399246
0.005310220643877983
-0.0009765923023223877
-0.0070192571729421616
0.00045777764171361923
0.006164738908410072
-0.0028077028691768646
-0.009216589853167534
0.0011291848495602608
0.010071108117699623
0.0014648884534835815
-0.007385479286313057
0.0004882961511611938
0.009002960287034512
0.0010681478306651115
-0.007629627361893654
-0.00015259254723787308
0.00872829370200634
0.0023194067180156708
-0.005340739153325558
0.001739555038511753
0.009216589853167534
0.0018616290763020515
-0.005920590832829475
0.0009460737928748131
0.00799584947526455
0.00039674062281847
-0.0072634052485227585
-6.103701889514923e-05
0.007507553324103355
0.0006408886983990669
-0.006286812946200371
0.0008850367739796638
0.0072634052485227585
-0.0014038514345884323
-0.00958281196653843
-0.0021668141707777977
0.005920590832829475
-0.0002441480755805969
-0.006286812946200371
0.0017090365290641785
0.00839259009808302
-0.00045777764171361923
-0.00839259009808302
-0.0002136295661330223
0.007751701399683952
-0.00012207403779029846
-0.008117923513054848
-0.00045777764171361923
0.007385479286313057
-0.0004272591322660446
-0.00872829370200634
-0.001739555038511753
0.006042664870619774
-0.00027466658502817154
-0.006042664870619774
0.002533036284148693
0.008972441777586937
-0.0012512588873505592
-0.010437330231070518
-0.0019226660951972008
0.007782219909131527
0.0007324442267417908
-0.008362071588635445
-0.0025025177747011185
0.005188146606087685
-0.00033570360392332077
-0.0056764427572488785
0.0024109622463583946
0.008606219664216042
-0.0004272591322660446
-0.007751701399683952
0.0013122959062457085
0.00946073792874813
0.0008850367739796638
-0.00753807183355093
0.0008850367739796638
0.009704886004328728
0.00198370311409235
-0.0070192571729421616
-0.00039674062281847
0.007385479286313057
0.00015259254723787308
-0.00787377543747425
-0.0011291848495602608
0.006286812946200371
-0.0006103701889514923
-0.0072634052485227585
0.001037629321217537
0.008972441777586937
0.0010071108117699623
-0.008117923513054848
-0.0024414807558059692
0.004699850454926491
-0.00119022186845541
-0.006683553569018841
0.001434369944036007
0.00787377543747425
-0.0005188146606087685
-0.007507553324103355
0.0010071108117699623
0.008484145626425743
6.103701889514923e-05
-0.007629627361893654
0.0009155552834272385
0.009216589853167534
0.00119022186845541
-0.00714133121073246
0.0005798516795039177
0.008850367739796638
0.001434369944036007
-0.006530961021780968
0.0007019257172942162
0.00787377543747425
-0.0008545182645320892
-0.010071108117699623
-0.003082369454205036
0.0056764427572488785
-0.0002441480755805969
-0.0076601458713412285
-0.0012207403779029846
0.005798516795039177
-0.0006103701889514923
-0.006653035059571266
0.0010071108117699623
0.007507553324103355
-0.00039674062281847
-0.006897183135151863
0.0017090365290641785
0.008850367739796638
6.103701889514923e-05
-0.007751701399683952
0.0006408886983990669
0.008484145626425743
9.155552834272385e-05
-0.00799584947526455
-9.155552834272385e-05
0.00714133121073246
-0.002227851189672947
-0.01116977445781231
-0.002471999265253544
0.007751701399683952
0.0018616290763020515
-0.0056764427572488785
0.001342814415693283
0.00839259009808302
-9.155552834272385e-05
-0.008362071588635445
-0.00027466658502817154
0.008972441777586937
0.002685628831386566
-0.005340739153325558
0.0007629627361893654
0.007385479286313057
-6.103701889514923e-05
-0.007507553324103355
-0.00045777764171361923
0.006805627606809139
-0.0001831110566854477
-0.006897183135151863
0.00030518509447574615
0.006439405493438244
-0.002136295661330223
-0.008972441777586937
9.155552834272385e-05
0.008239997550845146
0.00015259254723787308
-0.007904293946921825
0.0
0.007751701399683952
-0.0005493331700563431
-0.009216589853167534
-0.0020447401329874992
0.006042664870619774
-0.0006714072078466415
-0.007385479286313057
0.0011291848495602608
0.009613330475986004
0.0022583696991205215
-0.00595110934227705
0.00045777764171361923
0.006897183135151863
-0.0008545182645320892
-0.007385479286313057
0.001434369944036007
0.008880886249244213
-0.0005798516795039177
-0.009949034079909325
-0.0025635547935962677
0.006164738908410072
-0.00030518509447574615
-0.007385479286313057
0.0007324442267417908
0.009216589853167534
0.0021057771518826485
-0.006286812946200371
-0.00039674062281847
0.005920590832829475
-0.0018616290763020515
-0.009094515815377235
-0.0011291848495602608
0.0070192571729421616
9.155552834272385e-05
-0.007507553324103355
-0.0010071108117699623
0.0054322946816682816
-0.0019226660951972008
-0.008026367984712124
0.0009460737928748131
0.008484145626425743
-0.0002136295661330223
-0.008850367739796638
-0.0014648884534835815
0.006683553569018841
-0.00033570360392332077
-0.007507553324103355
0.00030518509447574615
0.00787377543747425
-0.00027466658502817154
-0.009094515815377235
-0.003021332435309887
0.003723258152604103
-0.0031128879636526108
-0.008362071588635445
0.0017700735479593277
0.010437330231070518
0.002288888208568096
-0.006164738908410072
0.0012817773967981339
0.008850367739796638
0.00045777764171361923
-0.008362071588635445
-0.0014954069629311562
0.006042664870619774
-0.0015564439818263054
-0.00946073792874813
-0.0021668141707777977
0.00555436871945858
-0.0014038514345884323
-0.00799584947526455
0.00045777764171361923
0.008239997550845146
0.0004882961511611938
-0.006775109097361565
0.001739555038511753
0.009826960042119026
0.00158696249127388
-0.007171849720180035
-3.0518509447574615e-05
0.007751701399683952
0.00039674062281847
-0.00714133121073246
0.0006103701889514923
0.008484145626425743
0.0009460737928748131
-0.0070192571729421616
0.00012207403779029846
0.007751701399683952
0.0007324442267417908
-0.006286812946200371
0.0014038514345884323
0.00872829370200634
0.00079348124563694
-0.00714133121073246
0.00012207403779029846
0.007385479286313057
-0.0005493331700563431
-0.008362071588635445
-0.0004272591322660446
0.008514664135873318
0.0024414807558059692
-0.004699850454926491
0.0018005920574069023
0.00799584947526455
0.0
-0.0072634052485227585
0.0005188146606087685
0.008117923513054848
0.0005798516795039177
-0.00714133121073246
6.103701889514923e-05
0.007507553324103355
0.0002136295661330223
-0.0072634052485227585
-6.103701889514923e-05
0.0072634052485227585
0.0
-0.007385479286313057
-0.0007019257172942162
0.0054322946816682816
-0.0024414807558059692
-0.008484145626425743
0.0012207403779029846
0.009704886004328728
0.00119022186845541
-0.008148442022502422
-0.0013122959062457085
0.006897183135151863
0.0002136295661330223
-0.007629627361893654
-0.0012817773967981339
0.005706961266696453
-0.0011291848495602608
-0.007507553324103355
3.0518509447574615e-05
0.006286812946200371
-0.00198370311409235
-0.008239997550845146
0.001342814415693283
0.009094515815377235
-0.0003662221133708954
-0.009338663890957832
-0.0009460737928748131
0.008362071588635445
0.0013122959062457085
-0.006775109097361565
0.0007324442267417908
0.008850367739796638
0.001342814415693283
-0.00714133121073246
-0.0010681478306651115
0.005096591077744961
-0.0029602954164147377
-0.009094515815377235
0.0010071108117699623
0.010071108117699623
0.0021057771518826485
-0.006164738908410072
0.0016174810007214546
0.009216589853167534
0.0003662221133708954
-0.00872829370200634
-0.0012207403779029846
0.007385479286313057
0.00015259254723787308
-0.008239997550845146
-0.001342814415693283
0.006775109097361565
0.0005798516795039177
-0.00595110934227705
0.0018921475857496262
0.008850367739796638
0.0002136295661330223
-0.008484145626425743
-0.0016785180196166039
0.005920590832829475
-0.0007019257172942162
-0.00714133121073246
0.0005188146606087685
0.006775109097361565
-0.0023499252274632454
-0.010071108117699623
-0.0011291848495602608
0.007629627361893654
-0.00012207403779029846
-0.008484145626425743
-0.0010986663401126862
0.0070192571729421616
0.0001831110566854477
-0.006653035059571266
0.0014038514345884323
0.00872829370200634
0.00033570360392332077
-0.007629627361893654
0.00033570360392332077
0.00799584947526455
-0.0004882961511611938
-0.008850367739796638
-0.0005798516795039177
0.008606219664216042
0.0016785180196166039
-0.006775109097361565
-0.0003662221133708954
0.0070192571729421616
6.103701889514923e-05
-0.0072634052485227585
-0.00033570360392332077
0.006164738908410072
-0.002136295661330223
-0.009704886004328728
-0.001434369944036007
0.0072634052485227585
0.0005188146606087685
-0.0074159977957606316
-0.0009765923023223877
0.005920590832829475
-0.0009460737928748131
-0.007293923757970333
0.0010071108117699623
0.008606219664216042
0.0012207403779029846
-0.005798516795039177
0.0021973326802253723
0.00958281196653843
0.0010071108117699623
-0.00799584947526455
-0.0012512588873505592
0.0070192571729421616
0.0010681478306651115
-0.005920590832829475
0.0002441480755805969
0.00595110934227705
-0.0018616290763020515
-0.007782219909131527
0.001342814415693283
0.008636738173663616
-0.0003662221133708954
-0.008362071588635445
0.00039674062281847
0.009338663890957832
0.0016785180196166039
-0.0072634052485227585
-0.0009765923023223877
0.006164738908410072
-0.0012817773967981339
-0.008606219664216042
-0.0007629627361893654
0.0070192571729421616
-0.0005798516795039177
-0.008484145626425743
-0.0013733329251408577
0.005920590832829475
-0.0013122959062457085
-0.00787377543747425
0.0004882961511611938
0.007629627361893654
-0.0011597033590078354
-0.009216589853167534
-0.0008850367739796638
0.007507553324103355
-0.00015259254723787308
-0.008117923513054848
-0.0005798516795039177
0.006897183135151863
-0.001037629321217537
-0.008362071588635445
0.00033570360392332077
0.008606219664216042
0.0003662221133708954
-0.008117923513054848
-0.0004272591322660446
0.007629627361893654
-0.00027466658502817154
-0.008606219664216042
-0.0009155552834272385
0.007629627361893654
0.0006103701889514923
-0.0072634052485227585
0.0
0.00787377543747425
0.0008850367739796638
-0.006653035059571266
0.00012207403779029846
0.006653035059571266
-0.0013122959062457085
-0.008362071588635445
-6.103701889514923e-05
0.007751701399683952
0.0
-0.007507553324103355
0.0004882961511611938
0.008239997550845146
0.0004272591322660446
-0.00714133121073246
0.0010681478306651115
0.009094515815377235
0.0007629627361893654
-0.008606219664216042
-0.0024414807558059692
0.005310220643877983
-0.0008239997550845146
-0.0070192571729421616
0.0007629627361893654
0.007385479286313057
-0.0011597033590078354
-0.00872829370200634
-0.00045777764171361923
0.007507553324103355
-9.155552834272385e-05
-0.00714133121073246
0.0018005920574069023
0.010467848740518093
0.0025635547935962677
-0.006164738908410072
0.00039674062281847
0.007385479286313057
-0.00030518509447574615
-0.00714133121073246
0.001739555038511753
0.0099795525893569
0.0014954069629311562
-0.0072634052485227585
0.00033570360392332077
0.008972441777586937
0.0019531846046447754
-0.006439405493438244
0.0
0.0072634052485227585
0.00027466658502817154
-0.006897183135151863
0.00012207403779029846
0.006561479531228542
-0.0019531846046447754
-0.009704886004328728
-0.0019226660951972008
0.005920590832829475
-0.0010986663401126862
-0.007385479286313057
0.002136295661330223
0.011291848495602608
0.0036011841148138046
-0.006042664870619774
-0.0010071108117699623
0.005706961266696453
-0.0007629627361893654
-0.006653035059571266
0.0014038514345884323
0.008362071588635445
0.0006103701889514923
-0.006042664870619774
0.0023194067180156708
0.009216589853167534
0.00027466658502817154
-0.007507553324103355
0.0009765923023223877
0.00872829370200634
-3.0518509447574615e-05
-0.008362071588635445
0.0002441480755805969
0.009216589853167534
0.0014038514345884323
-0.007507553324103355
-0.0005188146606087685
0.007507553324103355
0.0002441480755805969
-0.007629627361893654
-0.00030518509447574615
0.007507553324103355
0.0004272591322660446
-0.006775109097361565
0.0009765923023223877
0.008514664135873318
0.0004882961511611938
-0.007385479286313057
0.0004882961511611938
0.008850367739796638
0.0017700735479593277
-0.006286812946200371
-9.155552834272385e-05
0.006164738908410072
-0.0017700735479593277
-0.00872829370200634
-0.0002136295661330223
0.00799584947526455
0.0006408886983990669
-0.0070192571729421616
0.00012207403779029846
0.00714133121073246
-0.0006408886983990669
-0.00787377543747425
0.00012207403779029846
0.007507553324103355
-0.0006714072078466415
-0.008239997550845146
0.0005493331700563431
0.009704886004328728
0.0027161473408341408
-0.0054322946816682816
0.0012817773967981339
0.008362071588635445
0.0006408886983990669
-0.0070192571729421616
0.0004272591322660446
0.00787377543747425
0.00033570360392332077
-0.0070192571729421616
0.00039674062281847
0.0070192571729421616
-0.0012207403779029846
-0.007751701399683952
0.0016174810007214546
0.009094515815377235
-0.0007019257172942162
-0.009735404513776302
-0.001037629321217537
0.00799584947526455
0.00030518509447574615
-0.007629627361893654
0.001037629321217537
0.009826960042119026
0.0014954069629311562
-0.007751701399683952
-6.103701889514923e-05
0.00946073792874813
0.0028992583975195885
-0.006164738908410072
-0.0008239997550845146
0.006164738908410072
-0.00027466658502817154
-0.006775109097361565
0.00079348124563694
0.00787377543747425
0.0
-0.008026367984712124
-0.00119022186845541
0.006042664870619774
-0.0006714072078466415