ISO-10303-21;
HEADER;
/* Generated by software containing ST-Developer
 * from STEP Tools, Inc. (www.steptools.com) 
 */
/* OPTION: using custom renumber hook */

FILE_DESCRIPTION(
/* description */ ('STEP AP242',
'CAx-IF Rec.Pracs.---Representation and Presentation of Product Manufa
cturing Information (PMI)---4.0---2014-10-13',
'CAx-IF Rec.Pracs.---3D Tessellated Geometry---0.4---2014-09-14','2;1'),

/* implementation_level */ '2;1');

FILE_NAME(
/* name */ '68e56a804595ee8b6350f09f',
/* time_stamp */ '2025-10-07T19:31:12Z',
/* author */ (''),
/* organization */ (''),
/* preprocessor_version */ 'ST-DEVELOPER v20',
/* originating_system */ 'ONSHAPE BY PTC INC, 1.204',
/* authorisation */ '  ');

FILE_SCHEMA (('AP242_MANAGED_MODEL_BASED_3D_ENGINEERING_MIM_LF { 1 0 10303 442 1 1 4 }'));
ENDSEC;

DATA;
#10=SHAPE_REPRESENTATION_RELATIONSHIP('','',#3136,#11);
#11=ADVANCED_BREP_SHAPE_REPRESENTATION('',(#3134),#4852);
#12=CYLINDRICAL_SURFACE('',#3184,0.000175);
#13=CYLINDRICAL_SURFACE('',#3188,0.000175);
#14=CYLINDRICAL_SURFACE('',#3191,0.000175);
#15=CYLINDRICAL_SURFACE('',#3291,0.000175);
#16=CYLINDRICAL_SURFACE('',#3292,0.000175);
#17=CYLINDRICAL_SURFACE('',#3293,0.000175);
#18=CYLINDRICAL_SURFACE('',#3294,0.000175);
#19=CYLINDRICAL_SURFACE('',#3295,0.000175);
#20=CYLINDRICAL_SURFACE('',#3296,0.000175);
#21=CYLINDRICAL_SURFACE('',#3297,0.000175);
#22=CYLINDRICAL_SURFACE('',#3298,0.000175);
#23=CYLINDRICAL_SURFACE('',#3299,0.000175);
#24=CYLINDRICAL_SURFACE('',#3300,0.000175);
#25=CYLINDRICAL_SURFACE('',#3301,0.000175);
#26=CYLINDRICAL_SURFACE('',#3302,0.000175);
#27=CYLINDRICAL_SURFACE('',#3303,0.000175);
#28=CYLINDRICAL_SURFACE('',#3304,0.000175);
#29=CYLINDRICAL_SURFACE('',#3305,0.000175);
#30=CYLINDRICAL_SURFACE('',#3306,0.000175);
#31=CYLINDRICAL_SURFACE('',#3307,0.000175);
#32=CYLINDRICAL_SURFACE('',#3312,0.000375);
#33=CYLINDRICAL_SURFACE('',#3321,0.0003);
#34=CYLINDRICAL_SURFACE('',#3322,0.0003);
#35=CYLINDRICAL_SURFACE('',#3323,0.0003);
#36=CYLINDRICAL_SURFACE('',#3324,0.0003);
#37=OVER_RIDING_STYLED_ITEM('',(#2825),#2707,#2823);
#38=OVER_RIDING_STYLED_ITEM('',(#2826),#2710,#2823);
#39=OVER_RIDING_STYLED_ITEM('',(#2827),#2712,#2823);
#40=OVER_RIDING_STYLED_ITEM('',(#2828),#2717,#2823);
#41=OVER_RIDING_STYLED_ITEM('',(#2829),#2721,#2823);
#42=OVER_RIDING_STYLED_ITEM('',(#2830),#2725,#2823);
#43=OVER_RIDING_STYLED_ITEM('',(#2831),#2729,#2823);
#44=OVER_RIDING_STYLED_ITEM('',(#2832),#2733,#2823);
#45=OVER_RIDING_STYLED_ITEM('',(#2833),#2737,#2823);
#46=OVER_RIDING_STYLED_ITEM('',(#2834),#2741,#2823);
#47=OVER_RIDING_STYLED_ITEM('',(#2835),#2745,#2823);
#48=OVER_RIDING_STYLED_ITEM('',(#2836),#2749,#2823);
#49=OVER_RIDING_STYLED_ITEM('',(#2837),#2753,#2823);
#50=OVER_RIDING_STYLED_ITEM('',(#2838),#2757,#2823);
#51=OVER_RIDING_STYLED_ITEM('',(#2839),#2761,#2823);
#52=OVER_RIDING_STYLED_ITEM('',(#2840),#2765,#2823);
#53=OVER_RIDING_STYLED_ITEM('',(#2841),#2769,#2823);
#54=OVER_RIDING_STYLED_ITEM('',(#2842),#2773,#2823);
#55=OVER_RIDING_STYLED_ITEM('',(#2843),#2777,#2823);
#56=OVER_RIDING_STYLED_ITEM('',(#2844),#2781,#2823);
#57=OVER_RIDING_STYLED_ITEM('',(#2845),#2785,#2823);
#58=OVER_RIDING_STYLED_ITEM('',(#2846),#2789,#2823);
#59=OVER_RIDING_STYLED_ITEM('',(#2847),#2793,#2823);
#60=OVER_RIDING_STYLED_ITEM('',(#2848),#2794,#2823);
#61=OVER_RIDING_STYLED_ITEM('',(#2849),#2795,#2823);
#62=OVER_RIDING_STYLED_ITEM('',(#2850),#2796,#2823);
#63=OVER_RIDING_STYLED_ITEM('',(#2851),#2797,#2823);
#64=OVER_RIDING_STYLED_ITEM('',(#2852),#2798,#2823);
#65=OVER_RIDING_STYLED_ITEM('',(#2853),#2799,#2823);
#66=OVER_RIDING_STYLED_ITEM('',(#2854),#2800,#2823);
#67=OVER_RIDING_STYLED_ITEM('',(#2855),#2801,#2823);
#68=OVER_RIDING_STYLED_ITEM('',(#2856),#2802,#2823);
#69=OVER_RIDING_STYLED_ITEM('',(#2857),#2803,#2823);
#70=OVER_RIDING_STYLED_ITEM('',(#2858),#2804,#2823);
#71=OVER_RIDING_STYLED_ITEM('',(#2859),#2805,#2823);
#72=OVER_RIDING_STYLED_ITEM('',(#2860),#2806,#2823);
#73=OVER_RIDING_STYLED_ITEM('',(#2861),#2807,#2823);
#74=OVER_RIDING_STYLED_ITEM('',(#2862),#2808,#2823);
#75=OVER_RIDING_STYLED_ITEM('',(#2863),#2809,#2823);
#76=OVER_RIDING_STYLED_ITEM('',(#2864),#2810,#2823);
#77=OVER_RIDING_STYLED_ITEM('',(#2865),#2811,#2823);
#78=OVER_RIDING_STYLED_ITEM('',(#2866),#2812,#2823);
#79=OVER_RIDING_STYLED_ITEM('',(#2867),#2813,#2823);
#80=OVER_RIDING_STYLED_ITEM('',(#2868),#2814,#2823);
#81=OVER_RIDING_STYLED_ITEM('',(#2869),#2816,#2823);
#82=OVER_RIDING_STYLED_ITEM('',(#2870),#2817,#2823);
#83=OVER_RIDING_STYLED_ITEM('',(#2871),#2818,#2823);
#84=OVER_RIDING_STYLED_ITEM('',(#2872),#2819,#2823);
#85=OVER_RIDING_STYLED_ITEM('',(#2873),#2820,#2823);
#86=OVER_RIDING_STYLED_ITEM('',(#2874),#2821,#2823);
#87=CIRCLE('',#3139,0.000175);
#88=CIRCLE('',#3140,0.000175);
#89=CIRCLE('',#3141,0.000175);
#90=CIRCLE('',#3142,0.000175);
#91=CIRCLE('',#3143,0.000175);
#92=CIRCLE('',#3144,0.000175);
#93=CIRCLE('',#3145,0.000175);
#94=CIRCLE('',#3146,0.000175);
#95=CIRCLE('',#3147,0.000175);
#96=CIRCLE('',#3148,0.000175);
#97=CIRCLE('',#3149,0.000175);
#98=CIRCLE('',#3150,0.000175);
#99=CIRCLE('',#3151,0.000175);
#100=CIRCLE('',#3152,0.000175);
#101=CIRCLE('',#3153,0.000175);
#102=CIRCLE('',#3154,0.000175);
#103=CIRCLE('',#3155,0.000175);
#104=CIRCLE('',#3156,0.000175);
#105=CIRCLE('',#3157,0.000175);
#106=CIRCLE('',#3158,0.000175);
#107=CIRCLE('',#3159,0.0003);
#108=CIRCLE('',#3160,0.0003);
#109=CIRCLE('',#3161,0.0003);
#110=CIRCLE('',#3162,0.0003);
#111=CIRCLE('',#3185,0.000175);
#112=CIRCLE('',#3189,0.000175);
#113=CIRCLE('',#3192,0.000175);
#114=CIRCLE('',#3210,0.000175);
#115=CIRCLE('',#3215,0.000175);
#116=CIRCLE('',#3220,0.000175);
#117=CIRCLE('',#3225,0.000175);
#118=CIRCLE('',#3230,0.000175);
#119=CIRCLE('',#3235,0.000175);
#120=CIRCLE('',#3240,0.000175);
#121=CIRCLE('',#3245,0.000175);
#122=CIRCLE('',#3250,0.000175);
#123=CIRCLE('',#3255,0.000175);
#124=CIRCLE('',#3260,0.000175);
#125=CIRCLE('',#3265,0.000175);
#126=CIRCLE('',#3270,0.000175);
#127=CIRCLE('',#3275,0.000175);
#128=CIRCLE('',#3280,0.000175);
#129=CIRCLE('',#3285,0.000175);
#130=CIRCLE('',#3290,0.000175);
#131=CIRCLE('',#3313,0.000375);
#132=CIRCLE('',#3314,0.000375);
#133=CIRCLE('',#3316,0.0003);
#134=CIRCLE('',#3317,0.0003);
#135=CIRCLE('',#3318,0.0003);
#136=CIRCLE('',#3319,0.0003);
#137=ORIENTED_EDGE('',*,*,#933,.F.);
#138=ORIENTED_EDGE('',*,*,#934,.T.);
#139=ORIENTED_EDGE('',*,*,#935,.F.);
#140=ORIENTED_EDGE('',*,*,#936,.T.);
#141=ORIENTED_EDGE('',*,*,#937,.F.);
#142=ORIENTED_EDGE('',*,*,#938,.T.);
#143=ORIENTED_EDGE('',*,*,#939,.F.);
#144=ORIENTED_EDGE('',*,*,#940,.T.);
#145=ORIENTED_EDGE('',*,*,#941,.F.);
#146=ORIENTED_EDGE('',*,*,#942,.T.);
#147=ORIENTED_EDGE('',*,*,#943,.F.);
#148=ORIENTED_EDGE('',*,*,#944,.T.);
#149=ORIENTED_EDGE('',*,*,#945,.F.);
#150=ORIENTED_EDGE('',*,*,#946,.T.);
#151=ORIENTED_EDGE('',*,*,#947,.F.);
#152=ORIENTED_EDGE('',*,*,#948,.T.);
#153=ORIENTED_EDGE('',*,*,#949,.F.);
#154=ORIENTED_EDGE('',*,*,#950,.T.);
#155=ORIENTED_EDGE('',*,*,#951,.F.);
#156=ORIENTED_EDGE('',*,*,#952,.T.);
#157=ORIENTED_EDGE('',*,*,#953,.T.);
#158=ORIENTED_EDGE('',*,*,#954,.T.);
#159=ORIENTED_EDGE('',*,*,#955,.T.);
#160=ORIENTED_EDGE('',*,*,#956,.T.);
#161=ORIENTED_EDGE('',*,*,#957,.T.);
#162=ORIENTED_EDGE('',*,*,#958,.T.);
#163=ORIENTED_EDGE('',*,*,#959,.T.);
#164=ORIENTED_EDGE('',*,*,#960,.T.);
#165=ORIENTED_EDGE('',*,*,#961,.T.);
#166=ORIENTED_EDGE('',*,*,#962,.T.);
#167=ORIENTED_EDGE('',*,*,#963,.T.);
#168=ORIENTED_EDGE('',*,*,#964,.T.);
#169=ORIENTED_EDGE('',*,*,#965,.T.);
#170=ORIENTED_EDGE('',*,*,#966,.T.);
#171=ORIENTED_EDGE('',*,*,#967,.T.);
#172=ORIENTED_EDGE('',*,*,#968,.F.);
#173=ORIENTED_EDGE('',*,*,#969,.T.);
#174=ORIENTED_EDGE('',*,*,#970,.F.);
#175=ORIENTED_EDGE('',*,*,#971,.F.);
#176=ORIENTED_EDGE('',*,*,#972,.F.);
#177=ORIENTED_EDGE('',*,*,#973,.T.);
#178=ORIENTED_EDGE('',*,*,#974,.F.);
#179=ORIENTED_EDGE('',*,*,#975,.F.);
#180=ORIENTED_EDGE('',*,*,#976,.F.);
#181=ORIENTED_EDGE('',*,*,#977,.F.);
#182=ORIENTED_EDGE('',*,*,#978,.T.);
#183=ORIENTED_EDGE('',*,*,#979,.T.);
#184=ORIENTED_EDGE('',*,*,#980,.T.);
#185=ORIENTED_EDGE('',*,*,#981,.T.);
#186=ORIENTED_EDGE('',*,*,#982,.T.);
#187=ORIENTED_EDGE('',*,*,#983,.F.);
#188=ORIENTED_EDGE('',*,*,#984,.T.);
#189=ORIENTED_EDGE('',*,*,#935,.T.);
#190=ORIENTED_EDGE('',*,*,#985,.T.);
#191=ORIENTED_EDGE('',*,*,#986,.F.);
#192=ORIENTED_EDGE('',*,*,#987,.T.);
#193=ORIENTED_EDGE('',*,*,#988,.F.);
#194=ORIENTED_EDGE('',*,*,#989,.F.);
#195=ORIENTED_EDGE('',*,*,#990,.F.);
#196=ORIENTED_EDGE('',*,*,#991,.F.);
#197=ORIENTED_EDGE('',*,*,#937,.T.);
#198=ORIENTED_EDGE('',*,*,#992,.T.);
#199=ORIENTED_EDGE('',*,*,#993,.F.);
#200=ORIENTED_EDGE('',*,*,#994,.T.);
#201=ORIENTED_EDGE('',*,*,#995,.F.);
#202=ORIENTED_EDGE('',*,*,#996,.F.);
#203=ORIENTED_EDGE('',*,*,#997,.F.);
#204=ORIENTED_EDGE('',*,*,#998,.F.);
#205=ORIENTED_EDGE('',*,*,#939,.T.);
#206=ORIENTED_EDGE('',*,*,#999,.T.);
#207=ORIENTED_EDGE('',*,*,#1000,.F.);
#208=ORIENTED_EDGE('',*,*,#1001,.T.);
#209=ORIENTED_EDGE('',*,*,#1002,.F.);
#210=ORIENTED_EDGE('',*,*,#1003,.F.);
#211=ORIENTED_EDGE('',*,*,#1004,.F.);
#212=ORIENTED_EDGE('',*,*,#1005,.F.);
#213=ORIENTED_EDGE('',*,*,#941,.T.);
#214=ORIENTED_EDGE('',*,*,#1006,.T.);
#215=ORIENTED_EDGE('',*,*,#1007,.F.);
#216=ORIENTED_EDGE('',*,*,#1008,.T.);
#217=ORIENTED_EDGE('',*,*,#1009,.F.);
#218=ORIENTED_EDGE('',*,*,#1010,.F.);
#219=ORIENTED_EDGE('',*,*,#1011,.F.);
#220=ORIENTED_EDGE('',*,*,#1012,.F.);
#221=ORIENTED_EDGE('',*,*,#943,.T.);
#222=ORIENTED_EDGE('',*,*,#1013,.T.);
#223=ORIENTED_EDGE('',*,*,#1014,.F.);
#224=ORIENTED_EDGE('',*,*,#1015,.T.);
#225=ORIENTED_EDGE('',*,*,#1016,.F.);
#226=ORIENTED_EDGE('',*,*,#1017,.F.);
#227=ORIENTED_EDGE('',*,*,#1018,.F.);
#228=ORIENTED_EDGE('',*,*,#1019,.F.);
#229=ORIENTED_EDGE('',*,*,#945,.T.);
#230=ORIENTED_EDGE('',*,*,#1020,.T.);
#231=ORIENTED_EDGE('',*,*,#1021,.F.);
#232=ORIENTED_EDGE('',*,*,#1022,.T.);
#233=ORIENTED_EDGE('',*,*,#1023,.F.);
#234=ORIENTED_EDGE('',*,*,#1024,.F.);
#235=ORIENTED_EDGE('',*,*,#1025,.F.);
#236=ORIENTED_EDGE('',*,*,#1026,.F.);
#237=ORIENTED_EDGE('',*,*,#947,.T.);
#238=ORIENTED_EDGE('',*,*,#1027,.T.);
#239=ORIENTED_EDGE('',*,*,#1028,.F.);
#240=ORIENTED_EDGE('',*,*,#1029,.T.);
#241=ORIENTED_EDGE('',*,*,#1030,.F.);
#242=ORIENTED_EDGE('',*,*,#1031,.F.);
#243=ORIENTED_EDGE('',*,*,#1032,.F.);
#244=ORIENTED_EDGE('',*,*,#1033,.F.);
#245=ORIENTED_EDGE('',*,*,#949,.T.);
#246=ORIENTED_EDGE('',*,*,#1034,.T.);
#247=ORIENTED_EDGE('',*,*,#1035,.F.);
#248=ORIENTED_EDGE('',*,*,#1036,.T.);
#249=ORIENTED_EDGE('',*,*,#1037,.F.);
#250=ORIENTED_EDGE('',*,*,#1038,.F.);
#251=ORIENTED_EDGE('',*,*,#1039,.F.);
#252=ORIENTED_EDGE('',*,*,#1040,.F.);
#253=ORIENTED_EDGE('',*,*,#951,.T.);
#254=ORIENTED_EDGE('',*,*,#1041,.T.);
#255=ORIENTED_EDGE('',*,*,#1042,.F.);
#256=ORIENTED_EDGE('',*,*,#1043,.T.);
#257=ORIENTED_EDGE('',*,*,#1044,.F.);
#258=ORIENTED_EDGE('',*,*,#1045,.F.);
#259=ORIENTED_EDGE('',*,*,#974,.T.);
#260=ORIENTED_EDGE('',*,*,#1046,.T.);
#261=ORIENTED_EDGE('',*,*,#1047,.F.);
#262=ORIENTED_EDGE('',*,*,#1048,.T.);
#263=ORIENTED_EDGE('',*,*,#1049,.F.);
#264=ORIENTED_EDGE('',*,*,#1050,.F.);
#265=ORIENTED_EDGE('',*,*,#1051,.F.);
#266=ORIENTED_EDGE('',*,*,#953,.F.);
#267=ORIENTED_EDGE('',*,*,#1052,.T.);
#268=ORIENTED_EDGE('',*,*,#1053,.T.);
#269=ORIENTED_EDGE('',*,*,#1054,.F.);
#270=ORIENTED_EDGE('',*,*,#1055,.T.);
#271=ORIENTED_EDGE('',*,*,#955,.F.);
#272=ORIENTED_EDGE('',*,*,#1056,.T.);
#273=ORIENTED_EDGE('',*,*,#1057,.T.);
#274=ORIENTED_EDGE('',*,*,#1058,.T.);
#275=ORIENTED_EDGE('',*,*,#1059,.T.);
#276=ORIENTED_EDGE('',*,*,#1060,.F.);
#277=ORIENTED_EDGE('',*,*,#1061,.T.);
#278=ORIENTED_EDGE('',*,*,#1062,.F.);
#279=ORIENTED_EDGE('',*,*,#957,.F.);
#280=ORIENTED_EDGE('',*,*,#1063,.T.);
#281=ORIENTED_EDGE('',*,*,#1064,.T.);
#282=ORIENTED_EDGE('',*,*,#1065,.T.);
#283=ORIENTED_EDGE('',*,*,#1066,.T.);
#284=ORIENTED_EDGE('',*,*,#1067,.F.);
#285=ORIENTED_EDGE('',*,*,#1068,.T.);
#286=ORIENTED_EDGE('',*,*,#1069,.F.);
#287=ORIENTED_EDGE('',*,*,#959,.F.);
#288=ORIENTED_EDGE('',*,*,#1070,.T.);
#289=ORIENTED_EDGE('',*,*,#1071,.T.);
#290=ORIENTED_EDGE('',*,*,#1072,.T.);
#291=ORIENTED_EDGE('',*,*,#1073,.T.);
#292=ORIENTED_EDGE('',*,*,#1074,.F.);
#293=ORIENTED_EDGE('',*,*,#1075,.T.);
#294=ORIENTED_EDGE('',*,*,#1076,.F.);
#295=ORIENTED_EDGE('',*,*,#961,.F.);
#296=ORIENTED_EDGE('',*,*,#1077,.T.);
#297=ORIENTED_EDGE('',*,*,#1078,.T.);
#298=ORIENTED_EDGE('',*,*,#1079,.T.);
#299=ORIENTED_EDGE('',*,*,#1080,.T.);
#300=ORIENTED_EDGE('',*,*,#1081,.F.);
#301=ORIENTED_EDGE('',*,*,#1082,.T.);
#302=ORIENTED_EDGE('',*,*,#1083,.F.);
#303=ORIENTED_EDGE('',*,*,#963,.F.);
#304=ORIENTED_EDGE('',*,*,#1084,.T.);
#305=ORIENTED_EDGE('',*,*,#1085,.T.);
#306=ORIENTED_EDGE('',*,*,#1086,.T.);
#307=ORIENTED_EDGE('',*,*,#1087,.T.);
#308=ORIENTED_EDGE('',*,*,#1088,.F.);
#309=ORIENTED_EDGE('',*,*,#1089,.T.);
#310=ORIENTED_EDGE('',*,*,#1090,.F.);
#311=ORIENTED_EDGE('',*,*,#965,.F.);
#312=ORIENTED_EDGE('',*,*,#1091,.T.);
#313=ORIENTED_EDGE('',*,*,#1092,.T.);
#314=ORIENTED_EDGE('',*,*,#1093,.T.);
#315=ORIENTED_EDGE('',*,*,#1094,.T.);
#316=ORIENTED_EDGE('',*,*,#1095,.F.);
#317=ORIENTED_EDGE('',*,*,#1096,.T.);
#318=ORIENTED_EDGE('',*,*,#1097,.F.);
#319=ORIENTED_EDGE('',*,*,#1098,.F.);
#320=ORIENTED_EDGE('',*,*,#1037,.T.);
#321=ORIENTED_EDGE('',*,*,#1099,.T.);
#322=ORIENTED_EDGE('',*,*,#1100,.F.);
#323=ORIENTED_EDGE('',*,*,#1101,.F.);
#324=ORIENTED_EDGE('',*,*,#1030,.T.);
#325=ORIENTED_EDGE('',*,*,#1102,.T.);
#326=ORIENTED_EDGE('',*,*,#1103,.F.);
#327=ORIENTED_EDGE('',*,*,#1104,.F.);
#328=ORIENTED_EDGE('',*,*,#1023,.T.);
#329=ORIENTED_EDGE('',*,*,#1105,.T.);
#330=ORIENTED_EDGE('',*,*,#1106,.F.);
#331=ORIENTED_EDGE('',*,*,#1107,.F.);
#332=ORIENTED_EDGE('',*,*,#1016,.T.);
#333=ORIENTED_EDGE('',*,*,#1108,.T.);
#334=ORIENTED_EDGE('',*,*,#1109,.F.);
#335=ORIENTED_EDGE('',*,*,#1110,.F.);
#336=ORIENTED_EDGE('',*,*,#1009,.T.);
#337=ORIENTED_EDGE('',*,*,#1111,.T.);
#338=ORIENTED_EDGE('',*,*,#1112,.F.);
#339=ORIENTED_EDGE('',*,*,#1113,.F.);
#340=ORIENTED_EDGE('',*,*,#1002,.T.);
#341=ORIENTED_EDGE('',*,*,#1114,.T.);
#342=ORIENTED_EDGE('',*,*,#1115,.F.);
#343=ORIENTED_EDGE('',*,*,#1116,.F.);
#344=ORIENTED_EDGE('',*,*,#995,.T.);
#345=ORIENTED_EDGE('',*,*,#1117,.T.);
#346=ORIENTED_EDGE('',*,*,#1118,.F.);
#347=ORIENTED_EDGE('',*,*,#1119,.F.);
#348=ORIENTED_EDGE('',*,*,#988,.T.);
#349=ORIENTED_EDGE('',*,*,#1120,.T.);
#350=ORIENTED_EDGE('',*,*,#1121,.F.);
#351=ORIENTED_EDGE('',*,*,#1122,.F.);
#352=ORIENTED_EDGE('',*,*,#1123,.T.);
#353=ORIENTED_EDGE('',*,*,#1124,.T.);
#354=ORIENTED_EDGE('',*,*,#1125,.F.);
#355=ORIENTED_EDGE('',*,*,#1126,.F.);
#356=ORIENTED_EDGE('',*,*,#1127,.T.);
#357=ORIENTED_EDGE('',*,*,#1049,.T.);
#358=ORIENTED_EDGE('',*,*,#1128,.T.);
#359=ORIENTED_EDGE('',*,*,#1129,.F.);
#360=ORIENTED_EDGE('',*,*,#1130,.F.);
#361=ORIENTED_EDGE('',*,*,#1131,.T.);
#362=ORIENTED_EDGE('',*,*,#1132,.T.);
#363=ORIENTED_EDGE('',*,*,#1133,.F.);
#364=ORIENTED_EDGE('',*,*,#1134,.F.);
#365=ORIENTED_EDGE('',*,*,#1135,.T.);
#366=ORIENTED_EDGE('',*,*,#1136,.F.);
#367=ORIENTED_EDGE('',*,*,#1137,.T.);
#368=ORIENTED_EDGE('',*,*,#1138,.T.);
#369=ORIENTED_EDGE('',*,*,#1139,.F.);
#370=ORIENTED_EDGE('',*,*,#1140,.F.);
#371=ORIENTED_EDGE('',*,*,#1141,.T.);
#372=ORIENTED_EDGE('',*,*,#1142,.T.);
#373=ORIENTED_EDGE('',*,*,#1143,.F.);
#374=ORIENTED_EDGE('',*,*,#1094,.F.);
#375=ORIENTED_EDGE('',*,*,#1144,.T.);
#376=ORIENTED_EDGE('',*,*,#1145,.T.);
#377=ORIENTED_EDGE('',*,*,#1146,.F.);
#378=ORIENTED_EDGE('',*,*,#1087,.F.);
#379=ORIENTED_EDGE('',*,*,#1147,.T.);
#380=ORIENTED_EDGE('',*,*,#1148,.T.);
#381=ORIENTED_EDGE('',*,*,#1149,.F.);
#382=ORIENTED_EDGE('',*,*,#1080,.F.);
#383=ORIENTED_EDGE('',*,*,#1150,.T.);
#384=ORIENTED_EDGE('',*,*,#1151,.T.);
#385=ORIENTED_EDGE('',*,*,#1152,.F.);
#386=ORIENTED_EDGE('',*,*,#1073,.F.);
#387=ORIENTED_EDGE('',*,*,#1153,.T.);
#388=ORIENTED_EDGE('',*,*,#1154,.T.);
#389=ORIENTED_EDGE('',*,*,#1155,.F.);
#390=ORIENTED_EDGE('',*,*,#1066,.F.);
#391=ORIENTED_EDGE('',*,*,#1156,.T.);
#392=ORIENTED_EDGE('',*,*,#1157,.T.);
#393=ORIENTED_EDGE('',*,*,#1158,.F.);
#394=ORIENTED_EDGE('',*,*,#1059,.F.);
#395=ORIENTED_EDGE('',*,*,#1159,.T.);
#396=ORIENTED_EDGE('',*,*,#1160,.T.);
#397=ORIENTED_EDGE('',*,*,#1161,.F.);
#398=ORIENTED_EDGE('',*,*,#1053,.F.);
#399=ORIENTED_EDGE('',*,*,#1162,.F.);
#400=ORIENTED_EDGE('',*,*,#1044,.T.);
#401=ORIENTED_EDGE('',*,*,#1163,.T.);
#402=ORIENTED_EDGE('',*,*,#1164,.F.);
#403=ORIENTED_EDGE('',*,*,#1165,.F.);
#404=ORIENTED_EDGE('',*,*,#933,.T.);
#405=ORIENTED_EDGE('',*,*,#1166,.T.);
#406=ORIENTED_EDGE('',*,*,#1167,.F.);
#407=ORIENTED_EDGE('',*,*,#1168,.T.);
#408=ORIENTED_EDGE('',*,*,#1123,.F.);
#409=ORIENTED_EDGE('',*,*,#1169,.F.);
#410=ORIENTED_EDGE('',*,*,#1170,.F.);
#411=ORIENTED_EDGE('',*,*,#1171,.F.);
#412=ORIENTED_EDGE('',*,*,#972,.T.);
#413=ORIENTED_EDGE('',*,*,#1172,.T.);
#414=ORIENTED_EDGE('',*,*,#1173,.F.);
#415=ORIENTED_EDGE('',*,*,#1174,.T.);
#416=ORIENTED_EDGE('',*,*,#1131,.F.);
#417=ORIENTED_EDGE('',*,*,#1175,.F.);
#418=ORIENTED_EDGE('',*,*,#1176,.F.);
#419=ORIENTED_EDGE('',*,*,#967,.F.);
#420=ORIENTED_EDGE('',*,*,#1177,.T.);
#421=ORIENTED_EDGE('',*,*,#1178,.T.);
#422=ORIENTED_EDGE('',*,*,#1179,.T.);
#423=ORIENTED_EDGE('',*,*,#1140,.T.);
#424=ORIENTED_EDGE('',*,*,#1180,.F.);
#425=ORIENTED_EDGE('',*,*,#1181,.T.);
#426=ORIENTED_EDGE('',*,*,#1182,.F.);
#427=ORIENTED_EDGE('',*,*,#1183,.F.);
#428=ORIENTED_EDGE('',*,*,#1184,.F.);
#429=ORIENTED_EDGE('',*,*,#968,.T.);
#430=ORIENTED_EDGE('',*,*,#1182,.T.);
#431=ORIENTED_EDGE('',*,*,#1185,.T.);
#432=ORIENTED_EDGE('',*,*,#1186,.T.);
#433=ORIENTED_EDGE('',*,*,#1136,.T.);
#434=ORIENTED_EDGE('',*,*,#1187,.F.);
#435=ORIENTED_EDGE('',*,*,#969,.F.);
#436=ORIENTED_EDGE('',*,*,#1184,.T.);
#437=ORIENTED_EDGE('',*,*,#1188,.F.);
#438=ORIENTED_EDGE('',*,*,#1189,.F.);
#439=ORIENTED_EDGE('',*,*,#970,.T.);
#440=ORIENTED_EDGE('',*,*,#1187,.T.);
#441=ORIENTED_EDGE('',*,*,#1135,.F.);
#442=ORIENTED_EDGE('',*,*,#1190,.F.);
#443=ORIENTED_EDGE('',*,*,#1191,.F.);
#444=ORIENTED_EDGE('',*,*,#1172,.F.);
#445=ORIENTED_EDGE('',*,*,#971,.T.);
#446=ORIENTED_EDGE('',*,*,#1189,.T.);
#447=ORIENTED_EDGE('',*,*,#1192,.F.);
#448=ORIENTED_EDGE('',*,*,#1193,.F.);
#449=ORIENTED_EDGE('',*,*,#975,.T.);
#450=ORIENTED_EDGE('',*,*,#1050,.T.);
#451=ORIENTED_EDGE('',*,*,#1127,.F.);
#452=ORIENTED_EDGE('',*,*,#1194,.F.);
#453=ORIENTED_EDGE('',*,*,#1195,.F.);
#454=ORIENTED_EDGE('',*,*,#1166,.F.);
#455=ORIENTED_EDGE('',*,*,#976,.T.);
#456=ORIENTED_EDGE('',*,*,#1193,.T.);
#457=ORIENTED_EDGE('',*,*,#1162,.T.);
#458=ORIENTED_EDGE('',*,*,#1052,.F.);
#459=ORIENTED_EDGE('',*,*,#952,.F.);
#460=ORIENTED_EDGE('',*,*,#1045,.T.);
#461=ORIENTED_EDGE('',*,*,#1137,.F.);
#462=ORIENTED_EDGE('',*,*,#1186,.F.);
#463=ORIENTED_EDGE('',*,*,#1196,.T.);
#464=ORIENTED_EDGE('',*,*,#1197,.T.);
#465=ORIENTED_EDGE('',*,*,#1138,.F.);
#466=ORIENTED_EDGE('',*,*,#1197,.F.);
#467=ORIENTED_EDGE('',*,*,#1198,.T.);
#468=ORIENTED_EDGE('',*,*,#1199,.T.);
#469=ORIENTED_EDGE('',*,*,#1139,.T.);
#470=ORIENTED_EDGE('',*,*,#1199,.F.);
#471=ORIENTED_EDGE('',*,*,#1200,.F.);
#472=ORIENTED_EDGE('',*,*,#1180,.T.);
#473=ORIENTED_EDGE('',*,*,#1183,.T.);
#474=ORIENTED_EDGE('',*,*,#1181,.F.);
#475=ORIENTED_EDGE('',*,*,#1200,.T.);
#476=ORIENTED_EDGE('',*,*,#1198,.F.);
#477=ORIENTED_EDGE('',*,*,#1196,.F.);
#478=ORIENTED_EDGE('',*,*,#1185,.F.);
#479=ORIENTED_EDGE('',*,*,#1132,.F.);
#480=ORIENTED_EDGE('',*,*,#1174,.F.);
#481=ORIENTED_EDGE('',*,*,#1201,.T.);
#482=ORIENTED_EDGE('',*,*,#1202,.T.);
#483=ORIENTED_EDGE('',*,*,#1133,.T.);
#484=ORIENTED_EDGE('',*,*,#1202,.F.);
#485=ORIENTED_EDGE('',*,*,#1203,.F.);
#486=ORIENTED_EDGE('',*,*,#1204,.T.);
#487=ORIENTED_EDGE('',*,*,#1134,.T.);
#488=ORIENTED_EDGE('',*,*,#1204,.F.);
#489=ORIENTED_EDGE('',*,*,#1205,.F.);
#490=ORIENTED_EDGE('',*,*,#1190,.T.);
#491=ORIENTED_EDGE('',*,*,#1188,.T.);
#492=ORIENTED_EDGE('',*,*,#1205,.T.);
#493=ORIENTED_EDGE('',*,*,#1203,.T.);
#494=ORIENTED_EDGE('',*,*,#1201,.F.);
#495=ORIENTED_EDGE('',*,*,#1173,.T.);
#496=ORIENTED_EDGE('',*,*,#1191,.T.);
#497=ORIENTED_EDGE('',*,*,#1124,.F.);
#498=ORIENTED_EDGE('',*,*,#1168,.F.);
#499=ORIENTED_EDGE('',*,*,#1206,.T.);
#500=ORIENTED_EDGE('',*,*,#1207,.T.);
#501=ORIENTED_EDGE('',*,*,#1125,.T.);
#502=ORIENTED_EDGE('',*,*,#1207,.F.);
#503=ORIENTED_EDGE('',*,*,#1208,.F.);
#504=ORIENTED_EDGE('',*,*,#1209,.T.);
#505=ORIENTED_EDGE('',*,*,#1126,.T.);
#506=ORIENTED_EDGE('',*,*,#1209,.F.);
#507=ORIENTED_EDGE('',*,*,#1210,.F.);
#508=ORIENTED_EDGE('',*,*,#1194,.T.);
#509=ORIENTED_EDGE('',*,*,#1192,.T.);
#510=ORIENTED_EDGE('',*,*,#1210,.T.);
#511=ORIENTED_EDGE('',*,*,#1208,.T.);
#512=ORIENTED_EDGE('',*,*,#1206,.F.);
#513=ORIENTED_EDGE('',*,*,#1167,.T.);
#514=ORIENTED_EDGE('',*,*,#1195,.T.);
#515=ORIENTED_EDGE('',*,*,#1141,.F.);
#516=ORIENTED_EDGE('',*,*,#1179,.F.);
#517=ORIENTED_EDGE('',*,*,#1211,.T.);
#518=ORIENTED_EDGE('',*,*,#1212,.T.);
#519=ORIENTED_EDGE('',*,*,#1142,.F.);
#520=ORIENTED_EDGE('',*,*,#1212,.F.);
#521=ORIENTED_EDGE('',*,*,#1213,.T.);
#522=ORIENTED_EDGE('',*,*,#1214,.T.);
#523=ORIENTED_EDGE('',*,*,#1143,.T.);
#524=ORIENTED_EDGE('',*,*,#1214,.F.);
#525=ORIENTED_EDGE('',*,*,#1215,.F.);
#526=ORIENTED_EDGE('',*,*,#1095,.T.);
#527=ORIENTED_EDGE('',*,*,#1216,.T.);
#528=ORIENTED_EDGE('',*,*,#1096,.F.);
#529=ORIENTED_EDGE('',*,*,#1215,.T.);
#530=ORIENTED_EDGE('',*,*,#1213,.F.);
#531=ORIENTED_EDGE('',*,*,#1211,.F.);
#532=ORIENTED_EDGE('',*,*,#1178,.F.);
#533=ORIENTED_EDGE('',*,*,#1144,.F.);
#534=ORIENTED_EDGE('',*,*,#1093,.F.);
#535=ORIENTED_EDGE('',*,*,#1217,.T.);
#536=ORIENTED_EDGE('',*,*,#1218,.T.);
#537=ORIENTED_EDGE('',*,*,#1145,.F.);
#538=ORIENTED_EDGE('',*,*,#1218,.F.);
#539=ORIENTED_EDGE('',*,*,#1219,.T.);
#540=ORIENTED_EDGE('',*,*,#1220,.T.);
#541=ORIENTED_EDGE('',*,*,#1146,.T.);
#542=ORIENTED_EDGE('',*,*,#1220,.F.);
#543=ORIENTED_EDGE('',*,*,#1221,.F.);
#544=ORIENTED_EDGE('',*,*,#1088,.T.);
#545=ORIENTED_EDGE('',*,*,#1222,.T.);
#546=ORIENTED_EDGE('',*,*,#1089,.F.);
#547=ORIENTED_EDGE('',*,*,#1221,.T.);
#548=ORIENTED_EDGE('',*,*,#1219,.F.);
#549=ORIENTED_EDGE('',*,*,#1217,.F.);
#550=ORIENTED_EDGE('',*,*,#1092,.F.);
#551=ORIENTED_EDGE('',*,*,#1147,.F.);
#552=ORIENTED_EDGE('',*,*,#1086,.F.);
#553=ORIENTED_EDGE('',*,*,#1223,.T.);
#554=ORIENTED_EDGE('',*,*,#1224,.T.);
#555=ORIENTED_EDGE('',*,*,#1148,.F.);
#556=ORIENTED_EDGE('',*,*,#1224,.F.);
#557=ORIENTED_EDGE('',*,*,#1225,.T.);
#558=ORIENTED_EDGE('',*,*,#1226,.T.);
#559=ORIENTED_EDGE('',*,*,#1149,.T.);
#560=ORIENTED_EDGE('',*,*,#1226,.F.);
#561=ORIENTED_EDGE('',*,*,#1227,.F.);
#562=ORIENTED_EDGE('',*,*,#1081,.T.);
#563=ORIENTED_EDGE('',*,*,#1228,.T.);
#564=ORIENTED_EDGE('',*,*,#1082,.F.);
#565=ORIENTED_EDGE('',*,*,#1227,.T.);
#566=ORIENTED_EDGE('',*,*,#1225,.F.);
#567=ORIENTED_EDGE('',*,*,#1223,.F.);
#568=ORIENTED_EDGE('',*,*,#1085,.F.);
#569=ORIENTED_EDGE('',*,*,#1150,.F.);
#570=ORIENTED_EDGE('',*,*,#1079,.F.);
#571=ORIENTED_EDGE('',*,*,#1229,.T.);
#572=ORIENTED_EDGE('',*,*,#1230,.T.);
#573=ORIENTED_EDGE('',*,*,#1151,.F.);
#574=ORIENTED_EDGE('',*,*,#1230,.F.);
#575=ORIENTED_EDGE('',*,*,#1231,.T.);
#576=ORIENTED_EDGE('',*,*,#1232,.T.);
#577=ORIENTED_EDGE('',*,*,#1152,.T.);
#578=ORIENTED_EDGE('',*,*,#1232,.F.);
#579=ORIENTED_EDGE('',*,*,#1233,.F.);
#580=ORIENTED_EDGE('',*,*,#1074,.T.);
#581=ORIENTED_EDGE('',*,*,#1234,.T.);
#582=ORIENTED_EDGE('',*,*,#1075,.F.);
#583=ORIENTED_EDGE('',*,*,#1233,.T.);
#584=ORIENTED_EDGE('',*,*,#1231,.F.);
#585=ORIENTED_EDGE('',*,*,#1229,.F.);
#586=ORIENTED_EDGE('',*,*,#1078,.F.);
#587=ORIENTED_EDGE('',*,*,#1153,.F.);
#588=ORIENTED_EDGE('',*,*,#1072,.F.);
#589=ORIENTED_EDGE('',*,*,#1235,.T.);
#590=ORIENTED_EDGE('',*,*,#1236,.T.);
#591=ORIENTED_EDGE('',*,*,#1154,.F.);
#592=ORIENTED_EDGE('',*,*,#1236,.F.);
#593=ORIENTED_EDGE('',*,*,#1237,.T.);
#594=ORIENTED_EDGE('',*,*,#1238,.T.);
#595=ORIENTED_EDGE('',*,*,#1155,.T.);
#596=ORIENTED_EDGE('',*,*,#1238,.F.);
#597=ORIENTED_EDGE('',*,*,#1239,.F.);
#598=ORIENTED_EDGE('',*,*,#1067,.T.);
#599=ORIENTED_EDGE('',*,*,#1240,.T.);
#600=ORIENTED_EDGE('',*,*,#1068,.F.);
#601=ORIENTED_EDGE('',*,*,#1239,.T.);
#602=ORIENTED_EDGE('',*,*,#1237,.F.);
#603=ORIENTED_EDGE('',*,*,#1235,.F.);
#604=ORIENTED_EDGE('',*,*,#1071,.F.);
#605=ORIENTED_EDGE('',*,*,#1156,.F.);
#606=ORIENTED_EDGE('',*,*,#1065,.F.);
#607=ORIENTED_EDGE('',*,*,#1241,.T.);
#608=ORIENTED_EDGE('',*,*,#1242,.T.);
#609=ORIENTED_EDGE('',*,*,#1157,.F.);
#610=ORIENTED_EDGE('',*,*,#1242,.F.);
#611=ORIENTED_EDGE('',*,*,#1243,.T.);
#612=ORIENTED_EDGE('',*,*,#1244,.T.);
#613=ORIENTED_EDGE('',*,*,#1158,.T.);
#614=ORIENTED_EDGE('',*,*,#1244,.F.);
#615=ORIENTED_EDGE('',*,*,#1245,.F.);
#616=ORIENTED_EDGE('',*,*,#1060,.T.);
#617=ORIENTED_EDGE('',*,*,#1246,.T.);
#618=ORIENTED_EDGE('',*,*,#1061,.F.);
#619=ORIENTED_EDGE('',*,*,#1245,.T.);
#620=ORIENTED_EDGE('',*,*,#1243,.F.);
#621=ORIENTED_EDGE('',*,*,#1241,.F.);
#622=ORIENTED_EDGE('',*,*,#1064,.F.);
#623=ORIENTED_EDGE('',*,*,#1159,.F.);
#624=ORIENTED_EDGE('',*,*,#1058,.F.);
#625=ORIENTED_EDGE('',*,*,#1247,.T.);
#626=ORIENTED_EDGE('',*,*,#1248,.T.);
#627=ORIENTED_EDGE('',*,*,#1160,.F.);
#628=ORIENTED_EDGE('',*,*,#1248,.F.);
#629=ORIENTED_EDGE('',*,*,#1249,.T.);
#630=ORIENTED_EDGE('',*,*,#1250,.T.);
#631=ORIENTED_EDGE('',*,*,#1161,.T.);
#632=ORIENTED_EDGE('',*,*,#1250,.F.);
#633=ORIENTED_EDGE('',*,*,#1251,.F.);
#634=ORIENTED_EDGE('',*,*,#1054,.T.);
#635=ORIENTED_EDGE('',*,*,#1252,.T.);
#636=ORIENTED_EDGE('',*,*,#1055,.F.);
#637=ORIENTED_EDGE('',*,*,#1251,.T.);
#638=ORIENTED_EDGE('',*,*,#1249,.F.);
#639=ORIENTED_EDGE('',*,*,#1247,.F.);
#640=ORIENTED_EDGE('',*,*,#1057,.F.);
#641=ORIENTED_EDGE('',*,*,#1128,.F.);
#642=ORIENTED_EDGE('',*,*,#1048,.F.);
#643=ORIENTED_EDGE('',*,*,#1253,.T.);
#644=ORIENTED_EDGE('',*,*,#1254,.T.);
#645=ORIENTED_EDGE('',*,*,#1129,.T.);
#646=ORIENTED_EDGE('',*,*,#1254,.F.);
#647=ORIENTED_EDGE('',*,*,#1255,.F.);
#648=ORIENTED_EDGE('',*,*,#1256,.T.);
#649=ORIENTED_EDGE('',*,*,#1130,.T.);
#650=ORIENTED_EDGE('',*,*,#1256,.F.);
#651=ORIENTED_EDGE('',*,*,#1257,.F.);
#652=ORIENTED_EDGE('',*,*,#1175,.T.);
#653=ORIENTED_EDGE('',*,*,#1176,.T.);
#654=ORIENTED_EDGE('',*,*,#1257,.T.);
#655=ORIENTED_EDGE('',*,*,#1255,.T.);
#656=ORIENTED_EDGE('',*,*,#1253,.F.);
#657=ORIENTED_EDGE('',*,*,#1047,.T.);
#658=ORIENTED_EDGE('',*,*,#1258,.T.);
#659=ORIENTED_EDGE('',*,*,#1120,.F.);
#660=ORIENTED_EDGE('',*,*,#987,.F.);
#661=ORIENTED_EDGE('',*,*,#1259,.T.);
#662=ORIENTED_EDGE('',*,*,#1260,.T.);
#663=ORIENTED_EDGE('',*,*,#1121,.T.);
#664=ORIENTED_EDGE('',*,*,#1260,.F.);
#665=ORIENTED_EDGE('',*,*,#1261,.F.);
#666=ORIENTED_EDGE('',*,*,#1262,.T.);
#667=ORIENTED_EDGE('',*,*,#1122,.T.);
#668=ORIENTED_EDGE('',*,*,#1262,.F.);
#669=ORIENTED_EDGE('',*,*,#1263,.F.);
#670=ORIENTED_EDGE('',*,*,#1169,.T.);
#671=ORIENTED_EDGE('',*,*,#1170,.T.);
#672=ORIENTED_EDGE('',*,*,#1263,.T.);
#673=ORIENTED_EDGE('',*,*,#1261,.T.);
#674=ORIENTED_EDGE('',*,*,#1259,.F.);
#675=ORIENTED_EDGE('',*,*,#986,.T.);
#676=ORIENTED_EDGE('',*,*,#1264,.T.);
#677=ORIENTED_EDGE('',*,*,#1117,.F.);
#678=ORIENTED_EDGE('',*,*,#994,.F.);
#679=ORIENTED_EDGE('',*,*,#1265,.T.);
#680=ORIENTED_EDGE('',*,*,#1266,.T.);
#681=ORIENTED_EDGE('',*,*,#1118,.T.);
#682=ORIENTED_EDGE('',*,*,#1266,.F.);
#683=ORIENTED_EDGE('',*,*,#1267,.F.);
#684=ORIENTED_EDGE('',*,*,#1268,.T.);
#685=ORIENTED_EDGE('',*,*,#1119,.T.);
#686=ORIENTED_EDGE('',*,*,#1268,.F.);
#687=ORIENTED_EDGE('',*,*,#1269,.F.);
#688=ORIENTED_EDGE('',*,*,#989,.T.);
#689=ORIENTED_EDGE('',*,*,#990,.T.);
#690=ORIENTED_EDGE('',*,*,#1269,.T.);
#691=ORIENTED_EDGE('',*,*,#1267,.T.);
#692=ORIENTED_EDGE('',*,*,#1265,.F.);
#693=ORIENTED_EDGE('',*,*,#993,.T.);
#694=ORIENTED_EDGE('',*,*,#1270,.T.);
#695=ORIENTED_EDGE('',*,*,#1114,.F.);
#696=ORIENTED_EDGE('',*,*,#1001,.F.);
#697=ORIENTED_EDGE('',*,*,#1271,.T.);
#698=ORIENTED_EDGE('',*,*,#1272,.T.);
#699=ORIENTED_EDGE('',*,*,#1115,.T.);
#700=ORIENTED_EDGE('',*,*,#1272,.F.);
#701=ORIENTED_EDGE('',*,*,#1273,.F.);
#702=ORIENTED_EDGE('',*,*,#1274,.T.);
#703=ORIENTED_EDGE('',*,*,#1116,.T.);
#704=ORIENTED_EDGE('',*,*,#1274,.F.);
#705=ORIENTED_EDGE('',*,*,#1275,.F.);
#706=ORIENTED_EDGE('',*,*,#996,.T.);
#707=ORIENTED_EDGE('',*,*,#997,.T.);
#708=ORIENTED_EDGE('',*,*,#1275,.T.);
#709=ORIENTED_EDGE('',*,*,#1273,.T.);
#710=ORIENTED_EDGE('',*,*,#1271,.F.);
#711=ORIENTED_EDGE('',*,*,#1000,.T.);
#712=ORIENTED_EDGE('',*,*,#1276,.T.);
#713=ORIENTED_EDGE('',*,*,#1111,.F.);
#714=ORIENTED_EDGE('',*,*,#1008,.F.);
#715=ORIENTED_EDGE('',*,*,#1277,.T.);
#716=ORIENTED_EDGE('',*,*,#1278,.T.);
#717=ORIENTED_EDGE('',*,*,#1112,.T.);
#718=ORIENTED_EDGE('',*,*,#1278,.F.);
#719=ORIENTED_EDGE('',*,*,#1279,.F.);
#720=ORIENTED_EDGE('',*,*,#1280,.T.);
#721=ORIENTED_EDGE('',*,*,#1113,.T.);
#722=ORIENTED_EDGE('',*,*,#1280,.F.);
#723=ORIENTED_EDGE('',*,*,#1281,.F.);
#724=ORIENTED_EDGE('',*,*,#1003,.T.);
#725=ORIENTED_EDGE('',*,*,#1004,.T.);
#726=ORIENTED_EDGE('',*,*,#1281,.T.);
#727=ORIENTED_EDGE('',*,*,#1279,.T.);
#728=ORIENTED_EDGE('',*,*,#1277,.F.);
#729=ORIENTED_EDGE('',*,*,#1007,.T.);
#730=ORIENTED_EDGE('',*,*,#1282,.T.);
#731=ORIENTED_EDGE('',*,*,#1108,.F.);
#732=ORIENTED_EDGE('',*,*,#1015,.F.);
#733=ORIENTED_EDGE('',*,*,#1283,.T.);
#734=ORIENTED_EDGE('',*,*,#1284,.T.);
#735=ORIENTED_EDGE('',*,*,#1109,.T.);
#736=ORIENTED_EDGE('',*,*,#1284,.F.);
#737=ORIENTED_EDGE('',*,*,#1285,.F.);
#738=ORIENTED_EDGE('',*,*,#1286,.T.);
#739=ORIENTED_EDGE('',*,*,#1110,.T.);
#740=ORIENTED_EDGE('',*,*,#1286,.F.);
#741=ORIENTED_EDGE('',*,*,#1287,.F.);
#742=ORIENTED_EDGE('',*,*,#1010,.T.);
#743=ORIENTED_EDGE('',*,*,#1011,.T.);
#744=ORIENTED_EDGE('',*,*,#1287,.T.);
#745=ORIENTED_EDGE('',*,*,#1285,.T.);
#746=ORIENTED_EDGE('',*,*,#1283,.F.);
#747=ORIENTED_EDGE('',*,*,#1014,.T.);
#748=ORIENTED_EDGE('',*,*,#1288,.T.);
#749=ORIENTED_EDGE('',*,*,#1105,.F.);
#750=ORIENTED_EDGE('',*,*,#1022,.F.);
#751=ORIENTED_EDGE('',*,*,#1289,.T.);
#752=ORIENTED_EDGE('',*,*,#1290,.T.);
#753=ORIENTED_EDGE('',*,*,#1106,.T.);
#754=ORIENTED_EDGE('',*,*,#1290,.F.);
#755=ORIENTED_EDGE('',*,*,#1291,.F.);
#756=ORIENTED_EDGE('',*,*,#1292,.T.);
#757=ORIENTED_EDGE('',*,*,#1107,.T.);
#758=ORIENTED_EDGE('',*,*,#1292,.F.);
#759=ORIENTED_EDGE('',*,*,#1293,.F.);
#760=ORIENTED_EDGE('',*,*,#1017,.T.);
#761=ORIENTED_EDGE('',*,*,#1018,.T.);
#762=ORIENTED_EDGE('',*,*,#1293,.T.);
#763=ORIENTED_EDGE('',*,*,#1291,.T.);
#764=ORIENTED_EDGE('',*,*,#1289,.F.);
#765=ORIENTED_EDGE('',*,*,#1021,.T.);
#766=ORIENTED_EDGE('',*,*,#1294,.T.);
#767=ORIENTED_EDGE('',*,*,#1102,.F.);
#768=ORIENTED_EDGE('',*,*,#1029,.F.);
#769=ORIENTED_EDGE('',*,*,#1295,.T.);
#770=ORIENTED_EDGE('',*,*,#1296,.T.);
#771=ORIENTED_EDGE('',*,*,#1103,.T.);
#772=ORIENTED_EDGE('',*,*,#1296,.F.);
#773=ORIENTED_EDGE('',*,*,#1297,.F.);
#774=ORIENTED_EDGE('',*,*,#1298,.T.);
#775=ORIENTED_EDGE('',*,*,#1104,.T.);
#776=ORIENTED_EDGE('',*,*,#1298,.F.);
#777=ORIENTED_EDGE('',*,*,#1299,.F.);
#778=ORIENTED_EDGE('',*,*,#1024,.T.);
#779=ORIENTED_EDGE('',*,*,#1025,.T.);
#780=ORIENTED_EDGE('',*,*,#1299,.T.);
#781=ORIENTED_EDGE('',*,*,#1297,.T.);
#782=ORIENTED_EDGE('',*,*,#1295,.F.);
#783=ORIENTED_EDGE('',*,*,#1028,.T.);
#784=ORIENTED_EDGE('',*,*,#1300,.T.);
#785=ORIENTED_EDGE('',*,*,#1099,.F.);
#786=ORIENTED_EDGE('',*,*,#1036,.F.);
#787=ORIENTED_EDGE('',*,*,#1301,.T.);
#788=ORIENTED_EDGE('',*,*,#1302,.T.);
#789=ORIENTED_EDGE('',*,*,#1100,.T.);
#790=ORIENTED_EDGE('',*,*,#1302,.F.);
#791=ORIENTED_EDGE('',*,*,#1303,.F.);
#792=ORIENTED_EDGE('',*,*,#1304,.T.);
#793=ORIENTED_EDGE('',*,*,#1101,.T.);
#794=ORIENTED_EDGE('',*,*,#1304,.F.);
#795=ORIENTED_EDGE('',*,*,#1305,.F.);
#796=ORIENTED_EDGE('',*,*,#1031,.T.);
#797=ORIENTED_EDGE('',*,*,#1032,.T.);
#798=ORIENTED_EDGE('',*,*,#1305,.T.);
#799=ORIENTED_EDGE('',*,*,#1303,.T.);
#800=ORIENTED_EDGE('',*,*,#1301,.F.);
#801=ORIENTED_EDGE('',*,*,#1035,.T.);
#802=ORIENTED_EDGE('',*,*,#1306,.T.);
#803=ORIENTED_EDGE('',*,*,#1163,.F.);
#804=ORIENTED_EDGE('',*,*,#1043,.F.);
#805=ORIENTED_EDGE('',*,*,#1307,.T.);
#806=ORIENTED_EDGE('',*,*,#1308,.T.);
#807=ORIENTED_EDGE('',*,*,#1164,.T.);
#808=ORIENTED_EDGE('',*,*,#1308,.F.);
#809=ORIENTED_EDGE('',*,*,#1309,.F.);
#810=ORIENTED_EDGE('',*,*,#1310,.T.);
#811=ORIENTED_EDGE('',*,*,#1098,.T.);
#812=ORIENTED_EDGE('',*,*,#1310,.F.);
#813=ORIENTED_EDGE('',*,*,#1311,.F.);
#814=ORIENTED_EDGE('',*,*,#1038,.T.);
#815=ORIENTED_EDGE('',*,*,#1039,.T.);
#816=ORIENTED_EDGE('',*,*,#1311,.T.);
#817=ORIENTED_EDGE('',*,*,#1309,.T.);
#818=ORIENTED_EDGE('',*,*,#1307,.F.);
#819=ORIENTED_EDGE('',*,*,#1042,.T.);
#820=ORIENTED_EDGE('',*,*,#1312,.T.);
#821=ORIENTED_EDGE('',*,*,#1177,.F.);
#822=ORIENTED_EDGE('',*,*,#966,.F.);
#823=ORIENTED_EDGE('',*,*,#1097,.T.);
#824=ORIENTED_EDGE('',*,*,#1216,.F.);
#825=ORIENTED_EDGE('',*,*,#1041,.F.);
#826=ORIENTED_EDGE('',*,*,#950,.F.);
#827=ORIENTED_EDGE('',*,*,#1040,.T.);
#828=ORIENTED_EDGE('',*,*,#1312,.F.);
#829=ORIENTED_EDGE('',*,*,#1034,.F.);
#830=ORIENTED_EDGE('',*,*,#948,.F.);
#831=ORIENTED_EDGE('',*,*,#1033,.T.);
#832=ORIENTED_EDGE('',*,*,#1306,.F.);
#833=ORIENTED_EDGE('',*,*,#1027,.F.);
#834=ORIENTED_EDGE('',*,*,#946,.F.);
#835=ORIENTED_EDGE('',*,*,#1026,.T.);
#836=ORIENTED_EDGE('',*,*,#1300,.F.);
#837=ORIENTED_EDGE('',*,*,#1020,.F.);
#838=ORIENTED_EDGE('',*,*,#944,.F.);
#839=ORIENTED_EDGE('',*,*,#1019,.T.);
#840=ORIENTED_EDGE('',*,*,#1294,.F.);
#841=ORIENTED_EDGE('',*,*,#1013,.F.);
#842=ORIENTED_EDGE('',*,*,#942,.F.);
#843=ORIENTED_EDGE('',*,*,#1012,.T.);
#844=ORIENTED_EDGE('',*,*,#1288,.F.);
#845=ORIENTED_EDGE('',*,*,#1006,.F.);
#846=ORIENTED_EDGE('',*,*,#940,.F.);
#847=ORIENTED_EDGE('',*,*,#1005,.T.);
#848=ORIENTED_EDGE('',*,*,#1282,.F.);
#849=ORIENTED_EDGE('',*,*,#999,.F.);
#850=ORIENTED_EDGE('',*,*,#938,.F.);
#851=ORIENTED_EDGE('',*,*,#998,.T.);
#852=ORIENTED_EDGE('',*,*,#1276,.F.);
#853=ORIENTED_EDGE('',*,*,#992,.F.);
#854=ORIENTED_EDGE('',*,*,#936,.F.);
#855=ORIENTED_EDGE('',*,*,#991,.T.);
#856=ORIENTED_EDGE('',*,*,#1270,.F.);
#857=ORIENTED_EDGE('',*,*,#1091,.F.);
#858=ORIENTED_EDGE('',*,*,#964,.F.);
#859=ORIENTED_EDGE('',*,*,#1090,.T.);
#860=ORIENTED_EDGE('',*,*,#1222,.F.);
#861=ORIENTED_EDGE('',*,*,#1084,.F.);
#862=ORIENTED_EDGE('',*,*,#962,.F.);
#863=ORIENTED_EDGE('',*,*,#1083,.T.);
#864=ORIENTED_EDGE('',*,*,#1228,.F.);
#865=ORIENTED_EDGE('',*,*,#1077,.F.);
#866=ORIENTED_EDGE('',*,*,#960,.F.);
#867=ORIENTED_EDGE('',*,*,#1076,.T.);
#868=ORIENTED_EDGE('',*,*,#1234,.F.);
#869=ORIENTED_EDGE('',*,*,#1070,.F.);
#870=ORIENTED_EDGE('',*,*,#958,.F.);
#871=ORIENTED_EDGE('',*,*,#1069,.T.);
#872=ORIENTED_EDGE('',*,*,#1240,.F.);
#873=ORIENTED_EDGE('',*,*,#1063,.F.);
#874=ORIENTED_EDGE('',*,*,#956,.F.);
#875=ORIENTED_EDGE('',*,*,#1062,.T.);
#876=ORIENTED_EDGE('',*,*,#1246,.F.);
#877=ORIENTED_EDGE('',*,*,#1056,.F.);
#878=ORIENTED_EDGE('',*,*,#954,.F.);
#879=ORIENTED_EDGE('',*,*,#1051,.T.);
#880=ORIENTED_EDGE('',*,*,#1252,.F.);
#881=ORIENTED_EDGE('',*,*,#1046,.F.);
#882=ORIENTED_EDGE('',*,*,#973,.F.);
#883=ORIENTED_EDGE('',*,*,#1171,.T.);
#884=ORIENTED_EDGE('',*,*,#1258,.F.);
#885=ORIENTED_EDGE('',*,*,#985,.F.);
#886=ORIENTED_EDGE('',*,*,#934,.F.);
#887=ORIENTED_EDGE('',*,*,#1165,.T.);
#888=ORIENTED_EDGE('',*,*,#1264,.F.);
#889=ORIENTED_EDGE('',*,*,#1313,.T.);
#890=ORIENTED_EDGE('',*,*,#1314,.T.);
#891=ORIENTED_EDGE('',*,*,#979,.F.);
#892=ORIENTED_EDGE('',*,*,#1315,.T.);
#893=ORIENTED_EDGE('',*,*,#977,.T.);
#894=ORIENTED_EDGE('',*,*,#1316,.T.);
#895=ORIENTED_EDGE('',*,*,#1317,.F.);
#896=ORIENTED_EDGE('',*,*,#1318,.T.);
#897=ORIENTED_EDGE('',*,*,#983,.T.);
#898=ORIENTED_EDGE('',*,*,#1319,.T.);
#899=ORIENTED_EDGE('',*,*,#1320,.F.);
#900=ORIENTED_EDGE('',*,*,#1321,.T.);
#901=ORIENTED_EDGE('',*,*,#981,.F.);
#902=ORIENTED_EDGE('',*,*,#1322,.T.);
#903=ORIENTED_EDGE('',*,*,#1323,.T.);
#904=ORIENTED_EDGE('',*,*,#1324,.T.);
#905=ORIENTED_EDGE('',*,*,#1325,.F.);
#906=ORIENTED_EDGE('',*,*,#1326,.T.);
#907=ORIENTED_EDGE('',*,*,#1323,.F.);
#908=ORIENTED_EDGE('',*,*,#1327,.T.);
#909=ORIENTED_EDGE('',*,*,#1313,.F.);
#910=ORIENTED_EDGE('',*,*,#1328,.T.);
#911=ORIENTED_EDGE('',*,*,#1317,.T.);
#912=ORIENTED_EDGE('',*,*,#1329,.T.);
#913=ORIENTED_EDGE('',*,*,#1320,.T.);
#914=ORIENTED_EDGE('',*,*,#1330,.T.);
#915=ORIENTED_EDGE('',*,*,#1326,.F.);
#916=ORIENTED_EDGE('',*,*,#1325,.T.);
#917=ORIENTED_EDGE('',*,*,#1327,.F.);
#918=ORIENTED_EDGE('',*,*,#1322,.F.);
#919=ORIENTED_EDGE('',*,*,#980,.F.);
#920=ORIENTED_EDGE('',*,*,#1314,.F.);
#921=ORIENTED_EDGE('',*,*,#1330,.F.);
#922=ORIENTED_EDGE('',*,*,#1319,.F.);
#923=ORIENTED_EDGE('',*,*,#982,.F.);
#924=ORIENTED_EDGE('',*,*,#1324,.F.);
#925=ORIENTED_EDGE('',*,*,#1329,.F.);
#926=ORIENTED_EDGE('',*,*,#1316,.F.);
#927=ORIENTED_EDGE('',*,*,#984,.F.);
#928=ORIENTED_EDGE('',*,*,#1321,.F.);
#929=ORIENTED_EDGE('',*,*,#1328,.F.);
#930=ORIENTED_EDGE('',*,*,#1315,.F.);
#931=ORIENTED_EDGE('',*,*,#978,.F.);
#932=ORIENTED_EDGE('',*,*,#1318,.F.);
#933=EDGE_CURVE('',#1331,#1332,#1597,.T.);
#934=EDGE_CURVE('',#1331,#1333,#87,.F.);
#935=EDGE_CURVE('',#1334,#1333,#1598,.T.);
#936=EDGE_CURVE('',#1334,#1335,#88,.F.);
#937=EDGE_CURVE('',#1336,#1335,#1599,.T.);
#938=EDGE_CURVE('',#1336,#1337,#89,.F.);
#939=EDGE_CURVE('',#1338,#1337,#1600,.T.);
#940=EDGE_CURVE('',#1338,#1339,#90,.F.);
#941=EDGE_CURVE('',#1340,#1339,#1601,.T.);
#942=EDGE_CURVE('',#1340,#1341,#91,.F.);
#943=EDGE_CURVE('',#1342,#1341,#1602,.T.);
#944=EDGE_CURVE('',#1342,#1343,#92,.F.);
#945=EDGE_CURVE('',#1344,#1343,#1603,.T.);
#946=EDGE_CURVE('',#1344,#1345,#93,.F.);
#947=EDGE_CURVE('',#1346,#1345,#1604,.T.);
#948=EDGE_CURVE('',#1346,#1347,#94,.F.);
#949=EDGE_CURVE('',#1348,#1347,#1605,.T.);
#950=EDGE_CURVE('',#1348,#1349,#95,.F.);
#951=EDGE_CURVE('',#1350,#1349,#1606,.T.);
#952=EDGE_CURVE('',#1350,#1351,#1607,.T.);
#953=EDGE_CURVE('',#1351,#1352,#1608,.T.);
#954=EDGE_CURVE('',#1352,#1353,#96,.F.);
#955=EDGE_CURVE('',#1353,#1354,#1609,.T.);
#956=EDGE_CURVE('',#1354,#1355,#97,.F.);
#957=EDGE_CURVE('',#1355,#1356,#1610,.T.);
#958=EDGE_CURVE('',#1356,#1357,#98,.F.);
#959=EDGE_CURVE('',#1357,#1358,#1611,.T.);
#960=EDGE_CURVE('',#1358,#1359,#99,.F.);
#961=EDGE_CURVE('',#1359,#1360,#1612,.T.);
#962=EDGE_CURVE('',#1360,#1361,#100,.F.);
#963=EDGE_CURVE('',#1361,#1362,#1613,.T.);
#964=EDGE_CURVE('',#1362,#1363,#101,.F.);
#965=EDGE_CURVE('',#1363,#1364,#1614,.T.);
#966=EDGE_CURVE('',#1364,#1365,#102,.F.);
#967=EDGE_CURVE('',#1365,#1366,#1615,.T.);
#968=EDGE_CURVE('',#1367,#1366,#103,.T.);
#969=EDGE_CURVE('',#1367,#1368,#1616,.T.);
#970=EDGE_CURVE('',#1369,#1368,#1617,.T.);
#971=EDGE_CURVE('',#1370,#1369,#104,.T.);
#972=EDGE_CURVE('',#1371,#1370,#1618,.T.);
#973=EDGE_CURVE('',#1371,#1372,#105,.F.);
#974=EDGE_CURVE('',#1373,#1372,#1619,.T.);
#975=EDGE_CURVE('',#1374,#1373,#1620,.T.);
#976=EDGE_CURVE('',#1332,#1374,#106,.T.);
#977=EDGE_CURVE('',#1375,#1376,#1621,.T.);
#978=EDGE_CURVE('',#1375,#1377,#107,.F.);
#979=EDGE_CURVE('',#1377,#1378,#1622,.T.);
#980=EDGE_CURVE('',#1378,#1379,#108,.F.);
#981=EDGE_CURVE('',#1379,#1380,#1623,.T.);
#982=EDGE_CURVE('',#1380,#1381,#109,.F.);
#983=EDGE_CURVE('',#1382,#1381,#1624,.T.);
#984=EDGE_CURVE('',#1382,#1376,#110,.F.);
#985=EDGE_CURVE('',#1333,#1383,#1625,.T.);
#986=EDGE_CURVE('',#1384,#1383,#1626,.T.);
#987=EDGE_CURVE('',#1384,#1385,#1627,.T.);
#988=EDGE_CURVE('',#1386,#1385,#1628,.T.);
#989=EDGE_CURVE('',#1387,#1386,#1629,.T.);
#990=EDGE_CURVE('',#1388,#1387,#1630,.T.);
#991=EDGE_CURVE('',#1334,#1388,#1631,.T.);
#992=EDGE_CURVE('',#1335,#1389,#1632,.T.);
#993=EDGE_CURVE('',#1390,#1389,#1633,.T.);
#994=EDGE_CURVE('',#1390,#1391,#1634,.T.);
#995=EDGE_CURVE('',#1392,#1391,#1635,.T.);
#996=EDGE_CURVE('',#1393,#1392,#1636,.T.);
#997=EDGE_CURVE('',#1394,#1393,#1637,.T.);
#998=EDGE_CURVE('',#1336,#1394,#1638,.T.);
#999=EDGE_CURVE('',#1337,#1395,#1639,.T.);
#1000=EDGE_CURVE('',#1396,#1395,#1640,.T.);
#1001=EDGE_CURVE('',#1396,#1397,#1641,.T.);
#1002=EDGE_CURVE('',#1398,#1397,#1642,.T.);
#1003=EDGE_CURVE('',#1399,#1398,#1643,.T.);
#1004=EDGE_CURVE('',#1400,#1399,#1644,.T.);
#1005=EDGE_CURVE('',#1338,#1400,#1645,.T.);
#1006=EDGE_CURVE('',#1339,#1401,#1646,.T.);
#1007=EDGE_CURVE('',#1402,#1401,#1647,.T.);
#1008=EDGE_CURVE('',#1402,#1403,#1648,.T.);
#1009=EDGE_CURVE('',#1404,#1403,#1649,.T.);
#1010=EDGE_CURVE('',#1405,#1404,#1650,.T.);
#1011=EDGE_CURVE('',#1406,#1405,#1651,.T.);
#1012=EDGE_CURVE('',#1340,#1406,#1652,.T.);
#1013=EDGE_CURVE('',#1341,#1407,#1653,.T.);
#1014=EDGE_CURVE('',#1408,#1407,#1654,.T.);
#1015=EDGE_CURVE('',#1408,#1409,#1655,.T.);
#1016=EDGE_CURVE('',#1410,#1409,#1656,.T.);
#1017=EDGE_CURVE('',#1411,#1410,#1657,.T.);
#1018=EDGE_CURVE('',#1412,#1411,#1658,.T.);
#1019=EDGE_CURVE('',#1342,#1412,#1659,.T.);
#1020=EDGE_CURVE('',#1343,#1413,#1660,.T.);
#1021=EDGE_CURVE('',#1414,#1413,#1661,.T.);
#1022=EDGE_CURVE('',#1414,#1415,#1662,.T.);
#1023=EDGE_CURVE('',#1416,#1415,#1663,.T.);
#1024=EDGE_CURVE('',#1417,#1416,#1664,.T.);
#1025=EDGE_CURVE('',#1418,#1417,#1665,.T.);
#1026=EDGE_CURVE('',#1344,#1418,#1666,.T.);
#1027=EDGE_CURVE('',#1345,#1419,#1667,.T.);
#1028=EDGE_CURVE('',#1420,#1419,#1668,.T.);
#1029=EDGE_CURVE('',#1420,#1421,#1669,.T.);
#1030=EDGE_CURVE('',#1422,#1421,#1670,.T.);
#1031=EDGE_CURVE('',#1423,#1422,#1671,.T.);
#1032=EDGE_CURVE('',#1424,#1423,#1672,.T.);
#1033=EDGE_CURVE('',#1346,#1424,#1673,.T.);
#1034=EDGE_CURVE('',#1347,#1425,#1674,.T.);
#1035=EDGE_CURVE('',#1426,#1425,#1675,.T.);
#1036=EDGE_CURVE('',#1426,#1427,#1676,.T.);
#1037=EDGE_CURVE('',#1428,#1427,#1677,.T.);
#1038=EDGE_CURVE('',#1429,#1428,#1678,.T.);
#1039=EDGE_CURVE('',#1430,#1429,#1679,.T.);
#1040=EDGE_CURVE('',#1348,#1430,#1680,.T.);
#1041=EDGE_CURVE('',#1349,#1431,#1681,.T.);
#1042=EDGE_CURVE('',#1432,#1431,#1682,.T.);
#1043=EDGE_CURVE('',#1432,#1433,#1683,.T.);
#1044=EDGE_CURVE('',#1434,#1433,#1684,.T.);
#1045=EDGE_CURVE('',#1350,#1434,#1685,.T.);
#1046=EDGE_CURVE('',#1372,#1435,#1686,.T.);
#1047=EDGE_CURVE('',#1436,#1435,#1687,.T.);
#1048=EDGE_CURVE('',#1436,#1437,#1688,.T.);
#1049=EDGE_CURVE('',#1438,#1437,#1689,.T.);
#1050=EDGE_CURVE('',#1373,#1438,#1690,.T.);
#1051=EDGE_CURVE('',#1352,#1439,#1691,.T.);
#1052=EDGE_CURVE('',#1351,#1440,#1692,.T.);
#1053=EDGE_CURVE('',#1440,#1441,#1693,.T.);
#1054=EDGE_CURVE('',#1442,#1441,#1694,.T.);
#1055=EDGE_CURVE('',#1442,#1439,#1695,.T.);
#1056=EDGE_CURVE('',#1353,#1443,#1696,.T.);
#1057=EDGE_CURVE('',#1443,#1444,#1697,.T.);
#1058=EDGE_CURVE('',#1444,#1445,#1698,.T.);
#1059=EDGE_CURVE('',#1445,#1446,#1699,.T.);
#1060=EDGE_CURVE('',#1447,#1446,#1700,.T.);
#1061=EDGE_CURVE('',#1447,#1448,#1701,.T.);
#1062=EDGE_CURVE('',#1354,#1448,#1702,.T.);
#1063=EDGE_CURVE('',#1355,#1449,#1703,.T.);
#1064=EDGE_CURVE('',#1449,#1450,#1704,.T.);
#1065=EDGE_CURVE('',#1450,#1451,#1705,.T.);
#1066=EDGE_CURVE('',#1451,#1452,#1706,.T.);
#1067=EDGE_CURVE('',#1453,#1452,#1707,.T.);
#1068=EDGE_CURVE('',#1453,#1454,#1708,.T.);
#1069=EDGE_CURVE('',#1356,#1454,#1709,.T.);
#1070=EDGE_CURVE('',#1357,#1455,#1710,.T.);
#1071=EDGE_CURVE('',#1455,#1456,#1711,.T.);
#1072=EDGE_CURVE('',#1456,#1457,#1712,.T.);
#1073=EDGE_CURVE('',#1457,#1458,#1713,.T.);
#1074=EDGE_CURVE('',#1459,#1458,#1714,.T.);
#1075=EDGE_CURVE('',#1459,#1460,#1715,.T.);
#1076=EDGE_CURVE('',#1358,#1460,#1716,.T.);
#1077=EDGE_CURVE('',#1359,#1461,#1717,.T.);
#1078=EDGE_CURVE('',#1461,#1462,#1718,.T.);
#1079=EDGE_CURVE('',#1462,#1463,#1719,.T.);
#1080=EDGE_CURVE('',#1463,#1464,#1720,.T.);
#1081=EDGE_CURVE('',#1465,#1464,#1721,.T.);
#1082=EDGE_CURVE('',#1465,#1466,#1722,.T.);
#1083=EDGE_CURVE('',#1360,#1466,#1723,.T.);
#1084=EDGE_CURVE('',#1361,#1467,#1724,.T.);
#1085=EDGE_CURVE('',#1467,#1468,#1725,.T.);
#1086=EDGE_CURVE('',#1468,#1469,#1726,.T.);
#1087=EDGE_CURVE('',#1469,#1470,#1727,.T.);
#1088=EDGE_CURVE('',#1471,#1470,#1728,.T.);
#1089=EDGE_CURVE('',#1471,#1472,#1729,.T.);
#1090=EDGE_CURVE('',#1362,#1472,#1730,.T.);
#1091=EDGE_CURVE('',#1363,#1473,#1731,.T.);
#1092=EDGE_CURVE('',#1473,#1474,#1732,.T.);
#1093=EDGE_CURVE('',#1474,#1475,#1733,.T.);
#1094=EDGE_CURVE('',#1475,#1476,#1734,.T.);
#1095=EDGE_CURVE('',#1477,#1476,#1735,.T.);
#1096=EDGE_CURVE('',#1477,#1478,#1736,.T.);
#1097=EDGE_CURVE('',#1364,#1478,#1737,.T.);
#1098=EDGE_CURVE('',#1428,#1479,#1738,.T.);
#1099=EDGE_CURVE('',#1427,#1480,#1739,.T.);
#1100=EDGE_CURVE('',#1481,#1480,#1740,.T.);
#1101=EDGE_CURVE('',#1422,#1481,#1741,.T.);
#1102=EDGE_CURVE('',#1421,#1482,#1742,.T.);
#1103=EDGE_CURVE('',#1483,#1482,#1743,.T.);
#1104=EDGE_CURVE('',#1416,#1483,#1744,.T.);
#1105=EDGE_CURVE('',#1415,#1484,#1745,.T.);
#1106=EDGE_CURVE('',#1485,#1484,#1746,.T.);
#1107=EDGE_CURVE('',#1410,#1485,#1747,.T.);
#1108=EDGE_CURVE('',#1409,#1486,#1748,.T.);
#1109=EDGE_CURVE('',#1487,#1486,#1749,.T.);
#1110=EDGE_CURVE('',#1404,#1487,#1750,.T.);
#1111=EDGE_CURVE('',#1403,#1488,#1751,.T.);
#1112=EDGE_CURVE('',#1489,#1488,#1752,.T.);
#1113=EDGE_CURVE('',#1398,#1489,#1753,.T.);
#1114=EDGE_CURVE('',#1397,#1490,#1754,.T.);
#1115=EDGE_CURVE('',#1491,#1490,#1755,.T.);
#1116=EDGE_CURVE('',#1392,#1491,#1756,.T.);
#1117=EDGE_CURVE('',#1391,#1492,#1757,.T.);
#1118=EDGE_CURVE('',#1493,#1492,#1758,.T.);
#1119=EDGE_CURVE('',#1386,#1493,#1759,.T.);
#1120=EDGE_CURVE('',#1385,#1494,#1760,.T.);
#1121=EDGE_CURVE('',#1495,#1494,#1761,.T.);
#1122=EDGE_CURVE('',#1496,#1495,#1762,.T.);
#1123=EDGE_CURVE('',#1496,#1497,#1763,.T.);
#1124=EDGE_CURVE('',#1497,#1498,#1764,.T.);
#1125=EDGE_CURVE('',#1499,#1498,#1765,.T.);
#1126=EDGE_CURVE('',#1500,#1499,#1766,.T.);
#1127=EDGE_CURVE('',#1500,#1438,#1767,.T.);
#1128=EDGE_CURVE('',#1437,#1501,#1768,.T.);
#1129=EDGE_CURVE('',#1502,#1501,#1769,.T.);
#1130=EDGE_CURVE('',#1503,#1502,#1770,.T.);
#1131=EDGE_CURVE('',#1503,#1504,#1771,.T.);
#1132=EDGE_CURVE('',#1504,#1505,#1772,.T.);
#1133=EDGE_CURVE('',#1506,#1505,#1773,.T.);
#1134=EDGE_CURVE('',#1507,#1506,#1774,.T.);
#1135=EDGE_CURVE('',#1507,#1508,#1775,.T.);
#1136=EDGE_CURVE('',#1509,#1508,#1776,.T.);
#1137=EDGE_CURVE('',#1509,#1510,#1777,.T.);
#1138=EDGE_CURVE('',#1510,#1511,#1778,.T.);
#1139=EDGE_CURVE('',#1512,#1511,#1779,.T.);
#1140=EDGE_CURVE('',#1513,#1512,#1780,.T.);
#1141=EDGE_CURVE('',#1513,#1514,#1781,.T.);
#1142=EDGE_CURVE('',#1514,#1515,#1782,.T.);
#1143=EDGE_CURVE('',#1476,#1515,#1783,.T.);
#1144=EDGE_CURVE('',#1475,#1516,#1784,.T.);
#1145=EDGE_CURVE('',#1516,#1517,#1785,.T.);
#1146=EDGE_CURVE('',#1470,#1517,#1786,.T.);
#1147=EDGE_CURVE('',#1469,#1518,#1787,.T.);
#1148=EDGE_CURVE('',#1518,#1519,#1788,.T.);
#1149=EDGE_CURVE('',#1464,#1519,#1789,.T.);
#1150=EDGE_CURVE('',#1463,#1520,#1790,.T.);
#1151=EDGE_CURVE('',#1520,#1521,#1791,.T.);
#1152=EDGE_CURVE('',#1458,#1521,#1792,.T.);
#1153=EDGE_CURVE('',#1457,#1522,#1793,.T.);
#1154=EDGE_CURVE('',#1522,#1523,#1794,.T.);
#1155=EDGE_CURVE('',#1452,#1523,#1795,.T.);
#1156=EDGE_CURVE('',#1451,#1524,#1796,.T.);
#1157=EDGE_CURVE('',#1524,#1525,#1797,.T.);
#1158=EDGE_CURVE('',#1446,#1525,#1798,.T.);
#1159=EDGE_CURVE('',#1445,#1526,#1799,.T.);
#1160=EDGE_CURVE('',#1526,#1527,#1800,.T.);
#1161=EDGE_CURVE('',#1441,#1527,#1801,.T.);
#1162=EDGE_CURVE('',#1434,#1440,#1802,.T.);
#1163=EDGE_CURVE('',#1433,#1528,#1803,.T.);
#1164=EDGE_CURVE('',#1479,#1528,#1804,.T.);
#1165=EDGE_CURVE('',#1331,#1529,#1805,.T.);
#1166=EDGE_CURVE('',#1332,#1530,#1806,.T.);
#1167=EDGE_CURVE('',#1531,#1530,#1807,.T.);
#1168=EDGE_CURVE('',#1531,#1497,#1808,.T.);
#1169=EDGE_CURVE('',#1532,#1496,#1809,.T.);
#1170=EDGE_CURVE('',#1529,#1532,#1810,.T.);
#1171=EDGE_CURVE('',#1371,#1533,#1811,.T.);
#1172=EDGE_CURVE('',#1370,#1534,#1812,.T.);
#1173=EDGE_CURVE('',#1535,#1534,#1813,.T.);
#1174=EDGE_CURVE('',#1535,#1504,#1814,.T.);
#1175=EDGE_CURVE('',#1536,#1503,#1815,.T.);
#1176=EDGE_CURVE('',#1533,#1536,#1816,.T.);
#1177=EDGE_CURVE('',#1365,#1537,#1817,.T.);
#1178=EDGE_CURVE('',#1537,#1538,#1818,.T.);
#1179=EDGE_CURVE('',#1538,#1513,#1819,.T.);
#1180=EDGE_CURVE('',#1539,#1512,#1820,.T.);
#1181=EDGE_CURVE('',#1539,#1540,#1821,.T.);
#1182=EDGE_CURVE('',#1366,#1540,#1822,.T.);
#1183=EDGE_CURVE('',#1541,#1540,#111,.T.);
#1184=EDGE_CURVE('',#1367,#1541,#1823,.T.);
#1185=EDGE_CURVE('',#1541,#1542,#1824,.T.);
#1186=EDGE_CURVE('',#1542,#1509,#1825,.T.);
#1187=EDGE_CURVE('',#1368,#1508,#1826,.T.);
#1188=EDGE_CURVE('',#1543,#1544,#1827,.T.);
#1189=EDGE_CURVE('',#1369,#1543,#1828,.T.);
#1190=EDGE_CURVE('',#1544,#1507,#1829,.T.);
#1191=EDGE_CURVE('',#1534,#1543,#112,.T.);
#1192=EDGE_CURVE('',#1545,#1546,#1830,.T.);
#1193=EDGE_CURVE('',#1374,#1545,#1831,.T.);
#1194=EDGE_CURVE('',#1546,#1500,#1832,.T.);
#1195=EDGE_CURVE('',#1530,#1545,#113,.T.);
#1196=EDGE_CURVE('',#1542,#1547,#1833,.T.);
#1197=EDGE_CURVE('',#1547,#1510,#1834,.T.);
#1198=EDGE_CURVE('',#1547,#1548,#1835,.T.);
#1199=EDGE_CURVE('',#1548,#1511,#1836,.T.);
#1200=EDGE_CURVE('',#1539,#1548,#1837,.T.);
#1201=EDGE_CURVE('',#1535,#1549,#1838,.T.);
#1202=EDGE_CURVE('',#1549,#1505,#1839,.T.);
#1203=EDGE_CURVE('',#1550,#1549,#1840,.T.);
#1204=EDGE_CURVE('',#1550,#1506,#1841,.T.);
#1205=EDGE_CURVE('',#1544,#1550,#1842,.T.);
#1206=EDGE_CURVE('',#1531,#1551,#1843,.T.);
#1207=EDGE_CURVE('',#1551,#1498,#1844,.T.);
#1208=EDGE_CURVE('',#1552,#1551,#1845,.T.);
#1209=EDGE_CURVE('',#1552,#1499,#1846,.T.);
#1210=EDGE_CURVE('',#1546,#1552,#1847,.T.);
#1211=EDGE_CURVE('',#1538,#1553,#1848,.T.);
#1212=EDGE_CURVE('',#1553,#1514,#1849,.T.);
#1213=EDGE_CURVE('',#1553,#1554,#1850,.T.);
#1214=EDGE_CURVE('',#1554,#1515,#1851,.T.);
#1215=EDGE_CURVE('',#1477,#1554,#1852,.T.);
#1216=EDGE_CURVE('',#1537,#1478,#114,.T.);
#1217=EDGE_CURVE('',#1474,#1555,#1853,.T.);
#1218=EDGE_CURVE('',#1555,#1516,#1854,.T.);
#1219=EDGE_CURVE('',#1555,#1556,#1855,.T.);
#1220=EDGE_CURVE('',#1556,#1517,#1856,.T.);
#1221=EDGE_CURVE('',#1471,#1556,#1857,.T.);
#1222=EDGE_CURVE('',#1473,#1472,#115,.T.);
#1223=EDGE_CURVE('',#1468,#1557,#1858,.T.);
#1224=EDGE_CURVE('',#1557,#1518,#1859,.T.);
#1225=EDGE_CURVE('',#1557,#1558,#1860,.T.);
#1226=EDGE_CURVE('',#1558,#1519,#1861,.T.);
#1227=EDGE_CURVE('',#1465,#1558,#1862,.T.);
#1228=EDGE_CURVE('',#1467,#1466,#116,.T.);
#1229=EDGE_CURVE('',#1462,#1559,#1863,.T.);
#1230=EDGE_CURVE('',#1559,#1520,#1864,.T.);
#1231=EDGE_CURVE('',#1559,#1560,#1865,.T.);
#1232=EDGE_CURVE('',#1560,#1521,#1866,.T.);
#1233=EDGE_CURVE('',#1459,#1560,#1867,.T.);
#1234=EDGE_CURVE('',#1461,#1460,#117,.T.);
#1235=EDGE_CURVE('',#1456,#1561,#1868,.T.);
#1236=EDGE_CURVE('',#1561,#1522,#1869,.T.);
#1237=EDGE_CURVE('',#1561,#1562,#1870,.T.);
#1238=EDGE_CURVE('',#1562,#1523,#1871,.T.);
#1239=EDGE_CURVE('',#1453,#1562,#1872,.T.);
#1240=EDGE_CURVE('',#1455,#1454,#118,.T.);
#1241=EDGE_CURVE('',#1450,#1563,#1873,.T.);
#1242=EDGE_CURVE('',#1563,#1524,#1874,.T.);
#1243=EDGE_CURVE('',#1563,#1564,#1875,.T.);
#1244=EDGE_CURVE('',#1564,#1525,#1876,.T.);
#1245=EDGE_CURVE('',#1447,#1564,#1877,.T.);
#1246=EDGE_CURVE('',#1449,#1448,#119,.T.);
#1247=EDGE_CURVE('',#1444,#1565,#1878,.T.);
#1248=EDGE_CURVE('',#1565,#1526,#1879,.T.);
#1249=EDGE_CURVE('',#1565,#1566,#1880,.T.);
#1250=EDGE_CURVE('',#1566,#1527,#1881,.T.);
#1251=EDGE_CURVE('',#1442,#1566,#1882,.T.);
#1252=EDGE_CURVE('',#1443,#1439,#120,.T.);
#1253=EDGE_CURVE('',#1436,#1567,#1883,.T.);
#1254=EDGE_CURVE('',#1567,#1501,#1884,.T.);
#1255=EDGE_CURVE('',#1568,#1567,#1885,.T.);
#1256=EDGE_CURVE('',#1568,#1502,#1886,.T.);
#1257=EDGE_CURVE('',#1536,#1568,#1887,.T.);
#1258=EDGE_CURVE('',#1435,#1533,#121,.T.);
#1259=EDGE_CURVE('',#1384,#1569,#1888,.T.);
#1260=EDGE_CURVE('',#1569,#1494,#1889,.T.);
#1261=EDGE_CURVE('',#1570,#1569,#1890,.T.);
#1262=EDGE_CURVE('',#1570,#1495,#1891,.T.);
#1263=EDGE_CURVE('',#1532,#1570,#1892,.T.);
#1264=EDGE_CURVE('',#1383,#1529,#122,.T.);
#1265=EDGE_CURVE('',#1390,#1571,#1893,.T.);
#1266=EDGE_CURVE('',#1571,#1492,#1894,.T.);
#1267=EDGE_CURVE('',#1572,#1571,#1895,.T.);
#1268=EDGE_CURVE('',#1572,#1493,#1896,.T.);
#1269=EDGE_CURVE('',#1387,#1572,#1897,.T.);
#1270=EDGE_CURVE('',#1389,#1388,#123,.T.);
#1271=EDGE_CURVE('',#1396,#1573,#1898,.T.);
#1272=EDGE_CURVE('',#1573,#1490,#1899,.T.);
#1273=EDGE_CURVE('',#1574,#1573,#1900,.T.);
#1274=EDGE_CURVE('',#1574,#1491,#1901,.T.);
#1275=EDGE_CURVE('',#1393,#1574,#1902,.T.);
#1276=EDGE_CURVE('',#1395,#1394,#124,.T.);
#1277=EDGE_CURVE('',#1402,#1575,#1903,.T.);
#1278=EDGE_CURVE('',#1575,#1488,#1904,.T.);
#1279=EDGE_CURVE('',#1576,#1575,#1905,.T.);
#1280=EDGE_CURVE('',#1576,#1489,#1906,.T.);
#1281=EDGE_CURVE('',#1399,#1576,#1907,.T.);
#1282=EDGE_CURVE('',#1401,#1400,#125,.T.);
#1283=EDGE_CURVE('',#1408,#1577,#1908,.T.);
#1284=EDGE_CURVE('',#1577,#1486,#1909,.T.);
#1285=EDGE_CURVE('',#1578,#1577,#1910,.T.);
#1286=EDGE_CURVE('',#1578,#1487,#1911,.T.);
#1287=EDGE_CURVE('',#1405,#1578,#1912,.T.);
#1288=EDGE_CURVE('',#1407,#1406,#126,.T.);
#1289=EDGE_CURVE('',#1414,#1579,#1913,.T.);
#1290=EDGE_CURVE('',#1579,#1484,#1914,.T.);
#1291=EDGE_CURVE('',#1580,#1579,#1915,.T.);
#1292=EDGE_CURVE('',#1580,#1485,#1916,.T.);
#1293=EDGE_CURVE('',#1411,#1580,#1917,.T.);
#1294=EDGE_CURVE('',#1413,#1412,#127,.T.);
#1295=EDGE_CURVE('',#1420,#1581,#1918,.T.);
#1296=EDGE_CURVE('',#1581,#1482,#1919,.T.);
#1297=EDGE_CURVE('',#1582,#1581,#1920,.T.);
#1298=EDGE_CURVE('',#1582,#1483,#1921,.T.);
#1299=EDGE_CURVE('',#1417,#1582,#1922,.T.);
#1300=EDGE_CURVE('',#1419,#1418,#128,.T.);
#1301=EDGE_CURVE('',#1426,#1583,#1923,.T.);
#1302=EDGE_CURVE('',#1583,#1480,#1924,.T.);
#1303=EDGE_CURVE('',#1584,#1583,#1925,.T.);
#1304=EDGE_CURVE('',#1584,#1481,#1926,.T.);
#1305=EDGE_CURVE('',#1423,#1584,#1927,.T.);
#1306=EDGE_CURVE('',#1425,#1424,#129,.T.);
#1307=EDGE_CURVE('',#1432,#1585,#1928,.T.);
#1308=EDGE_CURVE('',#1585,#1528,#1929,.T.);
#1309=EDGE_CURVE('',#1586,#1585,#1930,.T.);
#1310=EDGE_CURVE('',#1586,#1479,#1931,.T.);
#1311=EDGE_CURVE('',#1429,#1586,#1932,.T.);
#1312=EDGE_CURVE('',#1431,#1430,#130,.T.);
#1313=EDGE_CURVE('',#1587,#1588,#1933,.T.);
#1314=EDGE_CURVE('',#1588,#1378,#1934,.T.);
#1315=EDGE_CURVE('',#1377,#1587,#1935,.F.);
#1316=EDGE_CURVE('',#1376,#1589,#1936,.F.);
#1317=EDGE_CURVE('',#1590,#1589,#1937,.T.);
#1318=EDGE_CURVE('',#1590,#1375,#1938,.T.);
#1319=EDGE_CURVE('',#1381,#1591,#1939,.F.);
#1320=EDGE_CURVE('',#1592,#1591,#1940,.T.);
#1321=EDGE_CURVE('',#1592,#1382,#1941,.T.);
#1322=EDGE_CURVE('',#1379,#1593,#1942,.F.);
#1323=EDGE_CURVE('',#1593,#1594,#1943,.T.);
#1324=EDGE_CURVE('',#1594,#1380,#1944,.T.);
#1325=EDGE_CURVE('',#1595,#1595,#131,.T.);
#1326=EDGE_CURVE('',#1596,#1596,#132,.T.);
#1327=EDGE_CURVE('',#1593,#1588,#133,.T.);
#1328=EDGE_CURVE('',#1587,#1590,#134,.T.);
#1329=EDGE_CURVE('',#1589,#1592,#135,.T.);
#1330=EDGE_CURVE('',#1591,#1594,#136,.T.);
#1331=VERTEX_POINT('',#4052);
#1332=VERTEX_POINT('',#4053);
#1333=VERTEX_POINT('',#4055);
#1334=VERTEX_POINT('',#4057);
#1335=VERTEX_POINT('',#4059);
#1336=VERTEX_POINT('',#4061);
#1337=VERTEX_POINT('',#4063);
#1338=VERTEX_POINT('',#4065);
#1339=VERTEX_POINT('',#4067);
#1340=VERTEX_POINT('',#4069);
#1341=VERTEX_POINT('',#4071);
#1342=VERTEX_POINT('',#4073);
#1343=VERTEX_POINT('',#4075);
#1344=VERTEX_POINT('',#4077);
#1345=VERTEX_POINT('',#4079);
#1346=VERTEX_POINT('',#4081);
#1347=VERTEX_POINT('',#4083);
#1348=VERTEX_POINT('',#4085);
#1349=VERTEX_POINT('',#4087);
#1350=VERTEX_POINT('',#4089);
#1351=VERTEX_POINT('',#4091);
#1352=VERTEX_POINT('',#4093);
#1353=VERTEX_POINT('',#4095);
#1354=VERTEX_POINT('',#4097);
#1355=VERTEX_POINT('',#4099);
#1356=VERTEX_POINT('',#4101);
#1357=VERTEX_POINT('',#4103);
#1358=VERTEX_POINT('',#4105);
#1359=VERTEX_POINT('',#4107);
#1360=VERTEX_POINT('',#4109);
#1361=VERTEX_POINT('',#4111);
#1362=VERTEX_POINT('',#4113);
#1363=VERTEX_POINT('',#4115);
#1364=VERTEX_POINT('',#4117);
#1365=VERTEX_POINT('',#4119);
#1366=VERTEX_POINT('',#4121);
#1367=VERTEX_POINT('',#4123);
#1368=VERTEX_POINT('',#4125);
#1369=VERTEX_POINT('',#4127);
#1370=VERTEX_POINT('',#4129);
#1371=VERTEX_POINT('',#4131);
#1372=VERTEX_POINT('',#4133);
#1373=VERTEX_POINT('',#4135);
#1374=VERTEX_POINT('',#4137);
#1375=VERTEX_POINT('',#4140);
#1376=VERTEX_POINT('',#4141);
#1377=VERTEX_POINT('',#4143);
#1378=VERTEX_POINT('',#4145);
#1379=VERTEX_POINT('',#4147);
#1380=VERTEX_POINT('',#4149);
#1381=VERTEX_POINT('',#4151);
#1382=VERTEX_POINT('',#4153);
#1383=VERTEX_POINT('',#4157);
#1384=VERTEX_POINT('',#4159);
#1385=VERTEX_POINT('',#4161);
#1386=VERTEX_POINT('',#4163);
#1387=VERTEX_POINT('',#4165);
#1388=VERTEX_POINT('',#4167);
#1389=VERTEX_POINT('',#4171);
#1390=VERTEX_POINT('',#4173);
#1391=VERTEX_POINT('',#4175);
#1392=VERTEX_POINT('',#4177);
#1393=VERTEX_POINT('',#4179);
#1394=VERTEX_POINT('',#4181);
#1395=VERTEX_POINT('',#4185);
#1396=VERTEX_POINT('',#4187);
#1397=VERTEX_POINT('',#4189);
#1398=VERTEX_POINT('',#4191);
#1399=VERTEX_POINT('',#4193);
#1400=VERTEX_POINT('',#4195);
#1401=VERTEX_POINT('',#4199);
#1402=VERTEX_POINT('',#4201);
#1403=VERTEX_POINT('',#4203);
#1404=VERTEX_POINT('',#4205);
#1405=VERTEX_POINT('',#4207);
#1406=VERTEX_POINT('',#4209);
#1407=VERTEX_POINT('',#4213);
#1408=VERTEX_POINT('',#4215);
#1409=VERTEX_POINT('',#4217);
#1410=VERTEX_POINT('',#4219);
#1411=VERTEX_POINT('',#4221);
#1412=VERTEX_POINT('',#4223);
#1413=VERTEX_POINT('',#4227);
#1414=VERTEX_POINT('',#4229);
#1415=VERTEX_POINT('',#4231);
#1416=VERTEX_POINT('',#4233);
#1417=VERTEX_POINT('',#4235);
#1418=VERTEX_POINT('',#4237);
#1419=VERTEX_POINT('',#4241);
#1420=VERTEX_POINT('',#4243);
#1421=VERTEX_POINT('',#4245);
#1422=VERTEX_POINT('',#4247);
#1423=VERTEX_POINT('',#4249);
#1424=VERTEX_POINT('',#4251);
#1425=VERTEX_POINT('',#4255);
#1426=VERTEX_POINT('',#4257);
#1427=VERTEX_POINT('',#4259);
#1428=VERTEX_POINT('',#4261);
#1429=VERTEX_POINT('',#4263);
#1430=VERTEX_POINT('',#4265);
#1431=VERTEX_POINT('',#4269);
#1432=VERTEX_POINT('',#4271);
#1433=VERTEX_POINT('',#4273);
#1434=VERTEX_POINT('',#4275);
#1435=VERTEX_POINT('',#4279);
#1436=VERTEX_POINT('',#4281);
#1437=VERTEX_POINT('',#4283);
#1438=VERTEX_POINT('',#4285);
#1439=VERTEX_POINT('',#4289);
#1440=VERTEX_POINT('',#4291);
#1441=VERTEX_POINT('',#4293);
#1442=VERTEX_POINT('',#4295);
#1443=VERTEX_POINT('',#4299);
#1444=VERTEX_POINT('',#4301);
#1445=VERTEX_POINT('',#4303);
#1446=VERTEX_POINT('',#4305);
#1447=VERTEX_POINT('',#4307);
#1448=VERTEX_POINT('',#4309);
#1449=VERTEX_POINT('',#4313);
#1450=VERTEX_POINT('',#4315);
#1451=VERTEX_POINT('',#4317);
#1452=VERTEX_POINT('',#4319);
#1453=VERTEX_POINT('',#4321);
#1454=VERTEX_POINT('',#4323);
#1455=VERTEX_POINT('',#4327);
#1456=VERTEX_POINT('',#4329);
#1457=VERTEX_POINT('',#4331);
#1458=VERTEX_POINT('',#4333);
#1459=VERTEX_POINT('',#4335);
#1460=VERTEX_POINT('',#4337);
#1461=VERTEX_POINT('',#4341);
#1462=VERTEX_POINT('',#4343);
#1463=VERTEX_POINT('',#4345);
#1464=VERTEX_POINT('',#4347);
#1465=VERTEX_POINT('',#4349);
#1466=VERTEX_POINT('',#4351);
#1467=VERTEX_POINT('',#4355);
#1468=VERTEX_POINT('',#4357);
#1469=VERTEX_POINT('',#4359);
#1470=VERTEX_POINT('',#4361);
#1471=VERTEX_POINT('',#4363);
#1472=VERTEX_POINT('',#4365);
#1473=VERTEX_POINT('',#4369);
#1474=VERTEX_POINT('',#4371);
#1475=VERTEX_POINT('',#4373);
#1476=VERTEX_POINT('',#4375);
#1477=VERTEX_POINT('',#4377);
#1478=VERTEX_POINT('',#4379);
#1479=VERTEX_POINT('',#4383);
#1480=VERTEX_POINT('',#4385);
#1481=VERTEX_POINT('',#4387);
#1482=VERTEX_POINT('',#4390);
#1483=VERTEX_POINT('',#4392);
#1484=VERTEX_POINT('',#4395);
#1485=VERTEX_POINT('',#4397);
#1486=VERTEX_POINT('',#4400);
#1487=VERTEX_POINT('',#4402);
#1488=VERTEX_POINT('',#4405);
#1489=VERTEX_POINT('',#4407);
#1490=VERTEX_POINT('',#4410);
#1491=VERTEX_POINT('',#4412);
#1492=VERTEX_POINT('',#4415);
#1493=VERTEX_POINT('',#4417);
#1494=VERTEX_POINT('',#4420);
#1495=VERTEX_POINT('',#4422);
#1496=VERTEX_POINT('',#4424);
#1497=VERTEX_POINT('',#4426);
#1498=VERTEX_POINT('',#4428);
#1499=VERTEX_POINT('',#4430);
#1500=VERTEX_POINT('',#4432);
#1501=VERTEX_POINT('',#4435);
#1502=VERTEX_POINT('',#4437);
#1503=VERTEX_POINT('',#4439);
#1504=VERTEX_POINT('',#4441);
#1505=VERTEX_POINT('',#4443);
#1506=VERTEX_POINT('',#4445);
#1507=VERTEX_POINT('',#4447);
#1508=VERTEX_POINT('',#4449);
#1509=VERTEX_POINT('',#4451);
#1510=VERTEX_POINT('',#4453);
#1511=VERTEX_POINT('',#4455);
#1512=VERTEX_POINT('',#4457);
#1513=VERTEX_POINT('',#4459);
#1514=VERTEX_POINT('',#4461);
#1515=VERTEX_POINT('',#4463);
#1516=VERTEX_POINT('',#4466);
#1517=VERTEX_POINT('',#4468);
#1518=VERTEX_POINT('',#4471);
#1519=VERTEX_POINT('',#4473);
#1520=VERTEX_POINT('',#4476);
#1521=VERTEX_POINT('',#4478);
#1522=VERTEX_POINT('',#4481);
#1523=VERTEX_POINT('',#4483);
#1524=VERTEX_POINT('',#4486);
#1525=VERTEX_POINT('',#4488);
#1526=VERTEX_POINT('',#4491);
#1527=VERTEX_POINT('',#4493);
#1528=VERTEX_POINT('',#4497);
#1529=VERTEX_POINT('',#4501);
#1530=VERTEX_POINT('',#4503);
#1531=VERTEX_POINT('',#4505);
#1532=VERTEX_POINT('',#4508);
#1533=VERTEX_POINT('',#4512);
#1534=VERTEX_POINT('',#4514);
#1535=VERTEX_POINT('',#4516);
#1536=VERTEX_POINT('',#4519);
#1537=VERTEX_POINT('',#4523);
#1538=VERTEX_POINT('',#4525);
#1539=VERTEX_POINT('',#4528);
#1540=VERTEX_POINT('',#4530);
#1541=VERTEX_POINT('',#4534);
#1542=VERTEX_POINT('',#4538);
#1543=VERTEX_POINT('',#4543);
#1544=VERTEX_POINT('',#4544);
#1545=VERTEX_POINT('',#4551);
#1546=VERTEX_POINT('',#4552);
#1547=VERTEX_POINT('',#4560);
#1548=VERTEX_POINT('',#4564);
#1549=VERTEX_POINT('',#4571);
#1550=VERTEX_POINT('',#4575);
#1551=VERTEX_POINT('',#4582);
#1552=VERTEX_POINT('',#4586);
#1553=VERTEX_POINT('',#4593);
#1554=VERTEX_POINT('',#4597);
#1555=VERTEX_POINT('',#4605);
#1556=VERTEX_POINT('',#4609);
#1557=VERTEX_POINT('',#4617);
#1558=VERTEX_POINT('',#4621);
#1559=VERTEX_POINT('',#4629);
#1560=VERTEX_POINT('',#4633);
#1561=VERTEX_POINT('',#4641);
#1562=VERTEX_POINT('',#4645);
#1563=VERTEX_POINT('',#4653);
#1564=VERTEX_POINT('',#4657);
#1565=VERTEX_POINT('',#4665);
#1566=VERTEX_POINT('',#4669);
#1567=VERTEX_POINT('',#4677);
#1568=VERTEX_POINT('',#4681);
#1569=VERTEX_POINT('',#4689);
#1570=VERTEX_POINT('',#4693);
#1571=VERTEX_POINT('',#4701);
#1572=VERTEX_POINT('',#4705);
#1573=VERTEX_POINT('',#4713);
#1574=VERTEX_POINT('',#4717);
#1575=VERTEX_POINT('',#4725);
#1576=VERTEX_POINT('',#4729);
#1577=VERTEX_POINT('',#4737);
#1578=VERTEX_POINT('',#4741);
#1579=VERTEX_POINT('',#4749);
#1580=VERTEX_POINT('',#4753);
#1581=VERTEX_POINT('',#4761);
#1582=VERTEX_POINT('',#4765);
#1583=VERTEX_POINT('',#4773);
#1584=VERTEX_POINT('',#4777);
#1585=VERTEX_POINT('',#4785);
#1586=VERTEX_POINT('',#4789);
#1587=VERTEX_POINT('',#4814);
#1588=VERTEX_POINT('',#4815);
#1589=VERTEX_POINT('',#4820);
#1590=VERTEX_POINT('',#4822);
#1591=VERTEX_POINT('',#4826);
#1592=VERTEX_POINT('',#4828);
#1593=VERTEX_POINT('',#4832);
#1594=VERTEX_POINT('',#4834);
#1595=VERTEX_POINT('',#4838);
#1596=VERTEX_POINT('',#4840);
#1597=LINE('',#4051,#1945);
#1598=LINE('',#4056,#1946);
#1599=LINE('',#4060,#1947);
#1600=LINE('',#4064,#1948);
#1601=LINE('',#4068,#1949);
#1602=LINE('',#4072,#1950);
#1603=LINE('',#4076,#1951);
#1604=LINE('',#4080,#1952);
#1605=LINE('',#4084,#1953);
#1606=LINE('',#4088,#1954);
#1607=LINE('',#4090,#1955);
#1608=LINE('',#4092,#1956);
#1609=LINE('',#4096,#1957);
#1610=LINE('',#4100,#1958);
#1611=LINE('',#4104,#1959);
#1612=LINE('',#4108,#1960);
#1613=LINE('',#4112,#1961);
#1614=LINE('',#4116,#1962);
#1615=LINE('',#4120,#1963);
#1616=LINE('',#4124,#1964);
#1617=LINE('',#4126,#1965);
#1618=LINE('',#4130,#1966);
#1619=LINE('',#4134,#1967);
#1620=LINE('',#4136,#1968);
#1621=LINE('',#4139,#1969);
#1622=LINE('',#4144,#1970);
#1623=LINE('',#4148,#1971);
#1624=LINE('',#4152,#1972);
#1625=LINE('',#4156,#1973);
#1626=LINE('',#4158,#1974);
#1627=LINE('',#4160,#1975);
#1628=LINE('',#4162,#1976);
#1629=LINE('',#4164,#1977);
#1630=LINE('',#4166,#1978);
#1631=LINE('',#4168,#1979);
#1632=LINE('',#4170,#1980);
#1633=LINE('',#4172,#1981);
#1634=LINE('',#4174,#1982);
#1635=LINE('',#4176,#1983);
#1636=LINE('',#4178,#1984);
#1637=LINE('',#4180,#1985);
#1638=LINE('',#4182,#1986);
#1639=LINE('',#4184,#1987);
#1640=LINE('',#4186,#1988);
#1641=LINE('',#4188,#1989);
#1642=LINE('',#4190,#1990);
#1643=LINE('',#4192,#1991);
#1644=LINE('',#4194,#1992);
#1645=LINE('',#4196,#1993);
#1646=LINE('',#4198,#1994);
#1647=LINE('',#4200,#1995);
#1648=LINE('',#4202,#1996);
#1649=LINE('',#4204,#1997);
#1650=LINE('',#4206,#1998);
#1651=LINE('',#4208,#1999);
#1652=LINE('',#4210,#2000);
#1653=LINE('',#4212,#2001);
#1654=LINE('',#4214,#2002);
#1655=LINE('',#4216,#2003);
#1656=LINE('',#4218,#2004);
#1657=LINE('',#4220,#2005);
#1658=LINE('',#4222,#2006);
#1659=LINE('',#4224,#2007);
#1660=LINE('',#4226,#2008);
#1661=LINE('',#4228,#2009);
#1662=LINE('',#4230,#2010);
#1663=LINE('',#4232,#2011);
#1664=LINE('',#4234,#2012);
#1665=LINE('',#4236,#2013);
#1666=LINE('',#4238,#2014);
#1667=LINE('',#4240,#2015);
#1668=LINE('',#4242,#2016);
#1669=LINE('',#4244,#2017);
#1670=LINE('',#4246,#2018);
#1671=LINE('',#4248,#2019);
#1672=LINE('',#4250,#2020);
#1673=LINE('',#4252,#2021);
#1674=LINE('',#4254,#2022);
#1675=LINE('',#4256,#2023);
#1676=LINE('',#4258,#2024);
#1677=LINE('',#4260,#2025);
#1678=LINE('',#4262,#2026);
#1679=LINE('',#4264,#2027);
#1680=LINE('',#4266,#2028);
#1681=LINE('',#4268,#2029);
#1682=LINE('',#4270,#2030);
#1683=LINE('',#4272,#2031);
#1684=LINE('',#4274,#2032);
#1685=LINE('',#4276,#2033);
#1686=LINE('',#4278,#2034);
#1687=LINE('',#4280,#2035);
#1688=LINE('',#4282,#2036);
#1689=LINE('',#4284,#2037);
#1690=LINE('',#4286,#2038);
#1691=LINE('',#4288,#2039);
#1692=LINE('',#4290,#2040);
#1693=LINE('',#4292,#2041);
#1694=LINE('',#4294,#2042);
#1695=LINE('',#4296,#2043);
#1696=LINE('',#4298,#2044);
#1697=LINE('',#4300,#2045);
#1698=LINE('',#4302,#2046);
#1699=LINE('',#4304,#2047);
#1700=LINE('',#4306,#2048);
#1701=LINE('',#4308,#2049);
#1702=LINE('',#4310,#2050);
#1703=LINE('',#4312,#2051);
#1704=LINE('',#4314,#2052);
#1705=LINE('',#4316,#2053);
#1706=LINE('',#4318,#2054);
#1707=LINE('',#4320,#2055);
#1708=LINE('',#4322,#2056);
#1709=LINE('',#4324,#2057);
#1710=LINE('',#4326,#2058);
#1711=LINE('',#4328,#2059);
#1712=LINE('',#4330,#2060);
#1713=LINE('',#4332,#2061);
#1714=LINE('',#4334,#2062);
#1715=LINE('',#4336,#2063);
#1716=LINE('',#4338,#2064);
#1717=LINE('',#4340,#2065);
#1718=LINE('',#4342,#2066);
#1719=LINE('',#4344,#2067);
#1720=LINE('',#4346,#2068);
#1721=LINE('',#4348,#2069);
#1722=LINE('',#4350,#2070);
#1723=LINE('',#4352,#2071);
#1724=LINE('',#4354,#2072);
#1725=LINE('',#4356,#2073);
#1726=LINE('',#4358,#2074);
#1727=LINE('',#4360,#2075);
#1728=LINE('',#4362,#2076);
#1729=LINE('',#4364,#2077);
#1730=LINE('',#4366,#2078);
#1731=LINE('',#4368,#2079);
#1732=LINE('',#4370,#2080);
#1733=LINE('',#4372,#2081);
#1734=LINE('',#4374,#2082);
#1735=LINE('',#4376,#2083);
#1736=LINE('',#4378,#2084);
#1737=LINE('',#4380,#2085);
#1738=LINE('',#4382,#2086);
#1739=LINE('',#4384,#2087);
#1740=LINE('',#4386,#2088);
#1741=LINE('',#4388,#2089);
#1742=LINE('',#4389,#2090);
#1743=LINE('',#4391,#2091);
#1744=LINE('',#4393,#2092);
#1745=LINE('',#4394,#2093);
#1746=LINE('',#4396,#2094);
#1747=LINE('',#4398,#2095);
#1748=LINE('',#4399,#2096);
#1749=LINE('',#4401,#2097);
#1750=LINE('',#4403,#2098);
#1751=LINE('',#4404,#2099);
#1752=LINE('',#4406,#2100);
#1753=LINE('',#4408,#2101);
#1754=LINE('',#4409,#2102);
#1755=LINE('',#4411,#2103);
#1756=LINE('',#4413,#2104);
#1757=LINE('',#4414,#2105);
#1758=LINE('',#4416,#2106);
#1759=LINE('',#4418,#2107);
#1760=LINE('',#4419,#2108);
#1761=LINE('',#4421,#2109);
#1762=LINE('',#4423,#2110);
#1763=LINE('',#4425,#2111);
#1764=LINE('',#4427,#2112);
#1765=LINE('',#4429,#2113);
#1766=LINE('',#4431,#2114);
#1767=LINE('',#4433,#2115);
#1768=LINE('',#4434,#2116);
#1769=LINE('',#4436,#2117);
#1770=LINE('',#4438,#2118);
#1771=LINE('',#4440,#2119);
#1772=LINE('',#4442,#2120);
#1773=LINE('',#4444,#2121);
#1774=LINE('',#4446,#2122);
#1775=LINE('',#4448,#2123);
#1776=LINE('',#4450,#2124);
#1777=LINE('',#4452,#2125);
#1778=LINE('',#4454,#2126);
#1779=LINE('',#4456,#2127);
#1780=LINE('',#4458,#2128);
#1781=LINE('',#4460,#2129);
#1782=LINE('',#4462,#2130);
#1783=LINE('',#4464,#2131);
#1784=LINE('',#4465,#2132);
#1785=LINE('',#4467,#2133);
#1786=LINE('',#4469,#2134);
#1787=LINE('',#4470,#2135);
#1788=LINE('',#4472,#2136);
#1789=LINE('',#4474,#2137);
#1790=LINE('',#4475,#2138);
#1791=LINE('',#4477,#2139);
#1792=LINE('',#4479,#2140);
#1793=LINE('',#4480,#2141);
#1794=LINE('',#4482,#2142);
#1795=LINE('',#4484,#2143);
#1796=LINE('',#4485,#2144);
#1797=LINE('',#4487,#2145);
#1798=LINE('',#4489,#2146);
#1799=LINE('',#4490,#2147);
#1800=LINE('',#4492,#2148);
#1801=LINE('',#4494,#2149);
#1802=LINE('',#4495,#2150);
#1803=LINE('',#4496,#2151);
#1804=LINE('',#4498,#2152);
#1805=LINE('',#4500,#2153);
#1806=LINE('',#4502,#2154);
#1807=LINE('',#4504,#2155);
#1808=LINE('',#4506,#2156);
#1809=LINE('',#4507,#2157);
#1810=LINE('',#4509,#2158);
#1811=LINE('',#4511,#2159);
#1812=LINE('',#4513,#2160);
#1813=LINE('',#4515,#2161);
#1814=LINE('',#4517,#2162);
#1815=LINE('',#4518,#2163);
#1816=LINE('',#4520,#2164);
#1817=LINE('',#4522,#2165);
#1818=LINE('',#4524,#2166);
#1819=LINE('',#4526,#2167);
#1820=LINE('',#4527,#2168);
#1821=LINE('',#4529,#2169);
#1822=LINE('',#4531,#2170);
#1823=LINE('',#4535,#2171);
#1824=LINE('',#4537,#2172);
#1825=LINE('',#4539,#2173);
#1826=LINE('',#4540,#2174);
#1827=LINE('',#4542,#2175);
#1828=LINE('',#4545,#2176);
#1829=LINE('',#4546,#2177);
#1830=LINE('',#4550,#2178);
#1831=LINE('',#4553,#2179);
#1832=LINE('',#4554,#2180);
#1833=LINE('',#4559,#2181);
#1834=LINE('',#4561,#2182);
#1835=LINE('',#4563,#2183);
#1836=LINE('',#4565,#2184);
#1837=LINE('',#4567,#2185);
#1838=LINE('',#4570,#2186);
#1839=LINE('',#4572,#2187);
#1840=LINE('',#4574,#2188);
#1841=LINE('',#4576,#2189);
#1842=LINE('',#4578,#2190);
#1843=LINE('',#4581,#2191);
#1844=LINE('',#4583,#2192);
#1845=LINE('',#4585,#2193);
#1846=LINE('',#4587,#2194);
#1847=LINE('',#4589,#2195);
#1848=LINE('',#4592,#2196);
#1849=LINE('',#4594,#2197);
#1850=LINE('',#4596,#2198);
#1851=LINE('',#4598,#2199);
#1852=LINE('',#4600,#2200);
#1853=LINE('',#4604,#2201);
#1854=LINE('',#4606,#2202);
#1855=LINE('',#4608,#2203);
#1856=LINE('',#4610,#2204);
#1857=LINE('',#4612,#2205);
#1858=LINE('',#4616,#2206);
#1859=LINE('',#4618,#2207);
#1860=LINE('',#4620,#2208);
#1861=LINE('',#4622,#2209);
#1862=LINE('',#4624,#2210);
#1863=LINE('',#4628,#2211);
#1864=LINE('',#4630,#2212);
#1865=LINE('',#4632,#2213);
#1866=LINE('',#4634,#2214);
#1867=LINE('',#4636,#2215);
#1868=LINE('',#4640,#2216);
#1869=LINE('',#4642,#2217);
#1870=LINE('',#4644,#2218);
#1871=LINE('',#4646,#2219);
#1872=LINE('',#4648,#2220);
#1873=LINE('',#4652,#2221);
#1874=LINE('',#4654,#2222);
#1875=LINE('',#4656,#2223);
#1876=LINE('',#4658,#2224);
#1877=LINE('',#4660,#2225);
#1878=LINE('',#4664,#2226);
#1879=LINE('',#4666,#2227);
#1880=LINE('',#4668,#2228);
#1881=LINE('',#4670,#2229);
#1882=LINE('',#4672,#2230);
#1883=LINE('',#4676,#2231);
#1884=LINE('',#4678,#2232);
#1885=LINE('',#4680,#2233);
#1886=LINE('',#4682,#2234);
#1887=LINE('',#4684,#2235);
#1888=LINE('',#4688,#2236);
#1889=LINE('',#4690,#2237);
#1890=LINE('',#4692,#2238);
#1891=LINE('',#4694,#2239);
#1892=LINE('',#4696,#2240);
#1893=LINE('',#4700,#2241);
#1894=LINE('',#4702,#2242);
#1895=LINE('',#4704,#2243);
#1896=LINE('',#4706,#2244);
#1897=LINE('',#4708,#2245);
#1898=LINE('',#4712,#2246);
#1899=LINE('',#4714,#2247);
#1900=LINE('',#4716,#2248);
#1901=LINE('',#4718,#2249);
#1902=LINE('',#4720,#2250);
#1903=LINE('',#4724,#2251);
#1904=LINE('',#4726,#2252);
#1905=LINE('',#4728,#2253);
#1906=LINE('',#4730,#2254);
#1907=LINE('',#4732,#2255);
#1908=LINE('',#4736,#2256);
#1909=LINE('',#4738,#2257);
#1910=LINE('',#4740,#2258);
#1911=LINE('',#4742,#2259);
#1912=LINE('',#4744,#2260);
#1913=LINE('',#4748,#2261);
#1914=LINE('',#4750,#2262);
#1915=LINE('',#4752,#2263);
#1916=LINE('',#4754,#2264);
#1917=LINE('',#4756,#2265);
#1918=LINE('',#4760,#2266);
#1919=LINE('',#4762,#2267);
#1920=LINE('',#4764,#2268);
#1921=LINE('',#4766,#2269);
#1922=LINE('',#4768,#2270);
#1923=LINE('',#4772,#2271);
#1924=LINE('',#4774,#2272);
#1925=LINE('',#4776,#2273);
#1926=LINE('',#4778,#2274);
#1927=LINE('',#4780,#2275);
#1928=LINE('',#4784,#2276);
#1929=LINE('',#4786,#2277);
#1930=LINE('',#4788,#2278);
#1931=LINE('',#4790,#2279);
#1932=LINE('',#4792,#2280);
#1933=LINE('',#4813,#2281);
#1934=LINE('',#4816,#2282);
#1935=LINE('',#4817,#2283);
#1936=LINE('',#4819,#2284);
#1937=LINE('',#4821,#2285);
#1938=LINE('',#4823,#2286);
#1939=LINE('',#4825,#2287);
#1940=LINE('',#4827,#2288);
#1941=LINE('',#4829,#2289);
#1942=LINE('',#4831,#2290);
#1943=LINE('',#4833,#2291);
#1944=LINE('',#4835,#2292);
#1945=VECTOR('',#3329,1.);
#1946=VECTOR('',#3332,1.);
#1947=VECTOR('',#3335,1.);
#1948=VECTOR('',#3338,1.);
#1949=VECTOR('',#3341,1.);
#1950=VECTOR('',#3344,1.);
#1951=VECTOR('',#3347,1.);
#1952=VECTOR('',#3350,1.);
#1953=VECTOR('',#3353,1.);
#1954=VECTOR('',#3356,1.);
#1955=VECTOR('',#3357,1.);
#1956=VECTOR('',#3358,1.);
#1957=VECTOR('',#3361,1.);
#1958=VECTOR('',#3364,1.);
#1959=VECTOR('',#3367,1.);
#1960=VECTOR('',#3370,1.);
#1961=VECTOR('',#3373,1.);
#1962=VECTOR('',#3376,1.);
#1963=VECTOR('',#3379,1.);
#1964=VECTOR('',#3382,1.);
#1965=VECTOR('',#3383,1.);
#1966=VECTOR('',#3386,1.);
#1967=VECTOR('',#3389,1.);
#1968=VECTOR('',#3390,1.);
#1969=VECTOR('',#3393,1.);
#1970=VECTOR('',#3396,1.);
#1971=VECTOR('',#3399,1.);
#1972=VECTOR('',#3402,1.);
#1973=VECTOR('',#3407,1.);
#1974=VECTOR('',#3408,1.);
#1975=VECTOR('',#3409,1.);
#1976=VECTOR('',#3410,1.);
#1977=VECTOR('',#3411,1.);
#1978=VECTOR('',#3412,1.);
#1979=VECTOR('',#3413,1.);
#1980=VECTOR('',#3416,1.);
#1981=VECTOR('',#3417,1.);
#1982=VECTOR('',#3418,1.);
#1983=VECTOR('',#3419,1.);
#1984=VECTOR('',#3420,1.);
#1985=VECTOR('',#3421,1.);
#1986=VECTOR('',#3422,1.);
#1987=VECTOR('',#3425,1.);
#1988=VECTOR('',#3426,1.);
#1989=VECTOR('',#3427,1.);
#1990=VECTOR('',#3428,1.);
#1991=VECTOR('',#3429,1.);
#1992=VECTOR('',#3430,1.);
#1993=VECTOR('',#3431,1.);
#1994=VECTOR('',#3434,1.);
#1995=VECTOR('',#3435,1.);
#1996=VECTOR('',#3436,1.);
#1997=VECTOR('',#3437,1.);
#1998=VECTOR('',#3438,1.);
#1999=VECTOR('',#3439,1.);
#2000=VECTOR('',#3440,1.);
#2001=VECTOR('',#3443,1.);
#2002=VECTOR('',#3444,1.);
#2003=VECTOR('',#3445,1.);
#2004=VECTOR('',#3446,1.);
#2005=VECTOR('',#3447,1.);
#2006=VECTOR('',#3448,1.);
#2007=VECTOR('',#3449,1.);
#2008=VECTOR('',#3452,1.);
#2009=VECTOR('',#3453,1.);
#2010=VECTOR('',#3454,1.);
#2011=VECTOR('',#3455,1.);
#2012=VECTOR('',#3456,1.);
#2013=VECTOR('',#3457,1.);
#2014=VECTOR('',#3458,1.);
#2015=VECTOR('',#3461,1.);
#2016=VECTOR('',#3462,1.);
#2017=VECTOR('',#3463,1.);
#2018=VECTOR('',#3464,1.);
#2019=VECTOR('',#3465,1.);
#2020=VECTOR('',#3466,1.);
#2021=VECTOR('',#3467,1.);
#2022=VECTOR('',#3470,1.);
#2023=VECTOR('',#3471,1.);
#2024=VECTOR('',#3472,1.);
#2025=VECTOR('',#3473,1.);
#2026=VECTOR('',#3474,1.);
#2027=VECTOR('',#3475,1.);
#2028=VECTOR('',#3476,1.);
#2029=VECTOR('',#3479,1.);
#2030=VECTOR('',#3480,1.);
#2031=VECTOR('',#3481,1.);
#2032=VECTOR('',#3482,1.);
#2033=VECTOR('',#3483,1.);
#2034=VECTOR('',#3486,1.);
#2035=VECTOR('',#3487,1.);
#2036=VECTOR('',#3488,1.);
#2037=VECTOR('',#3489,1.);
#2038=VECTOR('',#3490,1.);
#2039=VECTOR('',#3493,1.);
#2040=VECTOR('',#3494,1.);
#2041=VECTOR('',#3495,1.);
#2042=VECTOR('',#3496,1.);
#2043=VECTOR('',#3497,1.);
#2044=VECTOR('',#3500,1.);
#2045=VECTOR('',#3501,1.);
#2046=VECTOR('',#3502,1.);
#2047=VECTOR('',#3503,1.);
#2048=VECTOR('',#3504,1.);
#2049=VECTOR('',#3505,1.);
#2050=VECTOR('',#3506,1.);
#2051=VECTOR('',#3509,1.);
#2052=VECTOR('',#3510,1.);
#2053=VECTOR('',#3511,1.);
#2054=VECTOR('',#3512,1.);
#2055=VECTOR('',#3513,1.);
#2056=VECTOR('',#3514,1.);
#2057=VECTOR('',#3515,1.);
#2058=VECTOR('',#3518,1.);
#2059=VECTOR('',#3519,1.);
#2060=VECTOR('',#3520,1.);
#2061=VECTOR('',#3521,1.);
#2062=VECTOR('',#3522,1.);
#2063=VECTOR('',#3523,1.);
#2064=VECTOR('',#3524,1.);
#2065=VECTOR('',#3527,1.);
#2066=VECTOR('',#3528,1.);
#2067=VECTOR('',#3529,1.);
#2068=VECTOR('',#3530,1.);
#2069=VECTOR('',#3531,1.);
#2070=VECTOR('',#3532,1.);
#2071=VECTOR('',#3533,1.);
#2072=VECTOR('',#3536,1.);
#2073=VECTOR('',#3537,1.);
#2074=VECTOR('',#3538,1.);
#2075=VECTOR('',#3539,1.);
#2076=VECTOR('',#3540,1.);
#2077=VECTOR('',#3541,1.);
#2078=VECTOR('',#3542,1.);
#2079=VECTOR('',#3545,1.);
#2080=VECTOR('',#3546,1.);
#2081=VECTOR('',#3547,1.);
#2082=VECTOR('',#3548,1.);
#2083=VECTOR('',#3549,1.);
#2084=VECTOR('',#3550,1.);
#2085=VECTOR('',#3551,1.);
#2086=VECTOR('',#3554,1.);
#2087=VECTOR('',#3555,1.);
#2088=VECTOR('',#3556,1.);
#2089=VECTOR('',#3557,1.);
#2090=VECTOR('',#3558,1.);
#2091=VECTOR('',#3559,1.);
#2092=VECTOR('',#3560,1.);
#2093=VECTOR('',#3561,1.);
#2094=VECTOR('',#3562,1.);
#2095=VECTOR('',#3563,1.);
#2096=VECTOR('',#3564,1.);
#2097=VECTOR('',#3565,1.);
#2098=VECTOR('',#3566,1.);
#2099=VECTOR('',#3567,1.);
#2100=VECTOR('',#3568,1.);
#2101=VECTOR('',#3569,1.);
#2102=VECTOR('',#3570,1.);
#2103=VECTOR('',#3571,1.);
#2104=VECTOR('',#3572,1.);
#2105=VECTOR('',#3573,1.);
#2106=VECTOR('',#3574,1.);
#2107=VECTOR('',#3575,1.);
#2108=VECTOR('',#3576,1.);
#2109=VECTOR('',#3577,1.);
#2110=VECTOR('',#3578,1.);
#2111=VECTOR('',#3579,1.);
#2112=VECTOR('',#3580,1.);
#2113=VECTOR('',#3581,1.);
#2114=VECTOR('',#3582,1.);
#2115=VECTOR('',#3583,1.);
#2116=VECTOR('',#3584,1.);
#2117=VECTOR('',#3585,1.);
#2118=VECTOR('',#3586,1.);
#2119=VECTOR('',#3587,1.);
#2120=VECTOR('',#3588,1.);
#2121=VECTOR('',#3589,1.);
#2122=VECTOR('',#3590,1.);
#2123=VECTOR('',#3591,1.);
#2124=VECTOR('',#3592,1.);
#2125=VECTOR('',#3593,1.);
#2126=VECTOR('',#3594,1.);
#2127=VECTOR('',#3595,1.);
#2128=VECTOR('',#3596,1.);
#2129=VECTOR('',#3597,1.);
#2130=VECTOR('',#3598,1.);
#2131=VECTOR('',#3599,1.);
#2132=VECTOR('',#3600,1.);
#2133=VECTOR('',#3601,1.);
#2134=VECTOR('',#3602,1.);
#2135=VECTOR('',#3603,1.);
#2136=VECTOR('',#3604,1.);
#2137=VECTOR('',#3605,1.);
#2138=VECTOR('',#3606,1.);
#2139=VECTOR('',#3607,1.);
#2140=VECTOR('',#3608,1.);
#2141=VECTOR('',#3609,1.);
#2142=VECTOR('',#3610,1.);
#2143=VECTOR('',#3611,1.);
#2144=VECTOR('',#3612,1.);
#2145=VECTOR('',#3613,1.);
#2146=VECTOR('',#3614,1.);
#2147=VECTOR('',#3615,1.);
#2148=VECTOR('',#3616,1.);
#2149=VECTOR('',#3617,1.);
#2150=VECTOR('',#3618,1.);
#2151=VECTOR('',#3619,1.);
#2152=VECTOR('',#3620,1.);
#2153=VECTOR('',#3623,1.);
#2154=VECTOR('',#3624,1.);
#2155=VECTOR('',#3625,1.);
#2156=VECTOR('',#3626,1.);
#2157=VECTOR('',#3627,1.);
#2158=VECTOR('',#3628,1.);
#2159=VECTOR('',#3631,1.);
#2160=VECTOR('',#3632,1.);
#2161=VECTOR('',#3633,1.);
#2162=VECTOR('',#3634,1.);
#2163=VECTOR('',#3635,1.);
#2164=VECTOR('',#3636,1.);
#2165=VECTOR('',#3639,1.);
#2166=VECTOR('',#3640,1.);
#2167=VECTOR('',#3641,1.);
#2168=VECTOR('',#3642,1.);
#2169=VECTOR('',#3643,1.);
#2170=VECTOR('',#3644,1.);
#2171=VECTOR('',#3649,1.);
#2172=VECTOR('',#3652,1.);
#2173=VECTOR('',#3653,1.);
#2174=VECTOR('',#3654,1.);
#2175=VECTOR('',#3657,1.);
#2176=VECTOR('',#3658,1.);
#2177=VECTOR('',#3659,1.);
#2178=VECTOR('',#3666,1.);
#2179=VECTOR('',#3667,1.);
#2180=VECTOR('',#3668,1.);
#2181=VECTOR('',#3677,1.);
#2182=VECTOR('',#3678,1.);
#2183=VECTOR('',#3681,1.);
#2184=VECTOR('',#3682,1.);
#2185=VECTOR('',#3685,1.);
#2186=VECTOR('',#3690,1.);
#2187=VECTOR('',#3691,1.);
#2188=VECTOR('',#3694,1.);
#2189=VECTOR('',#3695,1.);
#2190=VECTOR('',#3698,1.);
#2191=VECTOR('',#3703,1.);
#2192=VECTOR('',#3704,1.);
#2193=VECTOR('',#3707,1.);
#2194=VECTOR('',#3708,1.);
#2195=VECTOR('',#3711,1.);
#2196=VECTOR('',#3716,1.);
#2197=VECTOR('',#3717,1.);
#2198=VECTOR('',#3720,1.);
#2199=VECTOR('',#3721,1.);
#2200=VECTOR('',#3724,1.);
#2201=VECTOR('',#3731,1.);
#2202=VECTOR('',#3732,1.);
#2203=VECTOR('',#3735,1.);
#2204=VECTOR('',#3736,1.);
#2205=VECTOR('',#3739,1.);
#2206=VECTOR('',#3746,1.);
#2207=VECTOR('',#3747,1.);
#2208=VECTOR('',#3750,1.);
#2209=VECTOR('',#3751,1.);
#2210=VECTOR('',#3754,1.);
#2211=VECTOR('',#3761,1.);
#2212=VECTOR('',#3762,1.);
#2213=VECTOR('',#3765,1.);
#2214=VECTOR('',#3766,1.);
#2215=VECTOR('',#3769,1.);
#2216=VECTOR('',#3776,1.);
#2217=VECTOR('',#3777,1.);
#2218=VECTOR('',#3780,1.);
#2219=VECTOR('',#3781,1.);
#2220=VECTOR('',#3784,1.);
#2221=VECTOR('',#3791,1.);
#2222=VECTOR('',#3792,1.);
#2223=VECTOR('',#3795,1.);
#2224=VECTOR('',#3796,1.);
#2225=VECTOR('',#3799,1.);
#2226=VECTOR('',#3806,1.);
#2227=VECTOR('',#3807,1.);
#2228=VECTOR('',#3810,1.);
#2229=VECTOR('',#3811,1.);
#2230=VECTOR('',#3814,1.);
#2231=VECTOR('',#3821,1.);
#2232=VECTOR('',#3822,1.);
#2233=VECTOR('',#3825,1.);
#2234=VECTOR('',#3826,1.);
#2235=VECTOR('',#3829,1.);
#2236=VECTOR('',#3836,1.);
#2237=VECTOR('',#3837,1.);
#2238=VECTOR('',#3840,1.);
#2239=VECTOR('',#3841,1.);
#2240=VECTOR('',#3844,1.);
#2241=VECTOR('',#3851,1.);
#2242=VECTOR('',#3852,1.);
#2243=VECTOR('',#3855,1.);
#2244=VECTOR('',#3856,1.);
#2245=VECTOR('',#3859,1.);
#2246=VECTOR('',#3866,1.);
#2247=VECTOR('',#3867,1.);
#2248=VECTOR('',#3870,1.);
#2249=VECTOR('',#3871,1.);
#2250=VECTOR('',#3874,1.);
#2251=VECTOR('',#3881,1.);
#2252=VECTOR('',#3882,1.);
#2253=VECTOR('',#3885,1.);
#2254=VECTOR('',#3886,1.);
#2255=VECTOR('',#3889,1.);
#2256=VECTOR('',#3896,1.);
#2257=VECTOR('',#3897,1.);
#2258=VECTOR('',#3900,1.);
#2259=VECTOR('',#3901,1.);
#2260=VECTOR('',#3904,1.);
#2261=VECTOR('',#3911,1.);
#2262=VECTOR('',#3912,1.);
#2263=VECTOR('',#3915,1.);
#2264=VECTOR('',#3916,1.);
#2265=VECTOR('',#3919,1.);
#2266=VECTOR('',#3926,1.);
#2267=VECTOR('',#3927,1.);
#2268=VECTOR('',#3930,1.);
#2269=VECTOR('',#3931,1.);
#2270=VECTOR('',#3934,1.);
#2271=VECTOR('',#3941,1.);
#2272=VECTOR('',#3942,1.);
#2273=VECTOR('',#3945,1.);
#2274=VECTOR('',#3946,1.);
#2275=VECTOR('',#3949,1.);
#2276=VECTOR('',#3956,1.);
#2277=VECTOR('',#3957,1.);
#2278=VECTOR('',#3960,1.);
#2279=VECTOR('',#3961,1.);
#2280=VECTOR('',#3964,1.);
#2281=VECTOR('',#4005,1.);
#2282=VECTOR('',#4006,1.);
#2283=VECTOR('',#4007,1.);
#2284=VECTOR('',#4010,1.);
#2285=VECTOR('',#4011,1.);
#2286=VECTOR('',#4012,1.);
#2287=VECTOR('',#4015,1.);
#2288=VECTOR('',#4016,1.);
#2289=VECTOR('',#4017,1.);
#2290=VECTOR('',#4020,1.);
#2291=VECTOR('',#4021,1.);
#2292=VECTOR('',#4022,1.);
#2293=EDGE_LOOP('',(#137,#138,#139,#140,#141,#142,#143,#144,#145,#146,#147,
#148,#149,#150,#151,#152,#153,#154,#155,#156,#157,#158,#159,#160,#161,#162,
#163,#164,#165,#166,#167,#168,#169,#170,#171,#172,#173,#174,#175,#176,#177,
#178,#179,#180));
#2294=EDGE_LOOP('',(#181,#182,#183,#184,#185,#186,#187,#188));
#2295=EDGE_LOOP('',(#189,#190,#191,#192,#193,#194,#195,#196));
#2296=EDGE_LOOP('',(#197,#198,#199,#200,#201,#202,#203,#204));
#2297=EDGE_LOOP('',(#205,#206,#207,#208,#209,#210,#211,#212));
#2298=EDGE_LOOP('',(#213,#214,#215,#216,#217,#218,#219,#220));
#2299=EDGE_LOOP('',(#221,#222,#223,#224,#225,#226,#227,#228));
#2300=EDGE_LOOP('',(#229,#230,#231,#232,#233,#234,#235,#236));
#2301=EDGE_LOOP('',(#237,#238,#239,#240,#241,#242,#243,#244));
#2302=EDGE_LOOP('',(#245,#246,#247,#248,#249,#250,#251,#252));
#2303=EDGE_LOOP('',(#253,#254,#255,#256,#257,#258));
#2304=EDGE_LOOP('',(#259,#260,#261,#262,#263,#264));
#2305=EDGE_LOOP('',(#265,#266,#267,#268,#269,#270));
#2306=EDGE_LOOP('',(#271,#272,#273,#274,#275,#276,#277,#278));
#2307=EDGE_LOOP('',(#279,#280,#281,#282,#283,#284,#285,#286));
#2308=EDGE_LOOP('',(#287,#288,#289,#290,#291,#292,#293,#294));
#2309=EDGE_LOOP('',(#295,#296,#297,#298,#299,#300,#301,#302));
#2310=EDGE_LOOP('',(#303,#304,#305,#306,#307,#308,#309,#310));
#2311=EDGE_LOOP('',(#311,#312,#313,#314,#315,#316,#317,#318));
#2312=EDGE_LOOP('',(#319,#320,#321,#322,#323,#324,#325,#326,#327,#328,#329,
#330,#331,#332,#333,#334,#335,#336,#337,#338,#339,#340,#341,#342,#343,#344,
#345,#346,#347,#348,#349,#350,#351,#352,#353,#354,#355,#356,#357,#358,#359,
#360,#361,#362,#363,#364,#365,#366,#367,#368,#369,#370,#371,#372,#373,#374,
#375,#376,#377,#378,#379,#380,#381,#382,#383,#384,#385,#386,#387,#388,#389,
#390,#391,#392,#393,#394,#395,#396,#397,#398,#399,#400,#401,#402));
#2313=EDGE_LOOP('',(#403,#404,#405,#406,#407,#408,#409,#410));
#2314=EDGE_LOOP('',(#411,#412,#413,#414,#415,#416,#417,#418));
#2315=EDGE_LOOP('',(#419,#420,#421,#422,#423,#424,#425,#426));
#2316=EDGE_LOOP('',(#427,#428,#429,#430));
#2317=EDGE_LOOP('',(#431,#432,#433,#434,#435,#436));
#2318=EDGE_LOOP('',(#437,#438,#439,#440,#441,#442));
#2319=EDGE_LOOP('',(#443,#444,#445,#446));
#2320=EDGE_LOOP('',(#447,#448,#449,#450,#451,#452));
#2321=EDGE_LOOP('',(#453,#454,#455,#456));
#2322=EDGE_LOOP('',(#457,#458,#459,#460));
#2323=EDGE_LOOP('',(#461,#462,#463,#464));
#2324=EDGE_LOOP('',(#465,#466,#467,#468));
#2325=EDGE_LOOP('',(#469,#470,#471,#472));
#2326=EDGE_LOOP('',(#473,#474,#475,#476,#477,#478));
#2327=EDGE_LOOP('',(#479,#480,#481,#482));
#2328=EDGE_LOOP('',(#483,#484,#485,#486));
#2329=EDGE_LOOP('',(#487,#488,#489,#490));
#2330=EDGE_LOOP('',(#491,#492,#493,#494,#495,#496));
#2331=EDGE_LOOP('',(#497,#498,#499,#500));
#2332=EDGE_LOOP('',(#501,#502,#503,#504));
#2333=EDGE_LOOP('',(#505,#506,#507,#508));
#2334=EDGE_LOOP('',(#509,#510,#511,#512,#513,#514));
#2335=EDGE_LOOP('',(#515,#516,#517,#518));
#2336=EDGE_LOOP('',(#519,#520,#521,#522));
#2337=EDGE_LOOP('',(#523,#524,#525,#526));
#2338=EDGE_LOOP('',(#527,#528,#529,#530,#531,#532));
#2339=EDGE_LOOP('',(#533,#534,#535,#536));
#2340=EDGE_LOOP('',(#537,#538,#539,#540));
#2341=EDGE_LOOP('',(#541,#542,#543,#544));
#2342=EDGE_LOOP('',(#545,#546,#547,#548,#549,#550));
#2343=EDGE_LOOP('',(#551,#552,#553,#554));
#2344=EDGE_LOOP('',(#555,#556,#557,#558));
#2345=EDGE_LOOP('',(#559,#560,#561,#562));
#2346=EDGE_LOOP('',(#563,#564,#565,#566,#567,#568));
#2347=EDGE_LOOP('',(#569,#570,#571,#572));
#2348=EDGE_LOOP('',(#573,#574,#575,#576));
#2349=EDGE_LOOP('',(#577,#578,#579,#580));
#2350=EDGE_LOOP('',(#581,#582,#583,#584,#585,#586));
#2351=EDGE_LOOP('',(#587,#588,#589,#590));
#2352=EDGE_LOOP('',(#591,#592,#593,#594));
#2353=EDGE_LOOP('',(#595,#596,#597,#598));
#2354=EDGE_LOOP('',(#599,#600,#601,#602,#603,#604));
#2355=EDGE_LOOP('',(#605,#606,#607,#608));
#2356=EDGE_LOOP('',(#609,#610,#611,#612));
#2357=EDGE_LOOP('',(#613,#614,#615,#616));
#2358=EDGE_LOOP('',(#617,#618,#619,#620,#621,#622));
#2359=EDGE_LOOP('',(#623,#624,#625,#626));
#2360=EDGE_LOOP('',(#627,#628,#629,#630));
#2361=EDGE_LOOP('',(#631,#632,#633,#634));
#2362=EDGE_LOOP('',(#635,#636,#637,#638,#639,#640));
#2363=EDGE_LOOP('',(#641,#642,#643,#644));
#2364=EDGE_LOOP('',(#645,#646,#647,#648));
#2365=EDGE_LOOP('',(#649,#650,#651,#652));
#2366=EDGE_LOOP('',(#653,#654,#655,#656,#657,#658));
#2367=EDGE_LOOP('',(#659,#660,#661,#662));
#2368=EDGE_LOOP('',(#663,#664,#665,#666));
#2369=EDGE_LOOP('',(#667,#668,#669,#670));
#2370=EDGE_LOOP('',(#671,#672,#673,#674,#675,#676));
#2371=EDGE_LOOP('',(#677,#678,#679,#680));
#2372=EDGE_LOOP('',(#681,#682,#683,#684));
#2373=EDGE_LOOP('',(#685,#686,#687,#688));
#2374=EDGE_LOOP('',(#689,#690,#691,#692,#693,#694));
#2375=EDGE_LOOP('',(#695,#696,#697,#698));
#2376=EDGE_LOOP('',(#699,#700,#701,#702));
#2377=EDGE_LOOP('',(#703,#704,#705,#706));
#2378=EDGE_LOOP('',(#707,#708,#709,#710,#711,#712));
#2379=EDGE_LOOP('',(#713,#714,#715,#716));
#2380=EDGE_LOOP('',(#717,#718,#719,#720));
#2381=EDGE_LOOP('',(#721,#722,#723,#724));
#2382=EDGE_LOOP('',(#725,#726,#727,#728,#729,#730));
#2383=EDGE_LOOP('',(#731,#732,#733,#734));
#2384=EDGE_LOOP('',(#735,#736,#737,#738));
#2385=EDGE_LOOP('',(#739,#740,#741,#742));
#2386=EDGE_LOOP('',(#743,#744,#745,#746,#747,#748));
#2387=EDGE_LOOP('',(#749,#750,#751,#752));
#2388=EDGE_LOOP('',(#753,#754,#755,#756));
#2389=EDGE_LOOP('',(#757,#758,#759,#760));
#2390=EDGE_LOOP('',(#761,#762,#763,#764,#765,#766));
#2391=EDGE_LOOP('',(#767,#768,#769,#770));
#2392=EDGE_LOOP('',(#771,#772,#773,#774));
#2393=EDGE_LOOP('',(#775,#776,#777,#778));
#2394=EDGE_LOOP('',(#779,#780,#781,#782,#783,#784));
#2395=EDGE_LOOP('',(#785,#786,#787,#788));
#2396=EDGE_LOOP('',(#789,#790,#791,#792));
#2397=EDGE_LOOP('',(#793,#794,#795,#796));
#2398=EDGE_LOOP('',(#797,#798,#799,#800,#801,#802));
#2399=EDGE_LOOP('',(#803,#804,#805,#806));
#2400=EDGE_LOOP('',(#807,#808,#809,#810));
#2401=EDGE_LOOP('',(#811,#812,#813,#814));
#2402=EDGE_LOOP('',(#815,#816,#817,#818,#819,#820));
#2403=EDGE_LOOP('',(#821,#822,#823,#824));
#2404=EDGE_LOOP('',(#825,#826,#827,#828));
#2405=EDGE_LOOP('',(#829,#830,#831,#832));
#2406=EDGE_LOOP('',(#833,#834,#835,#836));
#2407=EDGE_LOOP('',(#837,#838,#839,#840));
#2408=EDGE_LOOP('',(#841,#842,#843,#844));
#2409=EDGE_LOOP('',(#845,#846,#847,#848));
#2410=EDGE_LOOP('',(#849,#850,#851,#852));
#2411=EDGE_LOOP('',(#853,#854,#855,#856));
#2412=EDGE_LOOP('',(#857,#858,#859,#860));
#2413=EDGE_LOOP('',(#861,#862,#863,#864));
#2414=EDGE_LOOP('',(#865,#866,#867,#868));
#2415=EDGE_LOOP('',(#869,#870,#871,#872));
#2416=EDGE_LOOP('',(#873,#874,#875,#876));
#2417=EDGE_LOOP('',(#877,#878,#879,#880));
#2418=EDGE_LOOP('',(#881,#882,#883,#884));
#2419=EDGE_LOOP('',(#885,#886,#887,#888));
#2420=EDGE_LOOP('',(#889,#890,#891,#892));
#2421=EDGE_LOOP('',(#893,#894,#895,#896));
#2422=EDGE_LOOP('',(#897,#898,#899,#900));
#2423=EDGE_LOOP('',(#901,#902,#903,#904));
#2424=EDGE_LOOP('',(#905));
#2425=EDGE_LOOP('',(#906));
#2426=EDGE_LOOP('',(#907,#908,#909,#910,#911,#912,#913,#914));
#2427=EDGE_LOOP('',(#915));
#2428=EDGE_LOOP('',(#916));
#2429=EDGE_LOOP('',(#917,#918,#919,#920));
#2430=EDGE_LOOP('',(#921,#922,#923,#924));
#2431=EDGE_LOOP('',(#925,#926,#927,#928));
#2432=EDGE_LOOP('',(#929,#930,#931,#932));
#2433=FACE_BOUND('',#2293,.T.);
#2434=FACE_BOUND('',#2294,.T.);
#2435=FACE_BOUND('',#2295,.T.);
#2436=FACE_BOUND('',#2296,.T.);
#2437=FACE_BOUND('',#2297,.T.);
#2438=FACE_BOUND('',#2298,.T.);
#2439=FACE_BOUND('',#2299,.T.);
#2440=FACE_BOUND('',#2300,.T.);
#2441=FACE_BOUND('',#2301,.T.);
#2442=FACE_BOUND('',#2302,.T.);
#2443=FACE_BOUND('',#2303,.T.);
#2444=FACE_BOUND('',#2304,.T.);
#2445=FACE_BOUND('',#2305,.T.);
#2446=FACE_BOUND('',#2306,.T.);
#2447=FACE_BOUND('',#2307,.T.);
#2448=FACE_BOUND('',#2308,.T.);
#2449=FACE_BOUND('',#2309,.T.);
#2450=FACE_BOUND('',#2310,.T.);
#2451=FACE_BOUND('',#2311,.T.);
#2452=FACE_BOUND('',#2312,.T.);
#2453=FACE_BOUND('',#2313,.T.);
#2454=FACE_BOUND('',#2314,.T.);
#2455=FACE_BOUND('',#2315,.T.);
#2456=FACE_BOUND('',#2316,.T.);
#2457=FACE_BOUND('',#2317,.T.);
#2458=FACE_BOUND('',#2318,.T.);
#2459=FACE_BOUND('',#2319,.T.);
#2460=FACE_BOUND('',#2320,.T.);
#2461=FACE_BOUND('',#2321,.T.);
#2462=FACE_BOUND('',#2322,.T.);
#2463=FACE_BOUND('',#2323,.T.);
#2464=FACE_BOUND('',#2324,.T.);
#2465=FACE_BOUND('',#2325,.T.);
#2466=FACE_BOUND('',#2326,.T.);
#2467=FACE_BOUND('',#2327,.T.);
#2468=FACE_BOUND('',#2328,.T.);
#2469=FACE_BOUND('',#2329,.T.);
#2470=FACE_BOUND('',#2330,.T.);
#2471=FACE_BOUND('',#2331,.T.);
#2472=FACE_BOUND('',#2332,.T.);
#2473=FACE_BOUND('',#2333,.T.);
#2474=FACE_BOUND('',#2334,.T.);
#2475=FACE_BOUND('',#2335,.T.);
#2476=FACE_BOUND('',#2336,.T.);
#2477=FACE_BOUND('',#2337,.T.);
#2478=FACE_BOUND('',#2338,.T.);
#2479=FACE_BOUND('',#2339,.T.);
#2480=FACE_BOUND('',#2340,.T.);
#2481=FACE_BOUND('',#2341,.T.);
#2482=FACE_BOUND('',#2342,.T.);
#2483=FACE_BOUND('',#2343,.T.);
#2484=FACE_BOUND('',#2344,.T.);
#2485=FACE_BOUND('',#2345,.T.);
#2486=FACE_BOUND('',#2346,.T.);
#2487=FACE_BOUND('',#2347,.T.);
#2488=FACE_BOUND('',#2348,.T.);
#2489=FACE_BOUND('',#2349,.T.);
#2490=FACE_BOUND('',#2350,.T.);
#2491=FACE_BOUND('',#2351,.T.);
#2492=FACE_BOUND('',#2352,.T.);
#2493=FACE_BOUND('',#2353,.T.);
#2494=FACE_BOUND('',#2354,.T.);
#2495=FACE_BOUND('',#2355,.T.);
#2496=FACE_BOUND('',#2356,.T.);
#2497=FACE_BOUND('',#2357,.T.);
#2498=FACE_BOUND('',#2358,.T.);
#2499=FACE_BOUND('',#2359,.T.);
#2500=FACE_BOUND('',#2360,.T.);
#2501=FACE_BOUND('',#2361,.T.);
#2502=FACE_BOUND('',#2362,.T.);
#2503=FACE_BOUND('',#2363,.T.);
#2504=FACE_BOUND('',#2364,.T.);
#2505=FACE_BOUND('',#2365,.T.);
#2506=FACE_BOUND('',#2366,.T.);
#2507=FACE_BOUND('',#2367,.T.);
#2508=FACE_BOUND('',#2368,.T.);
#2509=FACE_BOUND('',#2369,.T.);
#2510=FACE_BOUND('',#2370,.T.);
#2511=FACE_BOUND('',#2371,.T.);
#2512=FACE_BOUND('',#2372,.T.);
#2513=FACE_BOUND('',#2373,.T.);
#2514=FACE_BOUND('',#2374,.T.);
#2515=FACE_BOUND('',#2375,.T.);
#2516=FACE_BOUND('',#2376,.T.);
#2517=FACE_BOUND('',#2377,.T.);
#2518=FACE_BOUND('',#2378,.T.);
#2519=FACE_BOUND('',#2379,.T.);
#2520=FACE_BOUND('',#2380,.T.);
#2521=FACE_BOUND('',#2381,.T.);
#2522=FACE_BOUND('',#2382,.T.);
#2523=FACE_BOUND('',#2383,.T.);
#2524=FACE_BOUND('',#2384,.T.);
#2525=FACE_BOUND('',#2385,.T.);
#2526=FACE_BOUND('',#2386,.T.);
#2527=FACE_BOUND('',#2387,.T.);
#2528=FACE_BOUND('',#2388,.T.);
#2529=FACE_BOUND('',#2389,.T.);
#2530=FACE_BOUND('',#2390,.T.);
#2531=FACE_BOUND('',#2391,.T.);
#2532=FACE_BOUND('',#2392,.T.);
#2533=FACE_BOUND('',#2393,.T.);
#2534=FACE_BOUND('',#2394,.T.);
#2535=FACE_BOUND('',#2395,.T.);
#2536=FACE_BOUND('',#2396,.T.);
#2537=FACE_BOUND('',#2397,.T.);
#2538=FACE_BOUND('',#2398,.T.);
#2539=FACE_BOUND('',#2399,.T.);
#2540=FACE_BOUND('',#2400,.T.);
#2541=FACE_BOUND('',#2401,.T.);
#2542=FACE_BOUND('',#2402,.T.);
#2543=FACE_BOUND('',#2403,.T.);
#2544=FACE_BOUND('',#2404,.T.);
#2545=FACE_BOUND('',#2405,.T.);
#2546=FACE_BOUND('',#2406,.T.);
#2547=FACE_BOUND('',#2407,.T.);
#2548=FACE_BOUND('',#2408,.T.);
#2549=FACE_BOUND('',#2409,.T.);
#2550=FACE_BOUND('',#2410,.T.);
#2551=FACE_BOUND('',#2411,.T.);
#2552=FACE_BOUND('',#2412,.T.);
#2553=FACE_BOUND('',#2413,.T.);
#2554=FACE_BOUND('',#2414,.T.);
#2555=FACE_BOUND('',#2415,.T.);
#2556=FACE_BOUND('',#2416,.T.);
#2557=FACE_BOUND('',#2417,.T.);
#2558=FACE_BOUND('',#2418,.T.);
#2559=FACE_BOUND('',#2419,.T.);
#2560=FACE_BOUND('',#2420,.T.);
#2561=FACE_BOUND('',#2421,.T.);
#2562=FACE_BOUND('',#2422,.T.);
#2563=FACE_BOUND('',#2423,.T.);
#2564=FACE_BOUND('',#2424,.T.);
#2565=FACE_BOUND('',#2425,.T.);
#2566=FACE_BOUND('',#2426,.T.);
#2567=FACE_BOUND('',#2427,.T.);
#2568=FACE_BOUND('',#2428,.T.);
#2569=FACE_BOUND('',#2429,.T.);
#2570=FACE_BOUND('',#2430,.T.);
#2571=FACE_BOUND('',#2431,.T.);
#2572=FACE_BOUND('',#2432,.T.);
#2573=PLANE('',#3138);
#2574=PLANE('',#3163);
#2575=PLANE('',#3164);
#2576=PLANE('',#3165);
#2577=PLANE('',#3166);
#2578=PLANE('',#3167);
#2579=PLANE('',#3168);
#2580=PLANE('',#3169);
#2581=PLANE('',#3170);
#2582=PLANE('',#3171);
#2583=PLANE('',#3172);
#2584=PLANE('',#3173);
#2585=PLANE('',#3174);
#2586=PLANE('',#3175);
#2587=PLANE('',#3176);
#2588=PLANE('',#3177);
#2589=PLANE('',#3178);
#2590=PLANE('',#3179);
#2591=PLANE('',#3180);
#2592=PLANE('',#3181);
#2593=PLANE('',#3182);
#2594=PLANE('',#3183);
#2595=PLANE('',#3186);
#2596=PLANE('',#3187);
#2597=PLANE('',#3190);
#2598=PLANE('',#3193);
#2599=PLANE('',#3194);
#2600=PLANE('',#3195);
#2601=PLANE('',#3196);
#2602=PLANE('',#3197);
#2603=PLANE('',#3198);
#2604=PLANE('',#3199);
#2605=PLANE('',#3200);
#2606=PLANE('',#3201);
#2607=PLANE('',#3202);
#2608=PLANE('',#3203);
#2609=PLANE('',#3204);
#2610=PLANE('',#3205);
#2611=PLANE('',#3206);
#2612=PLANE('',#3207);
#2613=PLANE('',#3208);
#2614=PLANE('',#3209);
#2615=PLANE('',#3211);
#2616=PLANE('',#3212);
#2617=PLANE('',#3213);
#2618=PLANE('',#3214);
#2619=PLANE('',#3216);
#2620=PLANE('',#3217);
#2621=PLANE('',#3218);
#2622=PLANE('',#3219);
#2623=PLANE('',#3221);
#2624=PLANE('',#3222);
#2625=PLANE('',#3223);
#2626=PLANE('',#3224);
#2627=PLANE('',#3226);
#2628=PLANE('',#3227);
#2629=PLANE('',#3228);
#2630=PLANE('',#3229);
#2631=PLANE('',#3231);
#2632=PLANE('',#3232);
#2633=PLANE('',#3233);
#2634=PLANE('',#3234);
#2635=PLANE('',#3236);
#2636=PLANE('',#3237);
#2637=PLANE('',#3238);
#2638=PLANE('',#3239);
#2639=PLANE('',#3241);
#2640=PLANE('',#3242);
#2641=PLANE('',#3243);
#2642=PLANE('',#3244);
#2643=PLANE('',#3246);
#2644=PLANE('',#3247);
#2645=PLANE('',#3248);
#2646=PLANE('',#3249);
#2647=PLANE('',#3251);
#2648=PLANE('',#3252);
#2649=PLANE('',#3253);
#2650=PLANE('',#3254);
#2651=PLANE('',#3256);
#2652=PLANE('',#3257);
#2653=PLANE('',#3258);
#2654=PLANE('',#3259);
#2655=PLANE('',#3261);
#2656=PLANE('',#3262);
#2657=PLANE('',#3263);
#2658=PLANE('',#3264);
#2659=PLANE('',#3266);
#2660=PLANE('',#3267);
#2661=PLANE('',#3268);
#2662=PLANE('',#3269);
#2663=PLANE('',#3271);
#2664=PLANE('',#3272);
#2665=PLANE('',#3273);
#2666=PLANE('',#3274);
#2667=PLANE('',#3276);
#2668=PLANE('',#3277);
#2669=PLANE('',#3278);
#2670=PLANE('',#3279);
#2671=PLANE('',#3281);
#2672=PLANE('',#3282);
#2673=PLANE('',#3283);
#2674=PLANE('',#3284);
#2675=PLANE('',#3286);
#2676=PLANE('',#3287);
#2677=PLANE('',#3288);
#2678=PLANE('',#3289);
#2679=PLANE('',#3308);
#2680=PLANE('',#3309);
#2681=PLANE('',#3310);
#2682=PLANE('',#3311);
#2683=PLANE('',#3315);
#2684=PLANE('',#3320);
#2685=ADVANCED_FACE('',(#2433,#2434),#2573,.T.);
#2686=ADVANCED_FACE('',(#2435),#2574,.T.);
#2687=ADVANCED_FACE('',(#2436),#2575,.T.);
#2688=ADVANCED_FACE('',(#2437),#2576,.T.);
#2689=ADVANCED_FACE('',(#2438),#2577,.T.);
#2690=ADVANCED_FACE('',(#2439),#2578,.T.);
#2691=ADVANCED_FACE('',(#2440),#2579,.T.);
#2692=ADVANCED_FACE('',(#2441),#2580,.T.);
#2693=ADVANCED_FACE('',(#2442),#2581,.T.);
#2694=ADVANCED_FACE('',(#2443),#2582,.T.);
#2695=ADVANCED_FACE('',(#2444),#2583,.T.);
#2696=ADVANCED_FACE('',(#2445),#2584,.F.);
#2697=ADVANCED_FACE('',(#2446),#2585,.F.);
#2698=ADVANCED_FACE('',(#2447),#2586,.F.);
#2699=ADVANCED_FACE('',(#2448),#2587,.F.);
#2700=ADVANCED_FACE('',(#2449),#2588,.F.);
#2701=ADVANCED_FACE('',(#2450),#2589,.F.);
#2702=ADVANCED_FACE('',(#2451),#2590,.F.);
#2703=ADVANCED_FACE('',(#2452),#2591,.F.);
#2704=ADVANCED_FACE('',(#2453),#2592,.T.);
#2705=ADVANCED_FACE('',(#2454),#2593,.T.);
#2706=ADVANCED_FACE('',(#2455),#2594,.F.);
#2707=ADVANCED_FACE('',(#2456),#12,.F.);
#2708=ADVANCED_FACE('',(#2457),#2595,.F.);
#2709=ADVANCED_FACE('',(#2458),#2596,.T.);
#2710=ADVANCED_FACE('',(#2459),#13,.F.);
#2711=ADVANCED_FACE('',(#2460),#2597,.T.);
#2712=ADVANCED_FACE('',(#2461),#14,.F.);
#2713=ADVANCED_FACE('',(#2462),#2598,.F.);
#2714=ADVANCED_FACE('',(#2463),#2599,.T.);
#2715=ADVANCED_FACE('',(#2464),#2600,.T.);
#2716=ADVANCED_FACE('',(#2465),#2601,.F.);
#2717=ADVANCED_FACE('',(#2466),#2602,.F.);
#2718=ADVANCED_FACE('',(#2467),#2603,.T.);
#2719=ADVANCED_FACE('',(#2468),#2604,.F.);
#2720=ADVANCED_FACE('',(#2469),#2605,.F.);
#2721=ADVANCED_FACE('',(#2470),#2606,.F.);
#2722=ADVANCED_FACE('',(#2471),#2607,.T.);
#2723=ADVANCED_FACE('',(#2472),#2608,.F.);
#2724=ADVANCED_FACE('',(#2473),#2609,.F.);
#2725=ADVANCED_FACE('',(#2474),#2610,.F.);
#2726=ADVANCED_FACE('',(#2475),#2611,.T.);
#2727=ADVANCED_FACE('',(#2476),#2612,.T.);
#2728=ADVANCED_FACE('',(#2477),#2613,.F.);
#2729=ADVANCED_FACE('',(#2478),#2614,.F.);
#2730=ADVANCED_FACE('',(#2479),#2615,.T.);
#2731=ADVANCED_FACE('',(#2480),#2616,.T.);
#2732=ADVANCED_FACE('',(#2481),#2617,.F.);
#2733=ADVANCED_FACE('',(#2482),#2618,.F.);
#2734=ADVANCED_FACE('',(#2483),#2619,.T.);
#2735=ADVANCED_FACE('',(#2484),#2620,.T.);
#2736=ADVANCED_FACE('',(#2485),#2621,.F.);
#2737=ADVANCED_FACE('',(#2486),#2622,.F.);
#2738=ADVANCED_FACE('',(#2487),#2623,.T.);
#2739=ADVANCED_FACE('',(#2488),#2624,.T.);
#2740=ADVANCED_FACE('',(#2489),#2625,.F.);
#2741=ADVANCED_FACE('',(#2490),#2626,.F.);
#2742=ADVANCED_FACE('',(#2491),#2627,.T.);
#2743=ADVANCED_FACE('',(#2492),#2628,.T.);
#2744=ADVANCED_FACE('',(#2493),#2629,.F.);
#2745=ADVANCED_FACE('',(#2494),#2630,.F.);
#2746=ADVANCED_FACE('',(#2495),#2631,.T.);
#2747=ADVANCED_FACE('',(#2496),#2632,.T.);
#2748=ADVANCED_FACE('',(#2497),#2633,.F.);
#2749=ADVANCED_FACE('',(#2498),#2634,.F.);
#2750=ADVANCED_FACE('',(#2499),#2635,.T.);
#2751=ADVANCED_FACE('',(#2500),#2636,.T.);
#2752=ADVANCED_FACE('',(#2501),#2637,.F.);
#2753=ADVANCED_FACE('',(#2502),#2638,.F.);
#2754=ADVANCED_FACE('',(#2503),#2639,.T.);
#2755=ADVANCED_FACE('',(#2504),#2640,.F.);
#2756=ADVANCED_FACE('',(#2505),#2641,.F.);
#2757=ADVANCED_FACE('',(#2506),#2642,.F.);
#2758=ADVANCED_FACE('',(#2507),#2643,.T.);
#2759=ADVANCED_FACE('',(#2508),#2644,.F.);
#2760=ADVANCED_FACE('',(#2509),#2645,.F.);
#2761=ADVANCED_FACE('',(#2510),#2646,.F.);
#2762=ADVANCED_FACE('',(#2511),#2647,.T.);
#2763=ADVANCED_FACE('',(#2512),#2648,.F.);
#2764=ADVANCED_FACE('',(#2513),#2649,.F.);
#2765=ADVANCED_FACE('',(#2514),#2650,.F.);
#2766=ADVANCED_FACE('',(#2515),#2651,.T.);
#2767=ADVANCED_FACE('',(#2516),#2652,.F.);
#2768=ADVANCED_FACE('',(#2517),#2653,.F.);
#2769=ADVANCED_FACE('',(#2518),#2654,.F.);
#2770=ADVANCED_FACE('',(#2519),#2655,.T.);
#2771=ADVANCED_FACE('',(#2520),#2656,.F.);
#2772=ADVANCED_FACE('',(#2521),#2657,.F.);
#2773=ADVANCED_FACE('',(#2522),#2658,.F.);
#2774=ADVANCED_FACE('',(#2523),#2659,.T.);
#2775=ADVANCED_FACE('',(#2524),#2660,.F.);
#2776=ADVANCED_FACE('',(#2525),#2661,.F.);
#2777=ADVANCED_FACE('',(#2526),#2662,.F.);
#2778=ADVANCED_FACE('',(#2527),#2663,.T.);
#2779=ADVANCED_FACE('',(#2528),#2664,.F.);
#2780=ADVANCED_FACE('',(#2529),#2665,.F.);
#2781=ADVANCED_FACE('',(#2530),#2666,.F.);
#2782=ADVANCED_FACE('',(#2531),#2667,.T.);
#2783=ADVANCED_FACE('',(#2532),#2668,.F.);
#2784=ADVANCED_FACE('',(#2533),#2669,.F.);
#2785=ADVANCED_FACE('',(#2534),#2670,.F.);
#2786=ADVANCED_FACE('',(#2535),#2671,.T.);
#2787=ADVANCED_FACE('',(#2536),#2672,.F.);
#2788=ADVANCED_FACE('',(#2537),#2673,.F.);
#2789=ADVANCED_FACE('',(#2538),#2674,.F.);
#2790=ADVANCED_FACE('',(#2539),#2675,.T.);
#2791=ADVANCED_FACE('',(#2540),#2676,.F.);
#2792=ADVANCED_FACE('',(#2541),#2677,.F.);
#2793=ADVANCED_FACE('',(#2542),#2678,.F.);
#2794=ADVANCED_FACE('',(#2543),#15,.F.);
#2795=ADVANCED_FACE('',(#2544),#16,.F.);
#2796=ADVANCED_FACE('',(#2545),#17,.F.);
#2797=ADVANCED_FACE('',(#2546),#18,.F.);
#2798=ADVANCED_FACE('',(#2547),#19,.F.);
#2799=ADVANCED_FACE('',(#2548),#20,.F.);
#2800=ADVANCED_FACE('',(#2549),#21,.F.);
#2801=ADVANCED_FACE('',(#2550),#22,.F.);
#2802=ADVANCED_FACE('',(#2551),#23,.F.);
#2803=ADVANCED_FACE('',(#2552),#24,.F.);
#2804=ADVANCED_FACE('',(#2553),#25,.F.);
#2805=ADVANCED_FACE('',(#2554),#26,.F.);
#2806=ADVANCED_FACE('',(#2555),#27,.F.);
#2807=ADVANCED_FACE('',(#2556),#28,.F.);
#2808=ADVANCED_FACE('',(#2557),#29,.F.);
#2809=ADVANCED_FACE('',(#2558),#30,.F.);
#2810=ADVANCED_FACE('',(#2559),#31,.F.);
#2811=ADVANCED_FACE('',(#2560),#2679,.T.);
#2812=ADVANCED_FACE('',(#2561),#2680,.F.);
#2813=ADVANCED_FACE('',(#2562),#2681,.F.);
#2814=ADVANCED_FACE('',(#2563),#2682,.T.);
#2815=ADVANCED_FACE('',(#2564,#2565),#32,.F.);
#2816=ADVANCED_FACE('',(#2566,#2567),#2683,.T.);
#2817=ADVANCED_FACE('',(#2568),#2684,.T.);
#2818=ADVANCED_FACE('',(#2569),#33,.T.);
#2819=ADVANCED_FACE('',(#2570),#34,.T.);
#2820=ADVANCED_FACE('',(#2571),#35,.T.);
#2821=ADVANCED_FACE('',(#2572),#36,.T.);
#2822=CLOSED_SHELL('',(#2685,#2686,#2687,#2688,#2689,#2690,#2691,#2692,
#2693,#2694,#2695,#2696,#2697,#2698,#2699,#2700,#2701,#2702,#2703,#2704,
#2705,#2706,#2707,#2708,#2709,#2710,#2711,#2712,#2713,#2714,#2715,#2716,
#2717,#2718,#2719,#2720,#2721,#2722,#2723,#2724,#2725,#2726,#2727,#2728,
#2729,#2730,#2731,#2732,#2733,#2734,#2735,#2736,#2737,#2738,#2739,#2740,
#2741,#2742,#2743,#2744,#2745,#2746,#2747,#2748,#2749,#2750,#2751,#2752,
#2753,#2754,#2755,#2756,#2757,#2758,#2759,#2760,#2761,#2762,#2763,#2764,
#2765,#2766,#2767,#2768,#2769,#2770,#2771,#2772,#2773,#2774,#2775,#2776,
#2777,#2778,#2779,#2780,#2781,#2782,#2783,#2784,#2785,#2786,#2787,#2788,
#2789,#2790,#2791,#2792,#2793,#2794,#2795,#2796,#2797,#2798,#2799,#2800,
#2801,#2802,#2803,#2804,#2805,#2806,#2807,#2808,#2809,#2810,#2811,#2812,
#2813,#2814,#2815,#2816,#2817,#2818,#2819,#2820,#2821));
#2823=STYLED_ITEM('',(#2824),#3134);
#2824=PRESENTATION_STYLE_ASSIGNMENT((#2875));
#2825=PRESENTATION_STYLE_ASSIGNMENT((#2876));
#2826=PRESENTATION_STYLE_ASSIGNMENT((#2877));
#2827=PRESENTATION_STYLE_ASSIGNMENT((#2878));
#2828=PRESENTATION_STYLE_ASSIGNMENT((#2879));
#2829=PRESENTATION_STYLE_ASSIGNMENT((#2880));
#2830=PRESENTATION_STYLE_ASSIGNMENT((#2881));
#2831=PRESENTATION_STYLE_ASSIGNMENT((#2882));
#2832=PRESENTATION_STYLE_ASSIGNMENT((#2883));
#2833=PRESENTATION_STYLE_ASSIGNMENT((#2884));
#2834=PRESENTATION_STYLE_ASSIGNMENT((#2885));
#2835=PRESENTATION_STYLE_ASSIGNMENT((#2886));
#2836=PRESENTATION_STYLE_ASSIGNMENT((#2887));
#2837=PRESENTATION_STYLE_ASSIGNMENT((#2888));
#2838=PRESENTATION_STYLE_ASSIGNMENT((#2889));
#2839=PRESENTATION_STYLE_ASSIGNMENT((#2890));
#2840=PRESENTATION_STYLE_ASSIGNMENT((#2891));
#2841=PRESENTATION_STYLE_ASSIGNMENT((#2892));
#2842=PRESENTATION_STYLE_ASSIGNMENT((#2893));
#2843=PRESENTATION_STYLE_ASSIGNMENT((#2894));
#2844=PRESENTATION_STYLE_ASSIGNMENT((#2895));
#2845=PRESENTATION_STYLE_ASSIGNMENT((#2896));
#2846=PRESENTATION_STYLE_ASSIGNMENT((#2897));
#2847=PRESENTATION_STYLE_ASSIGNMENT((#2898));
#2848=PRESENTATION_STYLE_ASSIGNMENT((#2899));
#2849=PRESENTATION_STYLE_ASSIGNMENT((#2900));
#2850=PRESENTATION_STYLE_ASSIGNMENT((#2901));
#2851=PRESENTATION_STYLE_ASSIGNMENT((#2902));
#2852=PRESENTATION_STYLE_ASSIGNMENT((#2903));
#2853=PRESENTATION_STYLE_ASSIGNMENT((#2904));
#2854=PRESENTATION_STYLE_ASSIGNMENT((#2905));
#2855=PRESENTATION_STYLE_ASSIGNMENT((#2906));
#2856=PRESENTATION_STYLE_ASSIGNMENT((#2907));
#2857=PRESENTATION_STYLE_ASSIGNMENT((#2908));
#2858=PRESENTATION_STYLE_ASSIGNMENT((#2909));
#2859=PRESENTATION_STYLE_ASSIGNMENT((#2910));
#2860=PRESENTATION_STYLE_ASSIGNMENT((#2911));
#2861=PRESENTATION_STYLE_ASSIGNMENT((#2912));
#2862=PRESENTATION_STYLE_ASSIGNMENT((#2913));
#2863=PRESENTATION_STYLE_ASSIGNMENT((#2914));
#2864=PRESENTATION_STYLE_ASSIGNMENT((#2915));
#2865=PRESENTATION_STYLE_ASSIGNMENT((#2916));
#2866=PRESENTATION_STYLE_ASSIGNMENT((#2917));
#2867=PRESENTATION_STYLE_ASSIGNMENT((#2918));
#2868=PRESENTATION_STYLE_ASSIGNMENT((#2919));
#2869=PRESENTATION_STYLE_ASSIGNMENT((#2920));
#2870=PRESENTATION_STYLE_ASSIGNMENT((#2921));
#2871=PRESENTATION_STYLE_ASSIGNMENT((#2922));
#2872=PRESENTATION_STYLE_ASSIGNMENT((#2923));
#2873=PRESENTATION_STYLE_ASSIGNMENT((#2924));
#2874=PRESENTATION_STYLE_ASSIGNMENT((#2925));
#2875=SURFACE_STYLE_USAGE(.BOTH.,#2926);
#2876=SURFACE_STYLE_USAGE(.BOTH.,#2927);
#2877=SURFACE_STYLE_USAGE(.BOTH.,#2928);
#2878=SURFACE_STYLE_USAGE(.BOTH.,#2929);
#2879=SURFACE_STYLE_USAGE(.BOTH.,#2930);
#2880=SURFACE_STYLE_USAGE(.BOTH.,#2931);
#2881=SURFACE_STYLE_USAGE(.BOTH.,#2932);
#2882=SURFACE_STYLE_USAGE(.BOTH.,#2933);
#2883=SURFACE_STYLE_USAGE(.BOTH.,#2934);
#2884=SURFACE_STYLE_USAGE(.BOTH.,#2935);
#2885=SURFACE_STYLE_USAGE(.BOTH.,#2936);
#2886=SURFACE_STYLE_USAGE(.BOTH.,#2937);
#2887=SURFACE_STYLE_USAGE(.BOTH.,#2938);
#2888=SURFACE_STYLE_USAGE(.BOTH.,#2939);
#2889=SURFACE_STYLE_USAGE(.BOTH.,#2940);
#2890=SURFACE_STYLE_USAGE(.BOTH.,#2941);
#2891=SURFACE_STYLE_USAGE(.BOTH.,#2942);
#2892=SURFACE_STYLE_USAGE(.BOTH.,#2943);
#2893=SURFACE_STYLE_USAGE(.BOTH.,#2944);
#2894=SURFACE_STYLE_USAGE(.BOTH.,#2945);
#2895=SURFACE_STYLE_USAGE(.BOTH.,#2946);
#2896=SURFACE_STYLE_USAGE(.BOTH.,#2947);
#2897=SURFACE_STYLE_USAGE(.BOTH.,#2948);
#2898=SURFACE_STYLE_USAGE(.BOTH.,#2949);
#2899=SURFACE_STYLE_USAGE(.BOTH.,#2950);
#2900=SURFACE_STYLE_USAGE(.BOTH.,#2951);
#2901=SURFACE_STYLE_USAGE(.BOTH.,#2952);
#2902=SURFACE_STYLE_USAGE(.BOTH.,#2953);
#2903=SURFACE_STYLE_USAGE(.BOTH.,#2954);
#2904=SURFACE_STYLE_USAGE(.BOTH.,#2955);
#2905=SURFACE_STYLE_USAGE(.BOTH.,#2956);
#2906=SURFACE_STYLE_USAGE(.BOTH.,#2957);
#2907=SURFACE_STYLE_USAGE(.BOTH.,#2958);
#2908=SURFACE_STYLE_USAGE(.BOTH.,#2959);
#2909=SURFACE_STYLE_USAGE(.BOTH.,#2960);
#2910=SURFACE_STYLE_USAGE(.BOTH.,#2961);
#2911=SURFACE_STYLE_USAGE(.BOTH.,#2962);
#2912=SURFACE_STYLE_USAGE(.BOTH.,#2963);
#2913=SURFACE_STYLE_USAGE(.BOTH.,#2964);
#2914=SURFACE_STYLE_USAGE(.BOTH.,#2965);
#2915=SURFACE_STYLE_USAGE(.BOTH.,#2966);
#2916=SURFACE_STYLE_USAGE(.BOTH.,#2967);
#2917=SURFACE_STYLE_USAGE(.BOTH.,#2968);
#2918=SURFACE_STYLE_USAGE(.BOTH.,#2969);
#2919=SURFACE_STYLE_USAGE(.BOTH.,#2970);
#2920=SURFACE_STYLE_USAGE(.BOTH.,#2971);
#2921=SURFACE_STYLE_USAGE(.BOTH.,#2972);
#2922=SURFACE_STYLE_USAGE(.BOTH.,#2973);
#2923=SURFACE_STYLE_USAGE(.BOTH.,#2974);
#2924=SURFACE_STYLE_USAGE(.BOTH.,#2975);
#2925=SURFACE_STYLE_USAGE(.BOTH.,#2976);
#2926=SURFACE_SIDE_STYLE('',(#2977));
#2927=SURFACE_SIDE_STYLE('',(#2978));
#2928=SURFACE_SIDE_STYLE('',(#2979));
#2929=SURFACE_SIDE_STYLE('',(#2980));
#2930=SURFACE_SIDE_STYLE('',(#2981));
#2931=SURFACE_SIDE_STYLE('',(#2982));
#2932=SURFACE_SIDE_STYLE('',(#2983));
#2933=SURFACE_SIDE_STYLE('',(#2984));
#2934=SURFACE_SIDE_STYLE('',(#2985));
#2935=SURFACE_SIDE_STYLE('',(#2986));
#2936=SURFACE_SIDE_STYLE('',(#2987));
#2937=SURFACE_SIDE_STYLE('',(#2988));
#2938=SURFACE_SIDE_STYLE('',(#2989));
#2939=SURFACE_SIDE_STYLE('',(#2990));
#2940=SURFACE_SIDE_STYLE('',(#2991));
#2941=SURFACE_SIDE_STYLE('',(#2992));
#2942=SURFACE_SIDE_STYLE('',(#2993));
#2943=SURFACE_SIDE_STYLE('',(#2994));
#2944=SURFACE_SIDE_STYLE('',(#2995));
#2945=SURFACE_SIDE_STYLE('',(#2996));
#2946=SURFACE_SIDE_STYLE('',(#2997));
#2947=SURFACE_SIDE_STYLE('',(#2998));
#2948=SURFACE_SIDE_STYLE('',(#2999));
#2949=SURFACE_SIDE_STYLE('',(#3000));
#2950=SURFACE_SIDE_STYLE('',(#3001));
#2951=SURFACE_SIDE_STYLE('',(#3002));
#2952=SURFACE_SIDE_STYLE('',(#3003));
#2953=SURFACE_SIDE_STYLE('',(#3004));
#2954=SURFACE_SIDE_STYLE('',(#3005));
#2955=SURFACE_SIDE_STYLE('',(#3006));
#2956=SURFACE_SIDE_STYLE('',(#3007));
#2957=SURFACE_SIDE_STYLE('',(#3008));
#2958=SURFACE_SIDE_STYLE('',(#3009));
#2959=SURFACE_SIDE_STYLE('',(#3010));
#2960=SURFACE_SIDE_STYLE('',(#3011));
#2961=SURFACE_SIDE_STYLE('',(#3012));
#2962=SURFACE_SIDE_STYLE('',(#3013));
#2963=SURFACE_SIDE_STYLE('',(#3014));
#2964=SURFACE_SIDE_STYLE('',(#3015));
#2965=SURFACE_SIDE_STYLE('',(#3016));
#2966=SURFACE_SIDE_STYLE('',(#3017));
#2967=SURFACE_SIDE_STYLE('',(#3018));
#2968=SURFACE_SIDE_STYLE('',(#3019));
#2969=SURFACE_SIDE_STYLE('',(#3020));
#2970=SURFACE_SIDE_STYLE('',(#3021));
#2971=SURFACE_SIDE_STYLE('',(#3022));
#2972=SURFACE_SIDE_STYLE('',(#3023));
#2973=SURFACE_SIDE_STYLE('',(#3024));
#2974=SURFACE_SIDE_STYLE('',(#3025));
#2975=SURFACE_SIDE_STYLE('',(#3026));
#2976=SURFACE_SIDE_STYLE('',(#3027));
#2977=SURFACE_STYLE_FILL_AREA(#3028);
#2978=SURFACE_STYLE_FILL_AREA(#3029);
#2979=SURFACE_STYLE_FILL_AREA(#3030);
#2980=SURFACE_STYLE_FILL_AREA(#3031);
#2981=SURFACE_STYLE_FILL_AREA(#3032);
#2982=SURFACE_STYLE_FILL_AREA(#3033);
#2983=SURFACE_STYLE_FILL_AREA(#3034);
#2984=SURFACE_STYLE_FILL_AREA(#3035);
#2985=SURFACE_STYLE_FILL_AREA(#3036);
#2986=SURFACE_STYLE_FILL_AREA(#3037);
#2987=SURFACE_STYLE_FILL_AREA(#3038);
#2988=SURFACE_STYLE_FILL_AREA(#3039);
#2989=SURFACE_STYLE_FILL_AREA(#3040);
#2990=SURFACE_STYLE_FILL_AREA(#3041);
#2991=SURFACE_STYLE_FILL_AREA(#3042);
#2992=SURFACE_STYLE_FILL_AREA(#3043);
#2993=SURFACE_STYLE_FILL_AREA(#3044);
#2994=SURFACE_STYLE_FILL_AREA(#3045);
#2995=SURFACE_STYLE_FILL_AREA(#3046);
#2996=SURFACE_STYLE_FILL_AREA(#3047);
#2997=SURFACE_STYLE_FILL_AREA(#3048);
#2998=SURFACE_STYLE_FILL_AREA(#3049);
#2999=SURFACE_STYLE_FILL_AREA(#3050);
#3000=SURFACE_STYLE_FILL_AREA(#3051);
#3001=SURFACE_STYLE_FILL_AREA(#3052);
#3002=SURFACE_STYLE_FILL_AREA(#3053);
#3003=SURFACE_STYLE_FILL_AREA(#3054);
#3004=SURFACE_STYLE_FILL_AREA(#3055);
#3005=SURFACE_STYLE_FILL_AREA(#3056);
#3006=SURFACE_STYLE_FILL_AREA(#3057);
#3007=SURFACE_STYLE_FILL_AREA(#3058);
#3008=SURFACE_STYLE_FILL_AREA(#3059);
#3009=SURFACE_STYLE_FILL_AREA(#3060);
#3010=SURFACE_STYLE_FILL_AREA(#3061);
#3011=SURFACE_STYLE_FILL_AREA(#3062);
#3012=SURFACE_STYLE_FILL_AREA(#3063);
#3013=SURFACE_STYLE_FILL_AREA(#3064);
#3014=SURFACE_STYLE_FILL_AREA(#3065);
#3015=SURFACE_STYLE_FILL_AREA(#3066);
#3016=SURFACE_STYLE_FILL_AREA(#3067);
#3017=SURFACE_STYLE_FILL_AREA(#3068);
#3018=SURFACE_STYLE_FILL_AREA(#3069);
#3019=SURFACE_STYLE_FILL_AREA(#3070);
#3020=SURFACE_STYLE_FILL_AREA(#3071);
#3021=SURFACE_STYLE_FILL_AREA(#3072);
#3022=SURFACE_STYLE_FILL_AREA(#3073);
#3023=SURFACE_STYLE_FILL_AREA(#3074);
#3024=SURFACE_STYLE_FILL_AREA(#3075);
#3025=SURFACE_STYLE_FILL_AREA(#3076);
#3026=SURFACE_STYLE_FILL_AREA(#3077);
#3027=SURFACE_STYLE_FILL_AREA(#3078);
#3028=FILL_AREA_STYLE('',(#3079));
#3029=FILL_AREA_STYLE('',(#3080));
#3030=FILL_AREA_STYLE('',(#3081));
#3031=FILL_AREA_STYLE('',(#3082));
#3032=FILL_AREA_STYLE('',(#3083));
#3033=FILL_AREA_STYLE('',(#3084));
#3034=FILL_AREA_STYLE('',(#3085));
#3035=FILL_AREA_STYLE('',(#3086));
#3036=FILL_AREA_STYLE('',(#3087));
#3037=FILL_AREA_STYLE('',(#3088));
#3038=FILL_AREA_STYLE('',(#3089));
#3039=FILL_AREA_STYLE('',(#3090));
#3040=FILL_AREA_STYLE('',(#3091));
#3041=FILL_AREA_STYLE('',(#3092));
#3042=FILL_AREA_STYLE('',(#3093));
#3043=FILL_AREA_STYLE('',(#3094));
#3044=FILL_AREA_STYLE('',(#3095));
#3045=FILL_AREA_STYLE('',(#3096));
#3046=FILL_AREA_STYLE('',(#3097));
#3047=FILL_AREA_STYLE('',(#3098));
#3048=FILL_AREA_STYLE('',(#3099));
#3049=FILL_AREA_STYLE('',(#3100));
#3050=FILL_AREA_STYLE('',(#3101));
#3051=FILL_AREA_STYLE('',(#3102));
#3052=FILL_AREA_STYLE('',(#3103));
#3053=FILL_AREA_STYLE('',(#3104));
#3054=FILL_AREA_STYLE('',(#3105));
#3055=FILL_AREA_STYLE('',(#3106));
#3056=FILL_AREA_STYLE('',(#3107));
#3057=FILL_AREA_STYLE('',(#3108));
#3058=FILL_AREA_STYLE('',(#3109));
#3059=FILL_AREA_STYLE('',(#3110));
#3060=FILL_AREA_STYLE('',(#3111));
#3061=FILL_AREA_STYLE('',(#3112));
#3062=FILL_AREA_STYLE('',(#3113));
#3063=FILL_AREA_STYLE('',(#3114));
#3064=FILL_AREA_STYLE('',(#3115));
#3065=FILL_AREA_STYLE('',(#3116));
#3066=FILL_AREA_STYLE('',(#3117));
#3067=FILL_AREA_STYLE('',(#3118));
#3068=FILL_AREA_STYLE('',(#3119));
#3069=FILL_AREA_STYLE('',(#3120));
#3070=FILL_AREA_STYLE('',(#3121));
#3071=FILL_AREA_STYLE('',(#3122));
#3072=FILL_AREA_STYLE('',(#3123));
#3073=FILL_AREA_STYLE('',(#3124));
#3074=FILL_AREA_STYLE('',(#3125));
#3075=FILL_AREA_STYLE('',(#3126));
#3076=FILL_AREA_STYLE('',(#3127));
#3077=FILL_AREA_STYLE('',(#3128));
#3078=FILL_AREA_STYLE('',(#3129));
#3079=FILL_AREA_STYLE_COLOUR('',#3130);
#3080=FILL_AREA_STYLE_COLOUR('',#3131);
#3081=FILL_AREA_STYLE_COLOUR('',#3131);
#3082=FILL_AREA_STYLE_COLOUR('',#3131);
#3083=FILL_AREA_STYLE_COLOUR('',#3131);
#3084=FILL_AREA_STYLE_COLOUR('',#3131);
#3085=FILL_AREA_STYLE_COLOUR('',#3131);
#3086=FILL_AREA_STYLE_COLOUR('',#3131);
#3087=FILL_AREA_STYLE_COLOUR('',#3131);
#3088=FILL_AREA_STYLE_COLOUR('',#3131);
#3089=FILL_AREA_STYLE_COLOUR('',#3131);
#3090=FILL_AREA_STYLE_COLOUR('',#3131);
#3091=FILL_AREA_STYLE_COLOUR('',#3131);
#3092=FILL_AREA_STYLE_COLOUR('',#3131);
#3093=FILL_AREA_STYLE_COLOUR('',#3131);
#3094=FILL_AREA_STYLE_COLOUR('',#3131);
#3095=FILL_AREA_STYLE_COLOUR('',#3131);
#3096=FILL_AREA_STYLE_COLOUR('',#3131);
#3097=FILL_AREA_STYLE_COLOUR('',#3131);
#3098=FILL_AREA_STYLE_COLOUR('',#3131);
#3099=FILL_AREA_STYLE_COLOUR('',#3131);
#3100=FILL_AREA_STYLE_COLOUR('',#3131);
#3101=FILL_AREA_STYLE_COLOUR('',#3131);
#3102=FILL_AREA_STYLE_COLOUR('',#3131);
#3103=FILL_AREA_STYLE_COLOUR('',#3131);
#3104=FILL_AREA_STYLE_COLOUR('',#3131);
#3105=FILL_AREA_STYLE_COLOUR('',#3131);
#3106=FILL_AREA_STYLE_COLOUR('',#3131);
#3107=FILL_AREA_STYLE_COLOUR('',#3131);
#3108=FILL_AREA_STYLE_COLOUR('',#3131);
#3109=FILL_AREA_STYLE_COLOUR('',#3131);
#3110=FILL_AREA_STYLE_COLOUR('',#3131);
#3111=FILL_AREA_STYLE_COLOUR('',#3131);
#3112=FILL_AREA_STYLE_COLOUR('',#3131);
#3113=FILL_AREA_STYLE_COLOUR('',#3131);
#3114=FILL_AREA_STYLE_COLOUR('',#3131);
#3115=FILL_AREA_STYLE_COLOUR('',#3131);
#3116=FILL_AREA_STYLE_COLOUR('',#3131);
#3117=FILL_AREA_STYLE_COLOUR('',#3131);
#3118=FILL_AREA_STYLE_COLOUR('',#3131);
#3119=FILL_AREA_STYLE_COLOUR('',#3131);
#3120=FILL_AREA_STYLE_COLOUR('',#3132);
#3121=FILL_AREA_STYLE_COLOUR('',#3132);
#3122=FILL_AREA_STYLE_COLOUR('',#3132);
#3123=FILL_AREA_STYLE_COLOUR('',#3132);
#3124=FILL_AREA_STYLE_COLOUR('',#3132);
#3125=FILL_AREA_STYLE_COLOUR('',#3133);
#3126=FILL_AREA_STYLE_COLOUR('',#3132);
#3127=FILL_AREA_STYLE_COLOUR('',#3132);
#3128=FILL_AREA_STYLE_COLOUR('',#3132);
#3129=FILL_AREA_STYLE_COLOUR('',#3132);
#3130=COLOUR_RGB('',0.0431372549019608,0.215686274509804,0.403921568627451);
#3131=COLOUR_RGB('',0.980392156862745,0.796078431372549,0.262745098039216);
#3132=COLOUR_RGB('',0.647058823529412,0.647058823529412,0.647058823529412);
#3133=COLOUR_RGB('',0.196078431372549,0.192156862745098,0.192156862745098);
#3134=MANIFOLD_SOLID_BREP('Part 1',#2822);
#3135=SHAPE_DEFINITION_REPRESENTATION(#4857,#3136);
#3136=SHAPE_REPRESENTATION('Part 1',(#3137),#4852);
#3137=AXIS2_PLACEMENT_3D('',#4049,#3325,#3326);
#3138=AXIS2_PLACEMENT_3D('',#4050,#3327,#3328);
#3139=AXIS2_PLACEMENT_3D('',#4054,#3330,#3331);
#3140=AXIS2_PLACEMENT_3D('',#4058,#3333,#3334);
#3141=AXIS2_PLACEMENT_3D('',#4062,#3336,#3337);
#3142=AXIS2_PLACEMENT_3D('',#4066,#3339,#3340);
#3143=AXIS2_PLACEMENT_3D('',#4070,#3342,#3343);
#3144=AXIS2_PLACEMENT_3D('',#4074,#3345,#3346);
#3145=AXIS2_PLACEMENT_3D('',#4078,#3348,#3349);
#3146=AXIS2_PLACEMENT_3D('',#4082,#3351,#3352);
#3147=AXIS2_PLACEMENT_3D('',#4086,#3354,#3355);
#3148=AXIS2_PLACEMENT_3D('',#4094,#3359,#3360);
#3149=AXIS2_PLACEMENT_3D('',#4098,#3362,#3363);
#3150=AXIS2_PLACEMENT_3D('',#4102,#3365,#3366);
#3151=AXIS2_PLACEMENT_3D('',#4106,#3368,#3369);
#3152=AXIS2_PLACEMENT_3D('',#4110,#3371,#3372);
#3153=AXIS2_PLACEMENT_3D('',#4114,#3374,#3375);
#3154=AXIS2_PLACEMENT_3D('',#4118,#3377,#3378);
#3155=AXIS2_PLACEMENT_3D('',#4122,#3380,#3381);
#3156=AXIS2_PLACEMENT_3D('',#4128,#3384,#3385);
#3157=AXIS2_PLACEMENT_3D('',#4132,#3387,#3388);
#3158=AXIS2_PLACEMENT_3D('',#4138,#3391,#3392);
#3159=AXIS2_PLACEMENT_3D('',#4142,#3394,#3395);
#3160=AXIS2_PLACEMENT_3D('',#4146,#3397,#3398);
#3161=AXIS2_PLACEMENT_3D('',#4150,#3400,#3401);
#3162=AXIS2_PLACEMENT_3D('',#4154,#3403,#3404);
#3163=AXIS2_PLACEMENT_3D('',#4155,#3405,#3406);
#3164=AXIS2_PLACEMENT_3D('',#4169,#3414,#3415);
#3165=AXIS2_PLACEMENT_3D('',#4183,#3423,#3424);
#3166=AXIS2_PLACEMENT_3D('',#4197,#3432,#3433);
#3167=AXIS2_PLACEMENT_3D('',#4211,#3441,#3442);
#3168=AXIS2_PLACEMENT_3D('',#4225,#3450,#3451);
#3169=AXIS2_PLACEMENT_3D('',#4239,#3459,#3460);
#3170=AXIS2_PLACEMENT_3D('',#4253,#3468,#3469);
#3171=AXIS2_PLACEMENT_3D('',#4267,#3477,#3478);
#3172=AXIS2_PLACEMENT_3D('',#4277,#3484,#3485);
#3173=AXIS2_PLACEMENT_3D('',#4287,#3491,#3492);
#3174=AXIS2_PLACEMENT_3D('',#4297,#3498,#3499);
#3175=AXIS2_PLACEMENT_3D('',#4311,#3507,#3508);
#3176=AXIS2_PLACEMENT_3D('',#4325,#3516,#3517);
#3177=AXIS2_PLACEMENT_3D('',#4339,#3525,#3526);
#3178=AXIS2_PLACEMENT_3D('',#4353,#3534,#3535);
#3179=AXIS2_PLACEMENT_3D('',#4367,#3543,#3544);
#3180=AXIS2_PLACEMENT_3D('',#4381,#3552,#3553);
#3181=AXIS2_PLACEMENT_3D('',#4499,#3621,#3622);
#3182=AXIS2_PLACEMENT_3D('',#4510,#3629,#3630);
#3183=AXIS2_PLACEMENT_3D('',#4521,#3637,#3638);
#3184=AXIS2_PLACEMENT_3D('',#4532,#3645,#3646);
#3185=AXIS2_PLACEMENT_3D('',#4533,#3647,#3648);
#3186=AXIS2_PLACEMENT_3D('',#4536,#3650,#3651);
#3187=AXIS2_PLACEMENT_3D('',#4541,#3655,#3656);
#3188=AXIS2_PLACEMENT_3D('',#4547,#3660,#3661);
#3189=AXIS2_PLACEMENT_3D('',#4548,#3662,#3663);
#3190=AXIS2_PLACEMENT_3D('',#4549,#3664,#3665);
#3191=AXIS2_PLACEMENT_3D('',#4555,#3669,#3670);
#3192=AXIS2_PLACEMENT_3D('',#4556,#3671,#3672);
#3193=AXIS2_PLACEMENT_3D('',#4557,#3673,#3674);
#3194=AXIS2_PLACEMENT_3D('',#4558,#3675,#3676);
#3195=AXIS2_PLACEMENT_3D('',#4562,#3679,#3680);
#3196=AXIS2_PLACEMENT_3D('',#4566,#3683,#3684);
#3197=AXIS2_PLACEMENT_3D('',#4568,#3686,#3687);
#3198=AXIS2_PLACEMENT_3D('',#4569,#3688,#3689);
#3199=AXIS2_PLACEMENT_3D('',#4573,#3692,#3693);
#3200=AXIS2_PLACEMENT_3D('',#4577,#3696,#3697);
#3201=AXIS2_PLACEMENT_3D('',#4579,#3699,#3700);
#3202=AXIS2_PLACEMENT_3D('',#4580,#3701,#3702);
#3203=AXIS2_PLACEMENT_3D('',#4584,#3705,#3706);
#3204=AXIS2_PLACEMENT_3D('',#4588,#3709,#3710);
#3205=AXIS2_PLACEMENT_3D('',#4590,#3712,#3713);
#3206=AXIS2_PLACEMENT_3D('',#4591,#3714,#3715);
#3207=AXIS2_PLACEMENT_3D('',#4595,#3718,#3719);
#3208=AXIS2_PLACEMENT_3D('',#4599,#3722,#3723);
#3209=AXIS2_PLACEMENT_3D('',#4601,#3725,#3726);
#3210=AXIS2_PLACEMENT_3D('',#4602,#3727,#3728);
#3211=AXIS2_PLACEMENT_3D('',#4603,#3729,#3730);
#3212=AXIS2_PLACEMENT_3D('',#4607,#3733,#3734);
#3213=AXIS2_PLACEMENT_3D('',#4611,#3737,#3738);
#3214=AXIS2_PLACEMENT_3D('',#4613,#3740,#3741);
#3215=AXIS2_PLACEMENT_3D('',#4614,#3742,#3743);
#3216=AXIS2_PLACEMENT_3D('',#4615,#3744,#3745);
#3217=AXIS2_PLACEMENT_3D('',#4619,#3748,#3749);
#3218=AXIS2_PLACEMENT_3D('',#4623,#3752,#3753);
#3219=AXIS2_PLACEMENT_3D('',#4625,#3755,#3756);
#3220=AXIS2_PLACEMENT_3D('',#4626,#3757,#3758);
#3221=AXIS2_PLACEMENT_3D('',#4627,#3759,#3760);
#3222=AXIS2_PLACEMENT_3D('',#4631,#3763,#3764);
#3223=AXIS2_PLACEMENT_3D('',#4635,#3767,#3768);
#3224=AXIS2_PLACEMENT_3D('',#4637,#3770,#3771);
#3225=AXIS2_PLACEMENT_3D('',#4638,#3772,#3773);
#3226=AXIS2_PLACEMENT_3D('',#4639,#3774,#3775);
#3227=AXIS2_PLACEMENT_3D('',#4643,#3778,#3779);
#3228=AXIS2_PLACEMENT_3D('',#4647,#3782,#3783);
#3229=AXIS2_PLACEMENT_3D('',#4649,#3785,#3786);
#3230=AXIS2_PLACEMENT_3D('',#4650,#3787,#3788);
#3231=AXIS2_PLACEMENT_3D('',#4651,#3789,#3790);
#3232=AXIS2_PLACEMENT_3D('',#4655,#3793,#3794);
#3233=AXIS2_PLACEMENT_3D('',#4659,#3797,#3798);
#3234=AXIS2_PLACEMENT_3D('',#4661,#3800,#3801);
#3235=AXIS2_PLACEMENT_3D('',#4662,#3802,#3803);
#3236=AXIS2_PLACEMENT_3D('',#4663,#3804,#3805);
#3237=AXIS2_PLACEMENT_3D('',#4667,#3808,#3809);
#3238=AXIS2_PLACEMENT_3D('',#4671,#3812,#3813);
#3239=AXIS2_PLACEMENT_3D('',#4673,#3815,#3816);
#3240=AXIS2_PLACEMENT_3D('',#4674,#3817,#3818);
#3241=AXIS2_PLACEMENT_3D('',#4675,#3819,#3820);
#3242=AXIS2_PLACEMENT_3D('',#4679,#3823,#3824);
#3243=AXIS2_PLACEMENT_3D('',#4683,#3827,#3828);
#3244=AXIS2_PLACEMENT_3D('',#4685,#3830,#3831);
#3245=AXIS2_PLACEMENT_3D('',#4686,#3832,#3833);
#3246=AXIS2_PLACEMENT_3D('',#4687,#3834,#3835);
#3247=AXIS2_PLACEMENT_3D('',#4691,#3838,#3839);
#3248=AXIS2_PLACEMENT_3D('',#4695,#3842,#3843);
#3249=AXIS2_PLACEMENT_3D('',#4697,#3845,#3846);
#3250=AXIS2_PLACEMENT_3D('',#4698,#3847,#3848);
#3251=AXIS2_PLACEMENT_3D('',#4699,#3849,#3850);
#3252=AXIS2_PLACEMENT_3D('',#4703,#3853,#3854);
#3253=AXIS2_PLACEMENT_3D('',#4707,#3857,#3858);
#3254=AXIS2_PLACEMENT_3D('',#4709,#3860,#3861);
#3255=AXIS2_PLACEMENT_3D('',#4710,#3862,#3863);
#3256=AXIS2_PLACEMENT_3D('',#4711,#3864,#3865);
#3257=AXIS2_PLACEMENT_3D('',#4715,#3868,#3869);
#3258=AXIS2_PLACEMENT_3D('',#4719,#3872,#3873);
#3259=AXIS2_PLACEMENT_3D('',#4721,#3875,#3876);
#3260=AXIS2_PLACEMENT_3D('',#4722,#3877,#3878);
#3261=AXIS2_PLACEMENT_3D('',#4723,#3879,#3880);
#3262=AXIS2_PLACEMENT_3D('',#4727,#3883,#3884);
#3263=AXIS2_PLACEMENT_3D('',#4731,#3887,#3888);
#3264=AXIS2_PLACEMENT_3D('',#4733,#3890,#3891);
#3265=AXIS2_PLACEMENT_3D('',#4734,#3892,#3893);
#3266=AXIS2_PLACEMENT_3D('',#4735,#3894,#3895);
#3267=AXIS2_PLACEMENT_3D('',#4739,#3898,#3899);
#3268=AXIS2_PLACEMENT_3D('',#4743,#3902,#3903);
#3269=AXIS2_PLACEMENT_3D('',#4745,#3905,#3906);
#3270=AXIS2_PLACEMENT_3D('',#4746,#3907,#3908);
#3271=AXIS2_PLACEMENT_3D('',#4747,#3909,#3910);
#3272=AXIS2_PLACEMENT_3D('',#4751,#3913,#3914);
#3273=AXIS2_PLACEMENT_3D('',#4755,#3917,#3918);
#3274=AXIS2_PLACEMENT_3D('',#4757,#3920,#3921);
#3275=AXIS2_PLACEMENT_3D('',#4758,#3922,#3923);
#3276=AXIS2_PLACEMENT_3D('',#4759,#3924,#3925);
#3277=AXIS2_PLACEMENT_3D('',#4763,#3928,#3929);
#3278=AXIS2_PLACEMENT_3D('',#4767,#3932,#3933);
#3279=AXIS2_PLACEMENT_3D('',#4769,#3935,#3936);
#3280=AXIS2_PLACEMENT_3D('',#4770,#3937,#3938);
#3281=AXIS2_PLACEMENT_3D('',#4771,#3939,#3940);
#3282=AXIS2_PLACEMENT_3D('',#4775,#3943,#3944);
#3283=AXIS2_PLACEMENT_3D('',#4779,#3947,#3948);
#3284=AXIS2_PLACEMENT_3D('',#4781,#3950,#3951);
#3285=AXIS2_PLACEMENT_3D('',#4782,#3952,#3953);
#3286=AXIS2_PLACEMENT_3D('',#4783,#3954,#3955);
#3287=AXIS2_PLACEMENT_3D('',#4787,#3958,#3959);
#3288=AXIS2_PLACEMENT_3D('',#4791,#3962,#3963);
#3289=AXIS2_PLACEMENT_3D('',#4793,#3965,#3966);
#3290=AXIS2_PLACEMENT_3D('',#4794,#3967,#3968);
#3291=AXIS2_PLACEMENT_3D('',#4795,#3969,#3970);
#3292=AXIS2_PLACEMENT_3D('',#4796,#3971,#3972);
#3293=AXIS2_PLACEMENT_3D('',#4797,#3973,#3974);
#3294=AXIS2_PLACEMENT_3D('',#4798,#3975,#3976);
#3295=AXIS2_PLACEMENT_3D('',#4799,#3977,#3978);
#3296=AXIS2_PLACEMENT_3D('',#4800,#3979,#3980);
#3297=AXIS2_PLACEMENT_3D('',#4801,#3981,#3982);
#3298=AXIS2_PLACEMENT_3D('',#4802,#3983,#3984);
#3299=AXIS2_PLACEMENT_3D('',#4803,#3985,#3986);
#3300=AXIS2_PLACEMENT_3D('',#4804,#3987,#3988);
#3301=AXIS2_PLACEMENT_3D('',#4805,#3989,#3990);
#3302=AXIS2_PLACEMENT_3D('',#4806,#3991,#3992);
#3303=AXIS2_PLACEMENT_3D('',#4807,#3993,#3994);
#3304=AXIS2_PLACEMENT_3D('',#4808,#3995,#3996);
#3305=AXIS2_PLACEMENT_3D('',#4809,#3997,#3998);
#3306=AXIS2_PLACEMENT_3D('',#4810,#3999,#4000);
#3307=AXIS2_PLACEMENT_3D('',#4811,#4001,#4002);
#3308=AXIS2_PLACEMENT_3D('',#4812,#4003,#4004);
#3309=AXIS2_PLACEMENT_3D('',#4818,#4008,#4009);
#3310=AXIS2_PLACEMENT_3D('',#4824,#4013,#4014);
#3311=AXIS2_PLACEMENT_3D('',#4830,#4018,#4019);
#3312=AXIS2_PLACEMENT_3D('',#4836,#4023,#4024);
#3313=AXIS2_PLACEMENT_3D('',#4837,#4025,#4026);
#3314=AXIS2_PLACEMENT_3D('',#4839,#4027,#4028);
#3315=AXIS2_PLACEMENT_3D('',#4841,#4029,#4030);
#3316=AXIS2_PLACEMENT_3D('',#4842,#4031,#4032);
#3317=AXIS2_PLACEMENT_3D('',#4843,#4033,#4034);
#3318=AXIS2_PLACEMENT_3D('',#4844,#4035,#4036);
#3319=AXIS2_PLACEMENT_3D('',#4845,#4037,#4038);
#3320=AXIS2_PLACEMENT_3D('',#4846,#4039,#4040);
#3321=AXIS2_PLACEMENT_3D('',#4847,#4041,#4042);
#3322=AXIS2_PLACEMENT_3D('',#4848,#4043,#4044);
#3323=AXIS2_PLACEMENT_3D('',#4849,#4045,#4046);
#3324=AXIS2_PLACEMENT_3D('',#4850,#4047,#4048);
#3325=DIRECTION('',(0.,0.,1.));
#3326=DIRECTION('',(1.,0.,0.));
#3327=DIRECTION('',(0.,0.,1.));
#3328=DIRECTION('',(1.,0.,0.));
#3329=DIRECTION('',(0.,-1.,0.));
#3330=DIRECTION('',(0.,0.,1.));
#3331=DIRECTION('',(1.,0.,0.));
#3332=DIRECTION('',(0.,-1.,0.));
#3333=DIRECTION('',(0.,0.,1.));
#3334=DIRECTION('',(1.,0.,0.));
#3335=DIRECTION('',(0.,-1.,0.));
#3336=DIRECTION('',(0.,0.,1.));
#3337=DIRECTION('',(1.,0.,0.));
#3338=DIRECTION('',(0.,-1.,0.));
#3339=DIRECTION('',(0.,0.,1.));
#3340=DIRECTION('',(1.,0.,0.));
#3341=DIRECTION('',(0.,-1.,0.));
#3342=DIRECTION('',(0.,0.,1.));
#3343=DIRECTION('',(1.,0.,0.));
#3344=DIRECTION('',(0.,-1.,0.));
#3345=DIRECTION('',(0.,0.,1.));
#3346=DIRECTION('',(1.,0.,0.));
#3347=DIRECTION('',(0.,-1.,0.));
#3348=DIRECTION('',(0.,0.,1.));
#3349=DIRECTION('',(1.,0.,0.));
#3350=DIRECTION('',(0.,-1.,0.));
#3351=DIRECTION('',(0.,0.,1.));
#3352=DIRECTION('',(1.,0.,0.));
#3353=DIRECTION('',(0.,-1.,0.));
#3354=DIRECTION('',(0.,0.,1.));
#3355=DIRECTION('',(1.,0.,0.));
#3356=DIRECTION('',(0.,-1.,0.));
#3357=DIRECTION('',(-1.,0.,0.));
#3358=DIRECTION('',(0.,-1.,0.));
#3359=DIRECTION('',(0.,0.,1.));
#3360=DIRECTION('',(1.,0.,0.));
#3361=DIRECTION('',(0.,-1.,0.));
#3362=DIRECTION('',(0.,0.,1.));
#3363=DIRECTION('',(1.,0.,0.));
#3364=DIRECTION('',(0.,-1.,0.));
#3365=DIRECTION('',(0.,0.,1.));
#3366=DIRECTION('',(1.,0.,0.));
#3367=DIRECTION('',(0.,-1.,0.));
#3368=DIRECTION('',(0.,0.,1.));
#3369=DIRECTION('',(1.,0.,0.));
#3370=DIRECTION('',(0.,-1.,0.));
#3371=DIRECTION('',(0.,0.,1.));
#3372=DIRECTION('',(1.,0.,0.));
#3373=DIRECTION('',(0.,-1.,0.));
#3374=DIRECTION('',(0.,0.,1.));
#3375=DIRECTION('',(1.,0.,0.));
#3376=DIRECTION('',(0.,-1.,0.));
#3377=DIRECTION('',(0.,0.,1.));
#3378=DIRECTION('',(1.,0.,0.));
#3379=DIRECTION('',(0.,-1.,0.));
#3380=DIRECTION('',(0.,0.,1.));
#3381=DIRECTION('',(1.,0.,0.));
#3382=DIRECTION('',(0.,-1.,0.));
#3383=DIRECTION('',(-1.,0.,0.));
#3384=DIRECTION('',(0.,0.,1.));
#3385=DIRECTION('',(1.,0.,0.));
#3386=DIRECTION('',(-1.,0.,0.));
#3387=DIRECTION('',(0.,0.,1.));
#3388=DIRECTION('',(1.,0.,0.));
#3389=DIRECTION('',(-1.,0.,0.));
#3390=DIRECTION('',(0.,-1.,0.));
#3391=DIRECTION('',(0.,0.,1.));
#3392=DIRECTION('',(1.,0.,0.));
#3393=DIRECTION('',(1.,0.,0.));
#3394=DIRECTION('',(0.,0.,1.));
#3395=DIRECTION('',(1.,0.,0.));
#3396=DIRECTION('',(-1.05775821705903E-16,1.,0.));
#3397=DIRECTION('',(0.,0.,1.));
#3398=DIRECTION('',(1.,0.,0.));
#3399=DIRECTION('',(1.,0.,0.));
#3400=DIRECTION('',(0.,0.,1.));
#3401=DIRECTION('',(1.,0.,0.));
#3402=DIRECTION('',(-1.05775821705903E-16,1.,0.));
#3403=DIRECTION('',(0.,0.,1.));
#3404=DIRECTION('',(1.,0.,0.));
#3405=DIRECTION('',(1.,0.,0.));
#3406=DIRECTION('',(0.,0.,-1.));
#3407=DIRECTION('',(0.,0.,-1.));
#3408=DIRECTION('',(0.,-1.,0.));
#3409=DIRECTION('',(0.,0.,-1.));
#3410=DIRECTION('',(0.,-1.,0.));
#3411=DIRECTION('',(0.,0.,-1.));
#3412=DIRECTION('',(0.,-1.,0.));
#3413=DIRECTION('',(0.,0.,-1.));
#3414=DIRECTION('',(1.,0.,0.));
#3415=DIRECTION('',(0.,0.,-1.));
#3416=DIRECTION('',(0.,0.,-1.));
#3417=DIRECTION('',(0.,-1.,0.));
#3418=DIRECTION('',(0.,0.,-1.));
#3419=DIRECTION('',(0.,-1.,0.));
#3420=DIRECTION('',(0.,0.,-1.));
#3421=DIRECTION('',(0.,-1.,0.));
#3422=DIRECTION('',(0.,0.,-1.));
#3423=DIRECTION('',(1.,0.,0.));
#3424=DIRECTION('',(0.,0.,-1.));
#3425=DIRECTION('',(0.,0.,-1.));
#3426=DIRECTION('',(0.,-1.,0.));
#3427=DIRECTION('',(0.,0.,-1.));
#3428=DIRECTION('',(0.,-1.,0.));
#3429=DIRECTION('',(0.,0.,-1.));
#3430=DIRECTION('',(0.,-1.,0.));
#3431=DIRECTION('',(0.,0.,-1.));
#3432=DIRECTION('',(1.,0.,0.));
#3433=DIRECTION('',(0.,0.,-1.));
#3434=DIRECTION('',(0.,0.,-1.));
#3435=DIRECTION('',(0.,-1.,0.));
#3436=DIRECTION('',(0.,0.,-1.));
#3437=DIRECTION('',(0.,-1.,0.));
#3438=DIRECTION('',(0.,0.,-1.));
#3439=DIRECTION('',(0.,-1.,0.));
#3440=DIRECTION('',(0.,0.,-1.));
#3441=DIRECTION('',(1.,0.,0.));
#3442=DIRECTION('',(0.,0.,-1.));
#3443=DIRECTION('',(0.,0.,-1.));
#3444=DIRECTION('',(0.,-1.,0.));
#3445=DIRECTION('',(0.,0.,-1.));
#3446=DIRECTION('',(0.,-1.,0.));
#3447=DIRECTION('',(0.,0.,-1.));
#3448=DIRECTION('',(0.,-1.,0.));
#3449=DIRECTION('',(0.,0.,-1.));
#3450=DIRECTION('',(1.,0.,0.));
#3451=DIRECTION('',(0.,0.,-1.));
#3452=DIRECTION('',(0.,0.,-1.));
#3453=DIRECTION('',(0.,-1.,0.));
#3454=DIRECTION('',(0.,0.,-1.));
#3455=DIRECTION('',(0.,-1.,0.));
#3456=DIRECTION('',(0.,0.,-1.));
#3457=DIRECTION('',(0.,-1.,0.));
#3458=DIRECTION('',(0.,0.,-1.));
#3459=DIRECTION('',(1.,0.,0.));
#3460=DIRECTION('',(0.,0.,-1.));
#3461=DIRECTION('',(0.,0.,-1.));
#3462=DIRECTION('',(0.,-1.,0.));
#3463=DIRECTION('',(0.,0.,-1.));
#3464=DIRECTION('',(0.,-1.,0.));
#3465=DIRECTION('',(0.,0.,-1.));
#3466=DIRECTION('',(0.,-1.,0.));
#3467=DIRECTION('',(0.,0.,-1.));
#3468=DIRECTION('',(1.,0.,0.));
#3469=DIRECTION('',(0.,0.,-1.));
#3470=DIRECTION('',(0.,0.,-1.));
#3471=DIRECTION('',(0.,-1.,0.));
#3472=DIRECTION('',(0.,0.,-1.));
#3473=DIRECTION('',(0.,-1.,0.));
#3474=DIRECTION('',(0.,0.,-1.));
#3475=DIRECTION('',(0.,-1.,0.));
#3476=DIRECTION('',(0.,0.,-1.));
#3477=DIRECTION('',(1.,0.,0.));
#3478=DIRECTION('',(0.,0.,-1.));
#3479=DIRECTION('',(0.,0.,-1.));
#3480=DIRECTION('',(0.,-1.,0.));
#3481=DIRECTION('',(0.,0.,-1.));
#3482=DIRECTION('',(0.,-1.,0.));
#3483=DIRECTION('',(0.,0.,-1.));
#3484=DIRECTION('',(0.,-1.,0.));
#3485=DIRECTION('',(0.,0.,-1.));
#3486=DIRECTION('',(0.,0.,-1.));
#3487=DIRECTION('',(-1.,0.,0.));
#3488=DIRECTION('',(0.,0.,-1.));
#3489=DIRECTION('',(-1.,0.,0.));
#3490=DIRECTION('',(0.,0.,-1.));
#3491=DIRECTION('',(1.,0.,0.));
#3492=DIRECTION('',(0.,0.,-1.));
#3493=DIRECTION('',(0.,0.,-1.));
#3494=DIRECTION('',(0.,0.,-1.));
#3495=DIRECTION('',(0.,-1.,0.));
#3496=DIRECTION('',(0.,0.,-1.));
#3497=DIRECTION('',(0.,-1.,0.));
#3498=DIRECTION('',(1.,0.,0.));
#3499=DIRECTION('',(0.,0.,-1.));
#3500=DIRECTION('',(0.,0.,-1.));
#3501=DIRECTION('',(0.,-1.,0.));
#3502=DIRECTION('',(0.,0.,-1.));
#3503=DIRECTION('',(0.,-1.,0.));
#3504=DIRECTION('',(0.,0.,-1.));
#3505=DIRECTION('',(0.,-1.,0.));
#3506=DIRECTION('',(0.,0.,-1.));
#3507=DIRECTION('',(1.,0.,0.));
#3508=DIRECTION('',(0.,0.,-1.));
#3509=DIRECTION('',(0.,0.,-1.));
#3510=DIRECTION('',(0.,-1.,0.));
#3511=DIRECTION('',(0.,0.,-1.));
#3512=DIRECTION('',(0.,-1.,0.));
#3513=DIRECTION('',(0.,0.,-1.));
#3514=DIRECTION('',(0.,-1.,0.));
#3515=DIRECTION('',(0.,0.,-1.));
#3516=DIRECTION('',(1.,0.,0.));
#3517=DIRECTION('',(0.,0.,-1.));
#3518=DIRECTION('',(0.,0.,-1.));
#3519=DIRECTION('',(0.,-1.,0.));
#3520=DIRECTION('',(0.,0.,-1.));
#3521=DIRECTION('',(0.,-1.,0.));
#3522=DIRECTION('',(0.,0.,-1.));
#3523=DIRECTION('',(0.,-1.,0.));
#3524=DIRECTION('',(0.,0.,-1.));
#3525=DIRECTION('',(1.,0.,0.));
#3526=DIRECTION('',(0.,0.,-1.));
#3527=DIRECTION('',(0.,0.,-1.));
#3528=DIRECTION('',(0.,-1.,0.));
#3529=DIRECTION('',(0.,0.,-1.));
#3530=DIRECTION('',(0.,-1.,0.));
#3531=DIRECTION('',(0.,0.,-1.));
#3532=DIRECTION('',(0.,-1.,0.));
#3533=DIRECTION('',(0.,0.,-1.));
#3534=DIRECTION('',(1.,0.,0.));
#3535=DIRECTION('',(0.,0.,-1.));
#3536=DIRECTION('',(0.,0.,-1.));
#3537=DIRECTION('',(0.,-1.,0.));
#3538=DIRECTION('',(0.,0.,-1.));
#3539=DIRECTION('',(0.,-1.,0.));
#3540=DIRECTION('',(0.,0.,-1.));
#3541=DIRECTION('',(0.,-1.,0.));
#3542=DIRECTION('',(0.,0.,-1.));
#3543=DIRECTION('',(1.,0.,0.));
#3544=DIRECTION('',(0.,0.,-1.));
#3545=DIRECTION('',(0.,0.,-1.));
#3546=DIRECTION('',(0.,-1.,0.));
#3547=DIRECTION('',(0.,0.,-1.));
#3548=DIRECTION('',(0.,-1.,0.));
#3549=DIRECTION('',(0.,0.,-1.));
#3550=DIRECTION('',(0.,-1.,0.));
#3551=DIRECTION('',(0.,0.,-1.));
#3552=DIRECTION('',(0.,0.,1.));
#3553=DIRECTION('',(1.,0.,0.));
#3554=DIRECTION('',(-1.,0.,0.));
#3555=DIRECTION('',(-1.,0.,0.));
#3556=DIRECTION('',(0.,1.,0.));
#3557=DIRECTION('',(-1.,0.,0.));
#3558=DIRECTION('',(-1.,0.,0.));
#3559=DIRECTION('',(0.,1.,0.));
#3560=DIRECTION('',(-1.,0.,0.));
#3561=DIRECTION('',(-1.,0.,0.));
#3562=DIRECTION('',(0.,1.,0.));
#3563=DIRECTION('',(-1.,0.,0.));
#3564=DIRECTION('',(-1.,0.,0.));
#3565=DIRECTION('',(0.,1.,0.));
#3566=DIRECTION('',(-1.,0.,0.));
#3567=DIRECTION('',(-1.,0.,0.));
#3568=DIRECTION('',(0.,1.,0.));
#3569=DIRECTION('',(-1.,0.,0.));
#3570=DIRECTION('',(-1.,0.,0.));
#3571=DIRECTION('',(0.,1.,0.));
#3572=DIRECTION('',(-1.,0.,0.));
#3573=DIRECTION('',(-1.,0.,0.));
#3574=DIRECTION('',(0.,1.,0.));
#3575=DIRECTION('',(-1.,0.,0.));
#3576=DIRECTION('',(-1.,0.,0.));
#3577=DIRECTION('',(0.,1.,0.));
#3578=DIRECTION('',(-1.,0.,0.));
#3579=DIRECTION('',(0.,-1.,0.));
#3580=DIRECTION('',(-1.,0.,0.));
#3581=DIRECTION('',(0.,1.,0.));
#3582=DIRECTION('',(-1.,0.,0.));
#3583=DIRECTION('',(0.,-1.,0.));
#3584=DIRECTION('',(-4.8186763221578E-16,1.,0.));
#3585=DIRECTION('',(1.,0.,0.));
#3586=DIRECTION('',(0.,1.,0.));
#3587=DIRECTION('',(-1.,0.,0.));
#3588=DIRECTION('',(-4.8186763221578E-16,1.,0.));
#3589=DIRECTION('',(1.,0.,0.));
#3590=DIRECTION('',(0.,1.,0.));
#3591=DIRECTION('',(-1.,0.,0.));
#3592=DIRECTION('',(0.,-1.,0.));
#3593=DIRECTION('',(1.,0.,0.));
#3594=DIRECTION('',(0.,1.,0.));
#3595=DIRECTION('',(1.,0.,0.));
#3596=DIRECTION('',(0.,-1.,0.));
#3597=DIRECTION('',(1.,0.,0.));
#3598=DIRECTION('',(0.,1.,0.));
#3599=DIRECTION('',(1.,0.,0.));
#3600=DIRECTION('',(1.,0.,0.));
#3601=DIRECTION('',(0.,1.,0.));
#3602=DIRECTION('',(1.,0.,0.));
#3603=DIRECTION('',(1.,0.,0.));
#3604=DIRECTION('',(0.,1.,0.));
#3605=DIRECTION('',(1.,0.,0.));
#3606=DIRECTION('',(1.,0.,0.));
#3607=DIRECTION('',(0.,1.,0.));
#3608=DIRECTION('',(1.,0.,0.));
#3609=DIRECTION('',(1.,0.,0.));
#3610=DIRECTION('',(0.,1.,0.));
#3611=DIRECTION('',(1.,0.,0.));
#3612=DIRECTION('',(1.,0.,0.));
#3613=DIRECTION('',(0.,1.,0.));
#3614=DIRECTION('',(1.,0.,0.));
#3615=DIRECTION('',(1.,0.,0.));
#3616=DIRECTION('',(0.,1.,0.));
#3617=DIRECTION('',(1.,0.,0.));
#3618=DIRECTION('',(-1.,0.,0.));
#3619=DIRECTION('',(-1.,0.,0.));
#3620=DIRECTION('',(0.,1.,0.));
#3621=DIRECTION('',(1.,0.,0.));
#3622=DIRECTION('',(0.,0.,-1.));
#3623=DIRECTION('',(0.,0.,-1.));
#3624=DIRECTION('',(0.,0.,-1.));
#3625=DIRECTION('',(0.,-1.,0.));
#3626=DIRECTION('',(0.,0.,-1.));
#3627=DIRECTION('',(0.,0.,-1.));
#3628=DIRECTION('',(0.,-1.,0.));
#3629=DIRECTION('',(0.,-1.,0.));
#3630=DIRECTION('',(0.,0.,-1.));
#3631=DIRECTION('',(0.,0.,-1.));
#3632=DIRECTION('',(0.,0.,-1.));
#3633=DIRECTION('',(-1.,0.,0.));
#3634=DIRECTION('',(0.,0.,-1.));
#3635=DIRECTION('',(0.,0.,-1.));
#3636=DIRECTION('',(-1.,0.,0.));
#3637=DIRECTION('',(1.,0.,0.));
#3638=DIRECTION('',(0.,0.,-1.));
#3639=DIRECTION('',(0.,0.,-1.));
#3640=DIRECTION('',(0.,-1.,0.));
#3641=DIRECTION('',(0.,0.,-1.));
#3642=DIRECTION('',(0.,0.,-1.));
#3643=DIRECTION('',(0.,-1.,0.));
#3644=DIRECTION('',(0.,0.,-1.));
#3645=DIRECTION('',(0.,0.,-1.));
#3646=DIRECTION('',(-1.,0.,0.));
#3647=DIRECTION('',(0.,0.,1.));
#3648=DIRECTION('',(1.,0.,0.));
#3649=DIRECTION('',(0.,0.,-1.));
#3650=DIRECTION('',(1.,0.,0.));
#3651=DIRECTION('',(0.,0.,-1.));
#3652=DIRECTION('',(0.,-1.,0.));
#3653=DIRECTION('',(0.,0.,-1.));
#3654=DIRECTION('',(0.,0.,-1.));
#3655=DIRECTION('',(0.,-1.,0.));
#3656=DIRECTION('',(0.,0.,-1.));
#3657=DIRECTION('',(-1.,0.,0.));
#3658=DIRECTION('',(0.,0.,-1.));
#3659=DIRECTION('',(0.,0.,-1.));
#3660=DIRECTION('',(0.,0.,-1.));
#3661=DIRECTION('',(-1.,0.,0.));
#3662=DIRECTION('',(0.,0.,1.));
#3663=DIRECTION('',(1.,0.,0.));
#3664=DIRECTION('',(1.,0.,0.));
#3665=DIRECTION('',(0.,0.,-1.));
#3666=DIRECTION('',(0.,-1.,0.));
#3667=DIRECTION('',(0.,0.,-1.));
#3668=DIRECTION('',(0.,0.,-1.));
#3669=DIRECTION('',(0.,0.,-1.));
#3670=DIRECTION('',(-1.,0.,0.));
#3671=DIRECTION('',(0.,0.,1.));
#3672=DIRECTION('',(1.,0.,0.));
#3673=DIRECTION('',(0.,-1.,0.));
#3674=DIRECTION('',(0.,0.,-1.));
#3675=DIRECTION('',(0.,1.,0.));
#3676=DIRECTION('',(0.,0.,1.));
#3677=DIRECTION('',(1.,0.,0.));
#3678=DIRECTION('',(0.,0.,-1.));
#3679=DIRECTION('',(-1.,0.,0.));
#3680=DIRECTION('',(0.,0.,1.));
#3681=DIRECTION('',(0.,1.,0.));
#3682=DIRECTION('',(0.,0.,-1.));
#3683=DIRECTION('',(0.,1.,0.));
#3684=DIRECTION('',(0.,0.,1.));
#3685=DIRECTION('',(1.,0.,0.));
#3686=DIRECTION('',(0.,0.,1.));
#3687=DIRECTION('',(1.,0.,0.));
#3688=DIRECTION('',(-1.,-4.8186763221578E-16,0.));
#3689=DIRECTION('',(4.8186763221578E-16,-1.,0.));
#3690=DIRECTION('',(-4.8186763221578E-16,1.,0.));
#3691=DIRECTION('',(0.,0.,-1.));
#3692=DIRECTION('',(0.,1.,0.));
#3693=DIRECTION('',(0.,0.,1.));
#3694=DIRECTION('',(1.,0.,0.));
#3695=DIRECTION('',(0.,0.,-1.));
#3696=DIRECTION('',(-1.,0.,0.));
#3697=DIRECTION('',(0.,0.,1.));
#3698=DIRECTION('',(0.,1.,0.));
#3699=DIRECTION('',(0.,0.,1.));
#3700=DIRECTION('',(1.,0.,0.));
#3701=DIRECTION('',(0.,-1.,0.));
#3702=DIRECTION('',(0.,0.,-1.));
#3703=DIRECTION('',(-1.,0.,0.));
#3704=DIRECTION('',(0.,0.,-1.));
#3705=DIRECTION('',(-1.,0.,0.));
#3706=DIRECTION('',(0.,0.,1.));
#3707=DIRECTION('',(0.,1.,0.));
#3708=DIRECTION('',(0.,0.,-1.));
#3709=DIRECTION('',(0.,-1.,0.));
#3710=DIRECTION('',(0.,0.,-1.));
#3711=DIRECTION('',(-1.,0.,0.));
#3712=DIRECTION('',(0.,0.,1.));
#3713=DIRECTION('',(1.,0.,0.));
#3714=DIRECTION('',(0.,1.,0.));
#3715=DIRECTION('',(0.,0.,1.));
#3716=DIRECTION('',(1.,0.,0.));
#3717=DIRECTION('',(0.,0.,-1.));
#3718=DIRECTION('',(-1.,0.,0.));
#3719=DIRECTION('',(0.,0.,1.));
#3720=DIRECTION('',(0.,1.,0.));
#3721=DIRECTION('',(0.,0.,-1.));
#3722=DIRECTION('',(0.,1.,0.));
#3723=DIRECTION('',(0.,0.,1.));
#3724=DIRECTION('',(1.,0.,0.));
#3725=DIRECTION('',(0.,0.,1.));
#3726=DIRECTION('',(1.,0.,0.));
#3727=DIRECTION('',(0.,0.,1.));
#3728=DIRECTION('',(1.,0.,0.));
#3729=DIRECTION('',(0.,1.,0.));
#3730=DIRECTION('',(0.,0.,1.));
#3731=DIRECTION('',(1.,0.,0.));
#3732=DIRECTION('',(0.,0.,-1.));
#3733=DIRECTION('',(-1.,0.,0.));
#3734=DIRECTION('',(0.,0.,1.));
#3735=DIRECTION('',(0.,1.,0.));
#3736=DIRECTION('',(0.,0.,-1.));
#3737=DIRECTION('',(0.,1.,0.));
#3738=DIRECTION('',(0.,0.,1.));
#3739=DIRECTION('',(1.,0.,0.));
#3740=DIRECTION('',(0.,0.,1.));
#3741=DIRECTION('',(1.,0.,0.));
#3742=DIRECTION('',(0.,0.,1.));
#3743=DIRECTION('',(1.,0.,0.));
#3744=DIRECTION('',(0.,1.,0.));
#3745=DIRECTION('',(0.,0.,1.));
#3746=DIRECTION('',(1.,0.,0.));
#3747=DIRECTION('',(0.,0.,-1.));
#3748=DIRECTION('',(-1.,0.,0.));
#3749=DIRECTION('',(0.,0.,1.));
#3750=DIRECTION('',(0.,1.,0.));
#3751=DIRECTION('',(0.,0.,-1.));
#3752=DIRECTION('',(0.,1.,0.));
#3753=DIRECTION('',(0.,0.,1.));
#3754=DIRECTION('',(1.,0.,0.));
#3755=DIRECTION('',(0.,0.,1.));
#3756=DIRECTION('',(1.,0.,0.));
#3757=DIRECTION('',(0.,0.,1.));
#3758=DIRECTION('',(1.,0.,0.));
#3759=DIRECTION('',(0.,1.,0.));
#3760=DIRECTION('',(0.,0.,1.));
#3761=DIRECTION('',(1.,0.,0.));
#3762=DIRECTION('',(0.,0.,-1.));
#3763=DIRECTION('',(-1.,0.,0.));
#3764=DIRECTION('',(0.,0.,1.));
#3765=DIRECTION('',(0.,1.,0.));
#3766=DIRECTION('',(0.,0.,-1.));
#3767=DIRECTION('',(0.,1.,0.));
#3768=DIRECTION('',(0.,0.,1.));
#3769=DIRECTION('',(1.,0.,0.));
#3770=DIRECTION('',(0.,0.,1.));
#3771=DIRECTION('',(1.,0.,0.));
#3772=DIRECTION('',(0.,0.,1.));
#3773=DIRECTION('',(1.,0.,0.));
#3774=DIRECTION('',(0.,1.,0.));
#3775=DIRECTION('',(0.,0.,1.));
#3776=DIRECTION('',(1.,0.,0.));
#3777=DIRECTION('',(0.,0.,-1.));
#3778=DIRECTION('',(-1.,0.,0.));
#3779=DIRECTION('',(0.,0.,1.));
#3780=DIRECTION('',(0.,1.,0.));
#3781=DIRECTION('',(0.,0.,-1.));
#3782=DIRECTION('',(0.,1.,0.));
#3783=DIRECTION('',(0.,0.,1.));
#3784=DIRECTION('',(1.,0.,0.));
#3785=DIRECTION('',(0.,0.,1.));
#3786=DIRECTION('',(1.,0.,0.));
#3787=DIRECTION('',(0.,0.,1.));
#3788=DIRECTION('',(1.,0.,0.));
#3789=DIRECTION('',(0.,1.,0.));
#3790=DIRECTION('',(0.,0.,1.));
#3791=DIRECTION('',(1.,0.,0.));
#3792=DIRECTION('',(0.,0.,-1.));
#3793=DIRECTION('',(-1.,0.,0.));
#3794=DIRECTION('',(0.,0.,1.));
#3795=DIRECTION('',(0.,1.,0.));
#3796=DIRECTION('',(0.,0.,-1.));
#3797=DIRECTION('',(0.,1.,0.));
#3798=DIRECTION('',(0.,0.,1.));
#3799=DIRECTION('',(1.,0.,0.));
#3800=DIRECTION('',(0.,0.,1.));
#3801=DIRECTION('',(1.,0.,0.));
#3802=DIRECTION('',(0.,0.,1.));
#3803=DIRECTION('',(1.,0.,0.));
#3804=DIRECTION('',(0.,1.,0.));
#3805=DIRECTION('',(0.,0.,1.));
#3806=DIRECTION('',(1.,0.,0.));
#3807=DIRECTION('',(0.,0.,-1.));
#3808=DIRECTION('',(-1.,0.,0.));
#3809=DIRECTION('',(0.,0.,1.));
#3810=DIRECTION('',(0.,1.,0.));
#3811=DIRECTION('',(0.,0.,-1.));
#3812=DIRECTION('',(0.,1.,0.));
#3813=DIRECTION('',(0.,0.,1.));
#3814=DIRECTION('',(1.,0.,0.));
#3815=DIRECTION('',(0.,0.,1.));
#3816=DIRECTION('',(1.,0.,0.));
#3817=DIRECTION('',(0.,0.,1.));
#3818=DIRECTION('',(1.,0.,0.));
#3819=DIRECTION('',(-1.,-4.8186763221578E-16,0.));
#3820=DIRECTION('',(4.8186763221578E-16,-1.,0.));
#3821=DIRECTION('',(-4.8186763221578E-16,1.,0.));
#3822=DIRECTION('',(0.,0.,-1.));
#3823=DIRECTION('',(0.,1.,0.));
#3824=DIRECTION('',(0.,0.,1.));
#3825=DIRECTION('',(1.,0.,0.));
#3826=DIRECTION('',(0.,0.,-1.));
#3827=DIRECTION('',(-1.,0.,0.));
#3828=DIRECTION('',(0.,0.,1.));
#3829=DIRECTION('',(0.,1.,0.));
#3830=DIRECTION('',(0.,0.,1.));
#3831=DIRECTION('',(1.,0.,0.));
#3832=DIRECTION('',(0.,0.,1.));
#3833=DIRECTION('',(1.,0.,0.));
#3834=DIRECTION('',(0.,-1.,0.));
#3835=DIRECTION('',(0.,0.,-1.));
#3836=DIRECTION('',(-1.,0.,0.));
#3837=DIRECTION('',(0.,0.,-1.));
#3838=DIRECTION('',(-1.,0.,0.));
#3839=DIRECTION('',(0.,0.,1.));
#3840=DIRECTION('',(0.,1.,0.));
#3841=DIRECTION('',(0.,0.,-1.));
#3842=DIRECTION('',(0.,-1.,0.));
#3843=DIRECTION('',(0.,0.,-1.));
#3844=DIRECTION('',(-1.,0.,0.));
#3845=DIRECTION('',(0.,0.,1.));
#3846=DIRECTION('',(1.,0.,0.));
#3847=DIRECTION('',(0.,0.,1.));
#3848=DIRECTION('',(1.,0.,0.));
#3849=DIRECTION('',(0.,-1.,0.));
#3850=DIRECTION('',(0.,0.,-1.));
#3851=DIRECTION('',(-1.,0.,0.));
#3852=DIRECTION('',(0.,0.,-1.));
#3853=DIRECTION('',(-1.,0.,0.));
#3854=DIRECTION('',(0.,0.,1.));
#3855=DIRECTION('',(0.,1.,0.));
#3856=DIRECTION('',(0.,0.,-1.));
#3857=DIRECTION('',(0.,-1.,0.));
#3858=DIRECTION('',(0.,0.,-1.));
#3859=DIRECTION('',(-1.,0.,0.));
#3860=DIRECTION('',(0.,0.,1.));
#3861=DIRECTION('',(1.,0.,0.));
#3862=DIRECTION('',(0.,0.,1.));
#3863=DIRECTION('',(1.,0.,0.));
#3864=DIRECTION('',(0.,-1.,0.));
#3865=DIRECTION('',(0.,0.,-1.));
#3866=DIRECTION('',(-1.,0.,0.));
#3867=DIRECTION('',(0.,0.,-1.));
#3868=DIRECTION('',(-1.,0.,0.));
#3869=DIRECTION('',(0.,0.,1.));
#3870=DIRECTION('',(0.,1.,0.));
#3871=DIRECTION('',(0.,0.,-1.));
#3872=DIRECTION('',(0.,-1.,0.));
#3873=DIRECTION('',(0.,0.,-1.));
#3874=DIRECTION('',(-1.,0.,0.));
#3875=DIRECTION('',(0.,0.,1.));
#3876=DIRECTION('',(1.,0.,0.));
#3877=DIRECTION('',(0.,0.,1.));
#3878=DIRECTION('',(1.,0.,0.));
#3879=DIRECTION('',(0.,-1.,0.));
#3880=DIRECTION('',(0.,0.,-1.));
#3881=DIRECTION('',(-1.,0.,0.));
#3882=DIRECTION('',(0.,0.,-1.));
#3883=DIRECTION('',(-1.,0.,0.));
#3884=DIRECTION('',(0.,0.,1.));
#3885=DIRECTION('',(0.,1.,0.));
#3886=DIRECTION('',(0.,0.,-1.));
#3887=DIRECTION('',(0.,-1.,0.));
#3888=DIRECTION('',(0.,0.,-1.));
#3889=DIRECTION('',(-1.,0.,0.));
#3890=DIRECTION('',(0.,0.,1.));
#3891=DIRECTION('',(1.,0.,0.));
#3892=DIRECTION('',(0.,0.,1.));
#3893=DIRECTION('',(1.,0.,0.));
#3894=DIRECTION('',(0.,-1.,0.));
#3895=DIRECTION('',(0.,0.,-1.));
#3896=DIRECTION('',(-1.,0.,0.));
#3897=DIRECTION('',(0.,0.,-1.));
#3898=DIRECTION('',(-1.,0.,0.));
#3899=DIRECTION('',(0.,0.,1.));
#3900=DIRECTION('',(0.,1.,0.));
#3901=DIRECTION('',(0.,0.,-1.));
#3902=DIRECTION('',(0.,-1.,0.));
#3903=DIRECTION('',(0.,0.,-1.));
#3904=DIRECTION('',(-1.,0.,0.));
#3905=DIRECTION('',(0.,0.,1.));
#3906=DIRECTION('',(1.,0.,0.));
#3907=DIRECTION('',(0.,0.,1.));
#3908=DIRECTION('',(1.,0.,0.));
#3909=DIRECTION('',(0.,-1.,0.));
#3910=DIRECTION('',(0.,0.,-1.));
#3911=DIRECTION('',(-1.,0.,0.));
#3912=DIRECTION('',(0.,0.,-1.));
#3913=DIRECTION('',(-1.,0.,0.));
#3914=DIRECTION('',(0.,0.,1.));
#3915=DIRECTION('',(0.,1.,0.));
#3916=DIRECTION('',(0.,0.,-1.));
#3917=DIRECTION('',(0.,-1.,0.));
#3918=DIRECTION('',(0.,0.,-1.));
#3919=DIRECTION('',(-1.,0.,0.));
#3920=DIRECTION('',(0.,0.,1.));
#3921=DIRECTION('',(1.,0.,0.));
#3922=DIRECTION('',(0.,0.,1.));
#3923=DIRECTION('',(1.,0.,0.));
#3924=DIRECTION('',(0.,-1.,0.));
#3925=DIRECTION('',(0.,0.,-1.));
#3926=DIRECTION('',(-1.,0.,0.));
#3927=DIRECTION('',(0.,0.,-1.));
#3928=DIRECTION('',(-1.,0.,0.));
#3929=DIRECTION('',(0.,0.,1.));
#3930=DIRECTION('',(0.,1.,0.));
#3931=DIRECTION('',(0.,0.,-1.));
#3932=DIRECTION('',(0.,-1.,0.));
#3933=DIRECTION('',(0.,0.,-1.));
#3934=DIRECTION('',(-1.,0.,0.));
#3935=DIRECTION('',(0.,0.,1.));
#3936=DIRECTION('',(1.,0.,0.));
#3937=DIRECTION('',(0.,0.,1.));
#3938=DIRECTION('',(1.,0.,0.));
#3939=DIRECTION('',(0.,-1.,0.));
#3940=DIRECTION('',(0.,0.,-1.));
#3941=DIRECTION('',(-1.,0.,0.));
#3942=DIRECTION('',(0.,0.,-1.));
#3943=DIRECTION('',(-1.,0.,0.));
#3944=DIRECTION('',(0.,0.,1.));
#3945=DIRECTION('',(0.,1.,0.));
#3946=DIRECTION('',(0.,0.,-1.));
#3947=DIRECTION('',(0.,-1.,0.));
#3948=DIRECTION('',(0.,0.,-1.));
#3949=DIRECTION('',(-1.,0.,0.));
#3950=DIRECTION('',(0.,0.,1.));
#3951=DIRECTION('',(1.,0.,0.));
#3952=DIRECTION('',(0.,0.,1.));
#3953=DIRECTION('',(1.,0.,0.));
#3954=DIRECTION('',(0.,-1.,0.));
#3955=DIRECTION('',(0.,0.,-1.));
#3956=DIRECTION('',(-1.,0.,0.));
#3957=DIRECTION('',(0.,0.,-1.));
#3958=DIRECTION('',(-1.,0.,0.));
#3959=DIRECTION('',(0.,0.,1.));
#3960=DIRECTION('',(0.,1.,0.));
#3961=DIRECTION('',(0.,0.,-1.));
#3962=DIRECTION('',(0.,-1.,0.));
#3963=DIRECTION('',(0.,0.,-1.));
#3964=DIRECTION('',(-1.,0.,0.));
#3965=DIRECTION('',(0.,0.,1.));
#3966=DIRECTION('',(1.,0.,0.));
#3967=DIRECTION('',(0.,0.,1.));
#3968=DIRECTION('',(1.,0.,0.));
#3969=DIRECTION('',(0.,0.,-1.));
#3970=DIRECTION('',(-1.,0.,0.));
#3971=DIRECTION('',(0.,0.,-1.));
#3972=DIRECTION('',(-1.,0.,0.));
#3973=DIRECTION('',(0.,0.,-1.));
#3974=DIRECTION('',(-1.,0.,0.));
#3975=DIRECTION('',(0.,0.,-1.));
#3976=DIRECTION('',(-1.,0.,0.));
#3977=DIRECTION('',(0.,0.,-1.));
#3978=DIRECTION('',(-1.,0.,0.));
#3979=DIRECTION('',(0.,0.,-1.));
#3980=DIRECTION('',(-1.,0.,0.));
#3981=DIRECTION('',(0.,0.,-1.));
#3982=DIRECTION('',(-1.,0.,0.));
#3983=DIRECTION('',(0.,0.,-1.));
#3984=DIRECTION('',(-1.,0.,0.));
#3985=DIRECTION('',(0.,0.,-1.));
#3986=DIRECTION('',(-1.,0.,0.));
#3987=DIRECTION('',(0.,0.,-1.));
#3988=DIRECTION('',(-1.,0.,0.));
#3989=DIRECTION('',(0.,0.,-1.));
#3990=DIRECTION('',(-1.,0.,0.));
#3991=DIRECTION('',(0.,0.,-1.));
#3992=DIRECTION('',(-1.,0.,0.));
#3993=DIRECTION('',(0.,0.,-1.));
#3994=DIRECTION('',(-1.,0.,0.));
#3995=DIRECTION('',(0.,0.,-1.));
#3996=DIRECTION('',(-1.,0.,0.));
#3997=DIRECTION('',(0.,0.,-1.));
#3998=DIRECTION('',(-1.,0.,0.));
#3999=DIRECTION('',(0.,0.,-1.));
#4000=DIRECTION('',(-1.,0.,0.));
#4001=DIRECTION('',(0.,0.,-1.));
#4002=DIRECTION('',(-1.,0.,0.));
#4003=DIRECTION('',(-1.,-1.05775821705903E-16,0.));
#4004=DIRECTION('',(1.05775821705903E-16,-1.,0.));
#4005=DIRECTION('',(-1.05775821705903E-16,1.,0.));
#4006=DIRECTION('',(0.,0.,-1.));
#4007=DIRECTION('',(0.,0.,-1.));
#4008=DIRECTION('',(0.,1.,0.));
#4009=DIRECTION('',(0.,0.,1.));
#4010=DIRECTION('',(0.,0.,-1.));
#4011=DIRECTION('',(1.,0.,0.));
#4012=DIRECTION('',(0.,0.,-1.));
#4013=DIRECTION('',(-1.,-1.05775821705903E-16,0.));
#4014=DIRECTION('',(1.05775821705903E-16,-1.,0.));
#4015=DIRECTION('',(0.,0.,-1.));
#4016=DIRECTION('',(-1.05775821705903E-16,1.,0.));
#4017=DIRECTION('',(0.,0.,-1.));
#4018=DIRECTION('',(0.,1.,0.));
#4019=DIRECTION('',(0.,0.,1.));
#4020=DIRECTION('',(0.,0.,-1.));
#4021=DIRECTION('',(1.,0.,0.));
#4022=DIRECTION('',(0.,0.,-1.));
#4023=DIRECTION('',(0.,0.,-1.));
#4024=DIRECTION('',(-1.,0.,0.));
#4025=DIRECTION('',(0.,0.,1.));
#4026=DIRECTION('',(1.,0.,0.));
#4027=DIRECTION('',(0.,0.,1.));
#4028=DIRECTION('',(1.,0.,0.));
#4029=DIRECTION('',(0.,0.,1.));
#4030=DIRECTION('',(1.,0.,0.));
#4031=DIRECTION('',(0.,0.,1.));
#4032=DIRECTION('',(1.,0.,0.));
#4033=DIRECTION('',(0.,0.,1.));
#4034=DIRECTION('',(1.,0.,0.));
#4035=DIRECTION('',(0.,0.,1.));
#4036=DIRECTION('',(1.,0.,0.));
#4037=DIRECTION('',(0.,0.,1.));
#4038=DIRECTION('',(1.,0.,0.));
#4039=DIRECTION('',(0.,0.,1.));
#4040=DIRECTION('',(1.,0.,0.));
#4041=DIRECTION('',(0.,0.,-1.));
#4042=DIRECTION('',(-1.,0.,0.));
#4043=DIRECTION('',(0.,0.,1.));
#4044=DIRECTION('',(1.,0.,0.));
#4045=DIRECTION('',(0.,0.,-1.));
#4046=DIRECTION('',(-1.,0.,0.));
#4047=DIRECTION('',(0.,0.,1.));
#4048=DIRECTION('',(1.,0.,0.));
#4049=CARTESIAN_POINT('',(0.,0.,0.));
#4050=CARTESIAN_POINT('',(0.,-8.75E-5,0.0008));
#4051=CARTESIAN_POINT('',(0.005,0.00065,0.0008));
#4052=CARTESIAN_POINT('',(0.005,-0.004025,0.0008));
#4053=CARTESIAN_POINT('',(0.005,-0.004775,0.0008));
#4054=CARTESIAN_POINT('',(0.005,-0.00385,0.0008));
#4055=CARTESIAN_POINT('',(0.005,-0.003675,0.0008));
#4056=CARTESIAN_POINT('',(0.005,0.00065,0.0008));
#4057=CARTESIAN_POINT('',(0.005,-0.002925,0.0008));
#4058=CARTESIAN_POINT('',(0.005,-0.00275,0.0008));
#4059=CARTESIAN_POINT('',(0.005,-0.002575,0.0008));
#4060=CARTESIAN_POINT('',(0.005,0.00065,0.0008));
#4061=CARTESIAN_POINT('',(0.005,-0.001825,0.0008));
#4062=CARTESIAN_POINT('',(0.005,-0.00165,0.0008));
#4063=CARTESIAN_POINT('',(0.005,-0.001475,0.0008));
#4064=CARTESIAN_POINT('',(0.005,0.00065,0.0008));
#4065=CARTESIAN_POINT('',(0.005,-0.000725,0.0008));
#4066=CARTESIAN_POINT('',(0.005,-0.00055,0.0008));
#4067=CARTESIAN_POINT('',(0.005,-0.000375,0.0008));
#4068=CARTESIAN_POINT('',(0.005,0.00065,0.0008));
#4069=CARTESIAN_POINT('',(0.005,0.000375,0.0008));
#4070=CARTESIAN_POINT('',(0.005,0.00055,0.0008));
#4071=CARTESIAN_POINT('',(0.005,0.000725,0.0008));
#4072=CARTESIAN_POINT('',(0.005,0.00065,0.0008));
#4073=CARTESIAN_POINT('',(0.005,0.001475,0.0008));
#4074=CARTESIAN_POINT('',(0.005,0.00165,0.0008));
#4075=CARTESIAN_POINT('',(0.005,0.001825,0.0008));
#4076=CARTESIAN_POINT('',(0.005,0.00065,0.0008));
#4077=CARTESIAN_POINT('',(0.005,0.002575,0.0008));
#4078=CARTESIAN_POINT('',(0.005,0.00275,0.0008));
#4079=CARTESIAN_POINT('',(0.005,0.002925,0.0008));
#4080=CARTESIAN_POINT('',(0.005,0.00065,0.0008));
#4081=CARTESIAN_POINT('',(0.005,0.003675,0.0008));
#4082=CARTESIAN_POINT('',(0.005,0.00385,0.0008));
#4083=CARTESIAN_POINT('',(0.005,0.004025,0.0008));
#4084=CARTESIAN_POINT('',(0.005,0.00065,0.0008));
#4085=CARTESIAN_POINT('',(0.005,0.004775,0.0008));
#4086=CARTESIAN_POINT('',(0.005,0.00495,0.0008));
#4087=CARTESIAN_POINT('',(0.005,0.005125,0.0008));
#4088=CARTESIAN_POINT('',(0.005,0.00065,0.0008));
#4089=CARTESIAN_POINT('',(0.005,0.00595,0.0008));
#4090=CARTESIAN_POINT('',(-8.67361737988404E-19,0.00595,0.0008));
#4091=CARTESIAN_POINT('',(-0.005,0.00595,0.0008));
#4092=CARTESIAN_POINT('',(-0.005,0.00065,0.0008));
#4093=CARTESIAN_POINT('',(-0.005,0.002925,0.0008));
#4094=CARTESIAN_POINT('',(-0.005,0.00275,0.0008));
#4095=CARTESIAN_POINT('',(-0.005,0.002575,0.0008));
#4096=CARTESIAN_POINT('',(-0.005,0.00065,0.0008));
#4097=CARTESIAN_POINT('',(-0.005,0.001825,0.0008));
#4098=CARTESIAN_POINT('',(-0.005,0.00165,0.0008));
#4099=CARTESIAN_POINT('',(-0.005,0.001475,0.0008));
#4100=CARTESIAN_POINT('',(-0.005,0.00065,0.0008));
#4101=CARTESIAN_POINT('',(-0.005,0.000725,0.0008));
#4102=CARTESIAN_POINT('',(-0.005,0.00055,0.0008));
#4103=CARTESIAN_POINT('',(-0.005,0.000375,0.0008));
#4104=CARTESIAN_POINT('',(-0.005,0.00065,0.0008));
#4105=CARTESIAN_POINT('',(-0.005,-0.000375,0.0008));
#4106=CARTESIAN_POINT('',(-0.005,-0.00055,0.0008));
#4107=CARTESIAN_POINT('',(-0.005,-0.000725,0.0008));
#4108=CARTESIAN_POINT('',(-0.005,0.00065,0.0008));
#4109=CARTESIAN_POINT('',(-0.005,-0.001475,0.0008));
#4110=CARTESIAN_POINT('',(-0.005,-0.00165,0.0008));
#4111=CARTESIAN_POINT('',(-0.005,-0.001825,0.0008));
#4112=CARTESIAN_POINT('',(-0.005,0.00065,0.0008));
#4113=CARTESIAN_POINT('',(-0.005,-0.002575,0.0008));
#4114=CARTESIAN_POINT('',(-0.005,-0.00275,0.0008));
#4115=CARTESIAN_POINT('',(-0.005,-0.002925,0.0008));
#4116=CARTESIAN_POINT('',(-0.005,0.00065,0.0008));
#4117=CARTESIAN_POINT('',(-0.005,-0.003675,0.0008));
#4118=CARTESIAN_POINT('',(-0.005,-0.00385,0.0008));
#4119=CARTESIAN_POINT('',(-0.005,-0.004025,0.0008));
#4120=CARTESIAN_POINT('',(-0.005,0.00065,0.0008));
#4121=CARTESIAN_POINT('',(-0.005,-0.004775,0.0008));
#4122=CARTESIAN_POINT('',(-0.005,-0.00495,0.0008));
#4123=CARTESIAN_POINT('',(-0.005,-0.005125,0.0008));
#4124=CARTESIAN_POINT('',(-0.005,-0.0056,0.0008));
#4125=CARTESIAN_POINT('',(-0.005,-0.00595,0.0008));
#4126=CARTESIAN_POINT('',(-0.0037,-0.00595,0.0008));
#4127=CARTESIAN_POINT('',(-0.002275,-0.00595,0.0008));
#4128=CARTESIAN_POINT('',(-0.0021,-0.00595,0.0008));
#4129=CARTESIAN_POINT('',(-0.001925,-0.00595,0.0008));
#4130=CARTESIAN_POINT('',(0.0016,-0.00595,0.0008));
#4131=CARTESIAN_POINT('',(-0.001175,-0.00595,0.0008));
#4132=CARTESIAN_POINT('',(-0.001,-0.00595,0.0008));
#4133=CARTESIAN_POINT('',(-0.000825,-0.00595,0.0008));
#4134=CARTESIAN_POINT('',(0.0016,-0.00595,0.0008));
#4135=CARTESIAN_POINT('',(0.005,-0.00595,0.0008));
#4136=CARTESIAN_POINT('',(0.005,-0.0056,0.0008));
#4137=CARTESIAN_POINT('',(0.005,-0.005125,0.0008));
#4138=CARTESIAN_POINT('',(0.005,-0.00495,0.0008));
#4139=CARTESIAN_POINT('',(0.,-0.00545,0.0008));
#4140=CARTESIAN_POINT('',(-0.0042,-0.00545,0.0008));
#4141=CARTESIAN_POINT('',(0.0042,-0.00545,0.0008));
#4142=CARTESIAN_POINT('',(-0.0042,-0.00515,0.0008));
#4143=CARTESIAN_POINT('',(-0.0045,-0.00515,0.0008));
#4144=CARTESIAN_POINT('',(-0.0045,-0.00135,0.0008));
#4145=CARTESIAN_POINT('',(-0.0045,0.00245,0.0008));
#4146=CARTESIAN_POINT('',(-0.0042,0.00245,0.0008));
#4147=CARTESIAN_POINT('',(-0.0042,0.00275,0.0008));
#4148=CARTESIAN_POINT('',(-8.67361737988404E-19,0.00275,0.0008));
#4149=CARTESIAN_POINT('',(0.0042,0.00275,0.0008));
#4150=CARTESIAN_POINT('',(0.0042,0.00245,0.0008));
#4151=CARTESIAN_POINT('',(0.0045,0.00245,0.0008));
#4152=CARTESIAN_POINT('',(0.0045,-0.00135,0.0008));
#4153=CARTESIAN_POINT('',(0.0045,-0.00515,0.0008));
#4154=CARTESIAN_POINT('',(0.0042,-0.00515,0.0008));
#4155=CARTESIAN_POINT('',(0.005,0.00065,0.0008));
#4156=CARTESIAN_POINT('',(0.005,-0.003675,0.025));
#4157=CARTESIAN_POINT('',(0.005,-0.003675,9.99999999999959E-6));
#4158=CARTESIAN_POINT('',(0.005,-0.0036125,1.E-5));
#4159=CARTESIAN_POINT('',(0.005,-0.00355,1.E-5));
#4160=CARTESIAN_POINT('',(0.005,-0.00355,1.E-5));
#4161=CARTESIAN_POINT('',(0.005,-0.00355,0.));
#4162=CARTESIAN_POINT('',(0.005,0.00065,0.));
#4163=CARTESIAN_POINT('',(0.005,-0.00305,0.));
#4164=CARTESIAN_POINT('',(0.005,-0.00305,1.E-5));
#4165=CARTESIAN_POINT('',(0.005,-0.00305,1.E-5));
#4166=CARTESIAN_POINT('',(0.005,-0.0029875,1.E-5));
#4167=CARTESIAN_POINT('',(0.005,-0.002925,9.99999999999959E-6));
#4168=CARTESIAN_POINT('',(0.005,-0.002925,0.025));
#4169=CARTESIAN_POINT('',(0.005,0.00065,0.0008));
#4170=CARTESIAN_POINT('',(0.005,-0.002575,0.025));
#4171=CARTESIAN_POINT('',(0.005,-0.002575,9.99999999999959E-6));
#4172=CARTESIAN_POINT('',(0.005,-0.0025125,1.E-5));
#4173=CARTESIAN_POINT('',(0.005,-0.00245,1.E-5));
#4174=CARTESIAN_POINT('',(0.005,-0.00245,1.E-5));
#4175=CARTESIAN_POINT('',(0.005,-0.00245,0.));
#4176=CARTESIAN_POINT('',(0.005,0.00065,0.));
#4177=CARTESIAN_POINT('',(0.005,-0.00195,0.));
#4178=CARTESIAN_POINT('',(0.005,-0.00195,1.E-5));
#4179=CARTESIAN_POINT('',(0.005,-0.00195,1.E-5));
#4180=CARTESIAN_POINT('',(0.005,-0.0018875,1.E-5));
#4181=CARTESIAN_POINT('',(0.005,-0.001825,9.99999999999959E-6));
#4182=CARTESIAN_POINT('',(0.005,-0.001825,0.025));
#4183=CARTESIAN_POINT('',(0.005,0.00065,0.0008));
#4184=CARTESIAN_POINT('',(0.005,-0.001475,0.025));
#4185=CARTESIAN_POINT('',(0.005,-0.001475,9.99999999999959E-6));
#4186=CARTESIAN_POINT('',(0.005,-0.0014125,1.E-5));
#4187=CARTESIAN_POINT('',(0.005,-0.00135,1.E-5));
#4188=CARTESIAN_POINT('',(0.005,-0.00135,1.E-5));
#4189=CARTESIAN_POINT('',(0.005,-0.00135,0.));
#4190=CARTESIAN_POINT('',(0.005,0.00065,0.));
#4191=CARTESIAN_POINT('',(0.005,-0.00085,0.));
#4192=CARTESIAN_POINT('',(0.005,-0.00085,1.E-5));
#4193=CARTESIAN_POINT('',(0.005,-0.00085,1.E-5));
#4194=CARTESIAN_POINT('',(0.005,-0.0007875,1.E-5));
#4195=CARTESIAN_POINT('',(0.005,-0.000725,9.99999999999959E-6));
#4196=CARTESIAN_POINT('',(0.005,-0.000725,0.025));
#4197=CARTESIAN_POINT('',(0.005,0.00065,0.0008));
#4198=CARTESIAN_POINT('',(0.005,-0.000375,0.025));
#4199=CARTESIAN_POINT('',(0.005,-0.000375,9.99999999999959E-6));
#4200=CARTESIAN_POINT('',(0.005,-0.0003125,1.E-5));
#4201=CARTESIAN_POINT('',(0.005,-0.00025,1.E-5));
#4202=CARTESIAN_POINT('',(0.005,-0.00025,1.E-5));
#4203=CARTESIAN_POINT('',(0.005,-0.00025,0.));
#4204=CARTESIAN_POINT('',(0.005,0.00065,0.));
#4205=CARTESIAN_POINT('',(0.005,0.00025,0.));
#4206=CARTESIAN_POINT('',(0.005,0.00025,1.E-5));
#4207=CARTESIAN_POINT('',(0.005,0.00025,1.E-5));
#4208=CARTESIAN_POINT('',(0.005,0.0003125,1.E-5));
#4209=CARTESIAN_POINT('',(0.005,0.000375,9.99999999999959E-6));
#4210=CARTESIAN_POINT('',(0.005,0.000375,0.025));
#4211=CARTESIAN_POINT('',(0.005,0.00065,0.0008));
#4212=CARTESIAN_POINT('',(0.005,0.000725,0.025));
#4213=CARTESIAN_POINT('',(0.005,0.000725,9.99999999999959E-6));
#4214=CARTESIAN_POINT('',(0.005,0.0007875,1.E-5));
#4215=CARTESIAN_POINT('',(0.005,0.00085,1.E-5));
#4216=CARTESIAN_POINT('',(0.005,0.00085,1.E-5));
#4217=CARTESIAN_POINT('',(0.005,0.00085,0.));
#4218=CARTESIAN_POINT('',(0.005,0.00065,0.));
#4219=CARTESIAN_POINT('',(0.005,0.00135,0.));
#4220=CARTESIAN_POINT('',(0.005,0.00135,1.E-5));
#4221=CARTESIAN_POINT('',(0.005,0.00135,1.E-5));
#4222=CARTESIAN_POINT('',(0.005,0.0014125,1.E-5));
#4223=CARTESIAN_POINT('',(0.005,0.001475,9.99999999999959E-6));
#4224=CARTESIAN_POINT('',(0.005,0.001475,0.025));
#4225=CARTESIAN_POINT('',(0.005,0.00065,0.0008));
#4226=CARTESIAN_POINT('',(0.005,0.001825,0.025));
#4227=CARTESIAN_POINT('',(0.005,0.001825,9.99999999999959E-6));
#4228=CARTESIAN_POINT('',(0.005,0.0018875,1.E-5));
#4229=CARTESIAN_POINT('',(0.005,0.00195,1.E-5));
#4230=CARTESIAN_POINT('',(0.005,0.00195,1.E-5));
#4231=CARTESIAN_POINT('',(0.005,0.00195,0.));
#4232=CARTESIAN_POINT('',(0.005,0.00065,0.));
#4233=CARTESIAN_POINT('',(0.005,0.00245,0.));
#4234=CARTESIAN_POINT('',(0.005,0.00245,1.E-5));
#4235=CARTESIAN_POINT('',(0.005,0.00245,1.E-5));
#4236=CARTESIAN_POINT('',(0.005,0.0025125,1.E-5));
#4237=CARTESIAN_POINT('',(0.005,0.002575,9.99999999999959E-6));
#4238=CARTESIAN_POINT('',(0.005,0.002575,0.025));
#4239=CARTESIAN_POINT('',(0.005,0.00065,0.0008));
#4240=CARTESIAN_POINT('',(0.005,0.002925,0.025));
#4241=CARTESIAN_POINT('',(0.005,0.002925,9.99999999999959E-6));
#4242=CARTESIAN_POINT('',(0.005,0.0029875,1.E-5));
#4243=CARTESIAN_POINT('',(0.005,0.00305,1.E-5));
#4244=CARTESIAN_POINT('',(0.005,0.00305,1.E-5));
#4245=CARTESIAN_POINT('',(0.005,0.00305,0.));
#4246=CARTESIAN_POINT('',(0.005,0.00065,0.));
#4247=CARTESIAN_POINT('',(0.005,0.00355,0.));
#4248=CARTESIAN_POINT('',(0.005,0.00355,1.E-5));
#4249=CARTESIAN_POINT('',(0.005,0.00355,1.E-5));
#4250=CARTESIAN_POINT('',(0.005,0.0036125,1.E-5));
#4251=CARTESIAN_POINT('',(0.005,0.003675,9.99999999999959E-6));
#4252=CARTESIAN_POINT('',(0.005,0.003675,0.025));
#4253=CARTESIAN_POINT('',(0.005,0.00065,0.0008));
#4254=CARTESIAN_POINT('',(0.005,0.004025,0.025));
#4255=CARTESIAN_POINT('',(0.005,0.004025,9.99999999999959E-6));
#4256=CARTESIAN_POINT('',(0.005,0.0040875,1.E-5));
#4257=CARTESIAN_POINT('',(0.005,0.00415,1.E-5));
#4258=CARTESIAN_POINT('',(0.005,0.00415,1.E-5));
#4259=CARTESIAN_POINT('',(0.005,0.00415,0.));
#4260=CARTESIAN_POINT('',(0.005,0.00065,0.));
#4261=CARTESIAN_POINT('',(0.005,0.00465,0.));
#4262=CARTESIAN_POINT('',(0.005,0.00465,1.E-5));
#4263=CARTESIAN_POINT('',(0.005,0.00465,1.E-5));
#4264=CARTESIAN_POINT('',(0.005,0.0047125,1.E-5));
#4265=CARTESIAN_POINT('',(0.005,0.004775,9.99999999999959E-6));
#4266=CARTESIAN_POINT('',(0.005,0.004775,0.025));
#4267=CARTESIAN_POINT('',(0.005,0.00065,0.0008));
#4268=CARTESIAN_POINT('',(0.005,0.005125,0.025));
#4269=CARTESIAN_POINT('',(0.005,0.005125,9.99999999999959E-6));
#4270=CARTESIAN_POINT('',(0.005,0.0051875,1.E-5));
#4271=CARTESIAN_POINT('',(0.005,0.00525,1.E-5));
#4272=CARTESIAN_POINT('',(0.005,0.00525,1.E-5));
#4273=CARTESIAN_POINT('',(0.005,0.00525,0.));
#4274=CARTESIAN_POINT('',(0.005,0.00065,0.));
#4275=CARTESIAN_POINT('',(0.005,0.00595,0.));
#4276=CARTESIAN_POINT('',(0.005,0.00595,0.0008));
#4277=CARTESIAN_POINT('',(0.0016,-0.00595,0.0008));
#4278=CARTESIAN_POINT('',(-0.000825,-0.00595,0.025));
#4279=CARTESIAN_POINT('',(-0.000825,-0.00595,9.99999999999959E-6));
#4280=CARTESIAN_POINT('',(-0.0007625,-0.00595,1.E-5));
#4281=CARTESIAN_POINT('',(-0.0007,-0.00595,1.E-5));
#4282=CARTESIAN_POINT('',(-0.0007,-0.00595,1.E-5));
#4283=CARTESIAN_POINT('',(-0.0007,-0.00595,0.));
#4284=CARTESIAN_POINT('',(0.0016,-0.00595,0.));
#4285=CARTESIAN_POINT('',(0.005,-0.00595,0.));
#4286=CARTESIAN_POINT('',(0.005,-0.00595,0.0008));
#4287=CARTESIAN_POINT('',(-0.005,0.00065,0.0008));
#4288=CARTESIAN_POINT('',(-0.005,0.002925,0.025));
#4289=CARTESIAN_POINT('',(-0.005,0.002925,9.99999999999959E-6));
#4290=CARTESIAN_POINT('',(-0.005,0.00595,0.0008));
#4291=CARTESIAN_POINT('',(-0.005,0.00595,0.));
#4292=CARTESIAN_POINT('',(-0.005,0.00065,0.));
#4293=CARTESIAN_POINT('',(-0.005,0.00305,0.));
#4294=CARTESIAN_POINT('',(-0.005,0.00305,1.E-5));
#4295=CARTESIAN_POINT('',(-0.005,0.00305,1.E-5));
#4296=CARTESIAN_POINT('',(-0.005,0.0029875,1.E-5));
#4297=CARTESIAN_POINT('',(-0.005,0.00065,0.0008));
#4298=CARTESIAN_POINT('',(-0.005,0.002575,0.025));
#4299=CARTESIAN_POINT('',(-0.005,0.002575,9.99999999999959E-6));
#4300=CARTESIAN_POINT('',(-0.005,0.0025125,1.E-5));
#4301=CARTESIAN_POINT('',(-0.005,0.00245,1.E-5));
#4302=CARTESIAN_POINT('',(-0.005,0.00245,1.E-5));
#4303=CARTESIAN_POINT('',(-0.005,0.00245,0.));
#4304=CARTESIAN_POINT('',(-0.005,0.00065,0.));
#4305=CARTESIAN_POINT('',(-0.005,0.00195,0.));
#4306=CARTESIAN_POINT('',(-0.005,0.00195,1.E-5));
#4307=CARTESIAN_POINT('',(-0.005,0.00195,1.E-5));
#4308=CARTESIAN_POINT('',(-0.005,0.0018875,1.E-5));
#4309=CARTESIAN_POINT('',(-0.005,0.001825,9.99999999999959E-6));
#4310=CARTESIAN_POINT('',(-0.005,0.001825,0.025));
#4311=CARTESIAN_POINT('',(-0.005,0.00065,0.0008));
#4312=CARTESIAN_POINT('',(-0.005,0.001475,0.025));
#4313=CARTESIAN_POINT('',(-0.005,0.001475,9.99999999999959E-6));
#4314=CARTESIAN_POINT('',(-0.005,0.0014125,1.E-5));
#4315=CARTESIAN_POINT('',(-0.005,0.00135,1.E-5));
#4316=CARTESIAN_POINT('',(-0.005,0.00135,1.E-5));
#4317=CARTESIAN_POINT('',(-0.005,0.00135,0.));
#4318=CARTESIAN_POINT('',(-0.005,0.00065,0.));
#4319=CARTESIAN_POINT('',(-0.005,0.00085,0.));
#4320=CARTESIAN_POINT('',(-0.005,0.00085,1.E-5));
#4321=CARTESIAN_POINT('',(-0.005,0.00085,1.E-5));
#4322=CARTESIAN_POINT('',(-0.005,0.0007875,1.E-5));
#4323=CARTESIAN_POINT('',(-0.005,0.000725,9.99999999999959E-6));
#4324=CARTESIAN_POINT('',(-0.005,0.000725,0.025));
#4325=CARTESIAN_POINT('',(-0.005,0.00065,0.0008));
#4326=CARTESIAN_POINT('',(-0.005,0.000375,0.025));
#4327=CARTESIAN_POINT('',(-0.005,0.000375,9.99999999999959E-6));
#4328=CARTESIAN_POINT('',(-0.005,0.0003125,1.E-5));
#4329=CARTESIAN_POINT('',(-0.005,0.00025,1.E-5));
#4330=CARTESIAN_POINT('',(-0.005,0.00025,1.E-5));
#4331=CARTESIAN_POINT('',(-0.005,0.00025,0.));
#4332=CARTESIAN_POINT('',(-0.005,0.00065,0.));
#4333=CARTESIAN_POINT('',(-0.005,-0.00025,0.));
#4334=CARTESIAN_POINT('',(-0.005,-0.00025,1.E-5));
#4335=CARTESIAN_POINT('',(-0.005,-0.00025,1.E-5));
#4336=CARTESIAN_POINT('',(-0.005,-0.0003125,1.E-5));
#4337=CARTESIAN_POINT('',(-0.005,-0.000375,9.99999999999959E-6));
#4338=CARTESIAN_POINT('',(-0.005,-0.000375,0.025));
#4339=CARTESIAN_POINT('',(-0.005,0.00065,0.0008));
#4340=CARTESIAN_POINT('',(-0.005,-0.000725,0.025));
#4341=CARTESIAN_POINT('',(-0.005,-0.000725,9.99999999999959E-6));
#4342=CARTESIAN_POINT('',(-0.005,-0.0007875,1.E-5));
#4343=CARTESIAN_POINT('',(-0.005,-0.00085,1.E-5));
#4344=CARTESIAN_POINT('',(-0.005,-0.00085,1.E-5));
#4345=CARTESIAN_POINT('',(-0.005,-0.00085,0.));
#4346=CARTESIAN_POINT('',(-0.005,0.00065,0.));
#4347=CARTESIAN_POINT('',(-0.005,-0.00135,0.));
#4348=CARTESIAN_POINT('',(-0.005,-0.00135,1.E-5));
#4349=CARTESIAN_POINT('',(-0.005,-0.00135,1.E-5));
#4350=CARTESIAN_POINT('',(-0.005,-0.0014125,1.E-5));
#4351=CARTESIAN_POINT('',(-0.005,-0.001475,9.99999999999959E-6));
#4352=CARTESIAN_POINT('',(-0.005,-0.001475,0.025));
#4353=CARTESIAN_POINT('',(-0.005,0.00065,0.0008));
#4354=CARTESIAN_POINT('',(-0.005,-0.001825,0.025));
#4355=CARTESIAN_POINT('',(-0.005,-0.001825,9.99999999999959E-6));
#4356=CARTESIAN_POINT('',(-0.005,-0.0018875,1.E-5));
#4357=CARTESIAN_POINT('',(-0.005,-0.00195,1.E-5));
#4358=CARTESIAN_POINT('',(-0.005,-0.00195,1.E-5));
#4359=CARTESIAN_POINT('',(-0.005,-0.00195,0.));
#4360=CARTESIAN_POINT('',(-0.005,0.00065,0.));
#4361=CARTESIAN_POINT('',(-0.005,-0.00245,0.));
#4362=CARTESIAN_POINT('',(-0.005,-0.00245,1.E-5));
#4363=CARTESIAN_POINT('',(-0.005,-0.00245,1.E-5));
#4364=CARTESIAN_POINT('',(-0.005,-0.0025125,1.E-5));
#4365=CARTESIAN_POINT('',(-0.005,-0.002575,9.99999999999959E-6));
#4366=CARTESIAN_POINT('',(-0.005,-0.002575,0.025));
#4367=CARTESIAN_POINT('',(-0.005,0.00065,0.0008));
#4368=CARTESIAN_POINT('',(-0.005,-0.002925,0.025));
#4369=CARTESIAN_POINT('',(-0.005,-0.002925,9.99999999999959E-6));
#4370=CARTESIAN_POINT('',(-0.005,-0.0029875,1.E-5));
#4371=CARTESIAN_POINT('',(-0.005,-0.00305,1.E-5));
#4372=CARTESIAN_POINT('',(-0.005,-0.00305,1.E-5));
#4373=CARTESIAN_POINT('',(-0.005,-0.00305,0.));
#4374=CARTESIAN_POINT('',(-0.005,0.00065,0.));
#4375=CARTESIAN_POINT('',(-0.005,-0.00355,0.));
#4376=CARTESIAN_POINT('',(-0.005,-0.00355,1.E-5));
#4377=CARTESIAN_POINT('',(-0.005,-0.00355,1.E-5));
#4378=CARTESIAN_POINT('',(-0.005,-0.0036125,1.E-5));
#4379=CARTESIAN_POINT('',(-0.005,-0.003675,9.99999999999959E-6));
#4380=CARTESIAN_POINT('',(-0.005,-0.003675,0.025));
#4381=CARTESIAN_POINT('',(0.,-8.75E-5,0.));
#4382=CARTESIAN_POINT('',(0.00455,0.00465,0.));
#4383=CARTESIAN_POINT('',(0.0041,0.00465,0.));
#4384=CARTESIAN_POINT('',(0.00455,0.00415,0.));
#4385=CARTESIAN_POINT('',(0.0041,0.00415,0.));
#4386=CARTESIAN_POINT('',(0.0041,0.00385,0.));
#4387=CARTESIAN_POINT('',(0.0041,0.00355,0.));
#4388=CARTESIAN_POINT('',(0.00455,0.00355,0.));
#4389=CARTESIAN_POINT('',(0.00455,0.00305,0.));
#4390=CARTESIAN_POINT('',(0.0041,0.00305,0.));
#4391=CARTESIAN_POINT('',(0.0041,0.00275,0.));
#4392=CARTESIAN_POINT('',(0.0041,0.00245,0.));
#4393=CARTESIAN_POINT('',(0.00455,0.00245,0.));
#4394=CARTESIAN_POINT('',(0.00455,0.00195,0.));
#4395=CARTESIAN_POINT('',(0.0041,0.00195,0.));
#4396=CARTESIAN_POINT('',(0.0041,0.00165,0.));
#4397=CARTESIAN_POINT('',(0.0041,0.00135,0.));
#4398=CARTESIAN_POINT('',(0.00455,0.00135,0.));
#4399=CARTESIAN_POINT('',(0.00455,0.00085,0.));
#4400=CARTESIAN_POINT('',(0.0041,0.00085,0.));
#4401=CARTESIAN_POINT('',(0.0041,0.00055,0.));
#4402=CARTESIAN_POINT('',(0.0041,0.00025,0.));
#4403=CARTESIAN_POINT('',(0.00455,0.00025,0.));
#4404=CARTESIAN_POINT('',(0.00455,-0.00025,0.));
#4405=CARTESIAN_POINT('',(0.0041,-0.00025,0.));
#4406=CARTESIAN_POINT('',(0.0041,-0.00055,0.));
#4407=CARTESIAN_POINT('',(0.0041,-0.00085,0.));
#4408=CARTESIAN_POINT('',(0.00455,-0.00085,0.));
#4409=CARTESIAN_POINT('',(0.00455,-0.00135,0.));
#4410=CARTESIAN_POINT('',(0.0041,-0.00135,0.));
#4411=CARTESIAN_POINT('',(0.0041,-0.00165,0.));
#4412=CARTESIAN_POINT('',(0.0041,-0.00195,0.));
#4413=CARTESIAN_POINT('',(0.00455,-0.00195,0.));
#4414=CARTESIAN_POINT('',(0.00455,-0.00245,0.));
#4415=CARTESIAN_POINT('',(0.0041,-0.00245,0.));
#4416=CARTESIAN_POINT('',(0.0041,-0.00275,0.));
#4417=CARTESIAN_POINT('',(0.0041,-0.00305,0.));
#4418=CARTESIAN_POINT('',(0.00455,-0.00305,0.));
#4419=CARTESIAN_POINT('',(0.00455,-0.00355,0.));
#4420=CARTESIAN_POINT('',(0.0041,-0.00355,0.));
#4421=CARTESIAN_POINT('',(0.0041,-0.00385,0.));
#4422=CARTESIAN_POINT('',(0.0041,-0.00415,0.));
#4423=CARTESIAN_POINT('',(0.00455,-0.00415,0.));
#4424=CARTESIAN_POINT('',(0.005,-0.00415,0.));
#4425=CARTESIAN_POINT('',(0.005,0.00065,0.));
#4426=CARTESIAN_POINT('',(0.005,-0.00465,0.));
#4427=CARTESIAN_POINT('',(0.00455,-0.00465,0.));
#4428=CARTESIAN_POINT('',(0.0041,-0.00465,0.));
#4429=CARTESIAN_POINT('',(0.0041,-0.00495,0.));
#4430=CARTESIAN_POINT('',(0.0041,-0.00525,0.));
#4431=CARTESIAN_POINT('',(0.00455,-0.00525,0.));
#4432=CARTESIAN_POINT('',(0.005,-0.00525,0.));
#4433=CARTESIAN_POINT('',(0.005,-0.0056,0.));
#4434=CARTESIAN_POINT('',(-0.0007,-0.0055,0.));
#4435=CARTESIAN_POINT('',(-0.0007,-0.00505,0.));
#4436=CARTESIAN_POINT('',(-0.001,-0.00505,0.));
#4437=CARTESIAN_POINT('',(-0.0013,-0.00505,0.));
#4438=CARTESIAN_POINT('',(-0.0013,-0.0055,0.));
#4439=CARTESIAN_POINT('',(-0.0013,-0.00595,0.));
#4440=CARTESIAN_POINT('',(0.0016,-0.00595,0.));
#4441=CARTESIAN_POINT('',(-0.0018,-0.00595,0.));
#4442=CARTESIAN_POINT('',(-0.0018,-0.0055,0.));
#4443=CARTESIAN_POINT('',(-0.0018,-0.00505,0.));
#4444=CARTESIAN_POINT('',(-0.0021,-0.00505,0.));
#4445=CARTESIAN_POINT('',(-0.0024,-0.00505,0.));
#4446=CARTESIAN_POINT('',(-0.0024,-0.0055,0.));
#4447=CARTESIAN_POINT('',(-0.0024,-0.00595,0.));
#4448=CARTESIAN_POINT('',(-0.0037,-0.00595,0.));
#4449=CARTESIAN_POINT('',(-0.005,-0.00595,0.));
#4450=CARTESIAN_POINT('',(-0.005,-0.0056,0.));
#4451=CARTESIAN_POINT('',(-0.005,-0.00525,0.));
#4452=CARTESIAN_POINT('',(-0.00455,-0.00525,0.));
#4453=CARTESIAN_POINT('',(-0.0041,-0.00525,0.));
#4454=CARTESIAN_POINT('',(-0.0041,-0.00495,0.));
#4455=CARTESIAN_POINT('',(-0.0041,-0.00465,0.));
#4456=CARTESIAN_POINT('',(-0.00455,-0.00465,0.));
#4457=CARTESIAN_POINT('',(-0.005,-0.00465,0.));
#4458=CARTESIAN_POINT('',(-0.005,0.00065,0.));
#4459=CARTESIAN_POINT('',(-0.005,-0.00415,0.));
#4460=CARTESIAN_POINT('',(-0.00455,-0.00415,0.));
#4461=CARTESIAN_POINT('',(-0.0041,-0.00415,0.));
#4462=CARTESIAN_POINT('',(-0.0041,-0.00385,0.));
#4463=CARTESIAN_POINT('',(-0.0041,-0.00355,0.));
#4464=CARTESIAN_POINT('',(-0.00455,-0.00355,0.));
#4465=CARTESIAN_POINT('',(-0.00455,-0.00305,0.));
#4466=CARTESIAN_POINT('',(-0.0041,-0.00305,0.));
#4467=CARTESIAN_POINT('',(-0.0041,-0.00275,0.));
#4468=CARTESIAN_POINT('',(-0.0041,-0.00245,0.));
#4469=CARTESIAN_POINT('',(-0.00455,-0.00245,0.));
#4470=CARTESIAN_POINT('',(-0.00455,-0.00195,0.));
#4471=CARTESIAN_POINT('',(-0.0041,-0.00195,0.));
#4472=CARTESIAN_POINT('',(-0.0041,-0.00165,0.));
#4473=CARTESIAN_POINT('',(-0.0041,-0.00135,0.));
#4474=CARTESIAN_POINT('',(-0.00455,-0.00135,0.));
#4475=CARTESIAN_POINT('',(-0.00455,-0.00085,0.));
#4476=CARTESIAN_POINT('',(-0.0041,-0.00085,0.));
#4477=CARTESIAN_POINT('',(-0.0041,-0.00055,0.));
#4478=CARTESIAN_POINT('',(-0.0041,-0.00025,0.));
#4479=CARTESIAN_POINT('',(-0.00455,-0.00025,0.));
#4480=CARTESIAN_POINT('',(-0.00455,0.00025,0.));
#4481=CARTESIAN_POINT('',(-0.0041,0.00025,0.));
#4482=CARTESIAN_POINT('',(-0.0041,0.00055,0.));
#4483=CARTESIAN_POINT('',(-0.0041,0.00085,0.));
#4484=CARTESIAN_POINT('',(-0.00455,0.00085,0.));
#4485=CARTESIAN_POINT('',(-0.00455,0.00135,0.));
#4486=CARTESIAN_POINT('',(-0.0041,0.00135,0.));
#4487=CARTESIAN_POINT('',(-0.0041,0.00165,0.));
#4488=CARTESIAN_POINT('',(-0.0041,0.00195,0.));
#4489=CARTESIAN_POINT('',(-0.00455,0.00195,0.));
#4490=CARTESIAN_POINT('',(-0.00455,0.00245,0.));
#4491=CARTESIAN_POINT('',(-0.0041,0.00245,0.));
#4492=CARTESIAN_POINT('',(-0.0041,0.00275,0.));
#4493=CARTESIAN_POINT('',(-0.0041,0.00305,0.));
#4494=CARTESIAN_POINT('',(-0.00455,0.00305,0.));
#4495=CARTESIAN_POINT('',(-8.67361737988404E-19,0.00595,0.));
#4496=CARTESIAN_POINT('',(0.00455,0.00525,0.));
#4497=CARTESIAN_POINT('',(0.0041,0.00525,0.));
#4498=CARTESIAN_POINT('',(0.0041,0.00495,0.));
#4499=CARTESIAN_POINT('',(0.005,0.00065,0.0008));
#4500=CARTESIAN_POINT('',(0.005,-0.004025,0.025));
#4501=CARTESIAN_POINT('',(0.005,-0.004025,9.99999999999959E-6));
#4502=CARTESIAN_POINT('',(0.005,-0.004775,0.0008));
#4503=CARTESIAN_POINT('',(0.005,-0.004775,1.E-5));
#4504=CARTESIAN_POINT('',(0.005,-0.0047125,1.E-5));
#4505=CARTESIAN_POINT('',(0.005,-0.00465,1.E-5));
#4506=CARTESIAN_POINT('',(0.005,-0.00465,1.E-5));
#4507=CARTESIAN_POINT('',(0.005,-0.00415,1.E-5));
#4508=CARTESIAN_POINT('',(0.005,-0.00415,1.E-5));
#4509=CARTESIAN_POINT('',(0.005,-0.0040875,1.E-5));
#4510=CARTESIAN_POINT('',(0.0016,-0.00595,0.0008));
#4511=CARTESIAN_POINT('',(-0.001175,-0.00595,0.025));
#4512=CARTESIAN_POINT('',(-0.001175,-0.00595,9.99999999999959E-6));
#4513=CARTESIAN_POINT('',(-0.001925,-0.00595,0.0008));
#4514=CARTESIAN_POINT('',(-0.001925,-0.00595,1.E-5));
#4515=CARTESIAN_POINT('',(-0.0018625,-0.00595,1.E-5));
#4516=CARTESIAN_POINT('',(-0.0018,-0.00595,1.E-5));
#4517=CARTESIAN_POINT('',(-0.0018,-0.00595,1.E-5));
#4518=CARTESIAN_POINT('',(-0.0013,-0.00595,1.E-5));
#4519=CARTESIAN_POINT('',(-0.0013,-0.00595,1.E-5));
#4520=CARTESIAN_POINT('',(-0.0012375,-0.00595,1.E-5));
#4521=CARTESIAN_POINT('',(-0.005,0.00065,0.0008));
#4522=CARTESIAN_POINT('',(-0.005,-0.004025,0.025));
#4523=CARTESIAN_POINT('',(-0.005,-0.004025,9.99999999999959E-6));
#4524=CARTESIAN_POINT('',(-0.005,-0.0040875,1.E-5));
#4525=CARTESIAN_POINT('',(-0.005,-0.00415,1.E-5));
#4526=CARTESIAN_POINT('',(-0.005,-0.00415,1.E-5));
#4527=CARTESIAN_POINT('',(-0.005,-0.00465,1.E-5));
#4528=CARTESIAN_POINT('',(-0.005,-0.00465,1.E-5));
#4529=CARTESIAN_POINT('',(-0.005,-0.0047125,1.E-5));
#4530=CARTESIAN_POINT('',(-0.005,-0.004775,1.E-5));
#4531=CARTESIAN_POINT('',(-0.005,-0.004775,0.0008));
#4532=CARTESIAN_POINT('',(-0.005,-0.00495,0.0008));
#4533=CARTESIAN_POINT('',(-0.005,-0.00495,1.E-5));
#4534=CARTESIAN_POINT('',(-0.005,-0.005125,1.E-5));
#4535=CARTESIAN_POINT('',(-0.005,-0.005125,0.0008));
#4536=CARTESIAN_POINT('',(-0.005,-0.0056,0.0008));
#4537=CARTESIAN_POINT('',(-0.005,-0.0051875,1.E-5));
#4538=CARTESIAN_POINT('',(-0.005,-0.00525,1.E-5));
#4539=CARTESIAN_POINT('',(-0.005,-0.00525,1.E-5));
#4540=CARTESIAN_POINT('',(-0.005,-0.00595,0.0008));
#4541=CARTESIAN_POINT('',(-0.0037,-0.00595,0.0008));
#4542=CARTESIAN_POINT('',(-0.0023375,-0.00595,1.E-5));
#4543=CARTESIAN_POINT('',(-0.002275,-0.00595,1.E-5));
#4544=CARTESIAN_POINT('',(-0.0024,-0.00595,1.E-5));
#4545=CARTESIAN_POINT('',(-0.002275,-0.00595,0.0008));
#4546=CARTESIAN_POINT('',(-0.0024,-0.00595,1.E-5));
#4547=CARTESIAN_POINT('',(-0.0021,-0.00595,0.0008));
#4548=CARTESIAN_POINT('',(-0.0021,-0.00595,1.E-5));
#4549=CARTESIAN_POINT('',(0.005,-0.0056,0.0008));
#4550=CARTESIAN_POINT('',(0.005,-0.0051875,1.E-5));
#4551=CARTESIAN_POINT('',(0.005,-0.005125,1.E-5));
#4552=CARTESIAN_POINT('',(0.005,-0.00525,1.E-5));
#4553=CARTESIAN_POINT('',(0.005,-0.005125,0.0008));
#4554=CARTESIAN_POINT('',(0.005,-0.00525,1.E-5));
#4555=CARTESIAN_POINT('',(0.005,-0.00495,0.0008));
#4556=CARTESIAN_POINT('',(0.005,-0.00495,1.E-5));
#4557=CARTESIAN_POINT('',(-8.67361737988404E-19,0.00595,0.0008));
#4558=CARTESIAN_POINT('',(-0.00455,-0.00525,1.E-5));
#4559=CARTESIAN_POINT('',(-0.00455,-0.00525,1.E-5));
#4560=CARTESIAN_POINT('',(-0.0041,-0.00525,1.E-5));
#4561=CARTESIAN_POINT('',(-0.0041,-0.00525,1.E-5));
#4562=CARTESIAN_POINT('',(-0.0041,-0.00495,1.E-5));
#4563=CARTESIAN_POINT('',(-0.0041,-0.00495,1.E-5));
#4564=CARTESIAN_POINT('',(-0.0041,-0.00465,1.E-5));
#4565=CARTESIAN_POINT('',(-0.0041,-0.00465,1.E-5));
#4566=CARTESIAN_POINT('',(-0.00455,-0.00465,1.E-5));
#4567=CARTESIAN_POINT('',(-0.00455,-0.00465,1.E-5));
#4568=CARTESIAN_POINT('',(0.,-8.75E-5,1.E-5));
#4569=CARTESIAN_POINT('',(-0.0018,-0.0055,1.E-5));
#4570=CARTESIAN_POINT('',(-0.0018,-0.0055,1.E-5));
#4571=CARTESIAN_POINT('',(-0.0018,-0.00505,1.E-5));
#4572=CARTESIAN_POINT('',(-0.0018,-0.00505,1.E-5));
#4573=CARTESIAN_POINT('',(-0.0021,-0.00505,1.E-5));
#4574=CARTESIAN_POINT('',(-0.0021,-0.00505,1.E-5));
#4575=CARTESIAN_POINT('',(-0.0024,-0.00505,1.E-5));
#4576=CARTESIAN_POINT('',(-0.0024,-0.00505,1.E-5));
#4577=CARTESIAN_POINT('',(-0.0024,-0.0055,1.E-5));
#4578=CARTESIAN_POINT('',(-0.0024,-0.0055,1.E-5));
#4579=CARTESIAN_POINT('',(0.,-8.75E-5,1.E-5));
#4580=CARTESIAN_POINT('',(0.00455,-0.00465,1.E-5));
#4581=CARTESIAN_POINT('',(0.00455,-0.00465,1.E-5));
#4582=CARTESIAN_POINT('',(0.0041,-0.00465,1.E-5));
#4583=CARTESIAN_POINT('',(0.0041,-0.00465,1.E-5));
#4584=CARTESIAN_POINT('',(0.0041,-0.00495,1.E-5));
#4585=CARTESIAN_POINT('',(0.0041,-0.00495,1.E-5));
#4586=CARTESIAN_POINT('',(0.0041,-0.00525,1.E-5));
#4587=CARTESIAN_POINT('',(0.0041,-0.00525,1.E-5));
#4588=CARTESIAN_POINT('',(0.00455,-0.00525,1.E-5));
#4589=CARTESIAN_POINT('',(0.00455,-0.00525,1.E-5));
#4590=CARTESIAN_POINT('',(0.,-8.75E-5,1.E-5));
#4591=CARTESIAN_POINT('',(-0.00455,-0.00415,1.E-5));
#4592=CARTESIAN_POINT('',(-0.00455,-0.00415,1.E-5));
#4593=CARTESIAN_POINT('',(-0.0041,-0.00415,1.E-5));
#4594=CARTESIAN_POINT('',(-0.0041,-0.00415,1.E-5));
#4595=CARTESIAN_POINT('',(-0.0041,-0.00385,1.E-5));
#4596=CARTESIAN_POINT('',(-0.0041,-0.00385,1.E-5));
#4597=CARTESIAN_POINT('',(-0.0041,-0.00355,1.E-5));
#4598=CARTESIAN_POINT('',(-0.0041,-0.00355,1.E-5));
#4599=CARTESIAN_POINT('',(-0.00455,-0.00355,1.E-5));
#4600=CARTESIAN_POINT('',(-0.00455,-0.00355,1.E-5));
#4601=CARTESIAN_POINT('',(0.,0.0010125,1.E-5));
#4602=CARTESIAN_POINT('',(-0.005,-0.00385,1.E-5));
#4603=CARTESIAN_POINT('',(-0.00455,-0.00305,1.E-5));
#4604=CARTESIAN_POINT('',(-0.00455,-0.00305,1.E-5));
#4605=CARTESIAN_POINT('',(-0.0041,-0.00305,1.E-5));
#4606=CARTESIAN_POINT('',(-0.0041,-0.00305,1.E-5));
#4607=CARTESIAN_POINT('',(-0.0041,-0.00275,1.E-5));
#4608=CARTESIAN_POINT('',(-0.0041,-0.00275,1.E-5));
#4609=CARTESIAN_POINT('',(-0.0041,-0.00245,1.E-5));
#4610=CARTESIAN_POINT('',(-0.0041,-0.00245,1.E-5));
#4611=CARTESIAN_POINT('',(-0.00455,-0.00245,1.E-5));
#4612=CARTESIAN_POINT('',(-0.00455,-0.00245,1.E-5));
#4613=CARTESIAN_POINT('',(0.,0.0021125,1.E-5));
#4614=CARTESIAN_POINT('',(-0.005,-0.00275,1.E-5));
#4615=CARTESIAN_POINT('',(-0.00455,-0.00195,1.E-5));
#4616=CARTESIAN_POINT('',(-0.00455,-0.00195,1.E-5));
#4617=CARTESIAN_POINT('',(-0.0041,-0.00195,1.E-5));
#4618=CARTESIAN_POINT('',(-0.0041,-0.00195,1.E-5));
#4619=CARTESIAN_POINT('',(-0.0041,-0.00165,1.E-5));
#4620=CARTESIAN_POINT('',(-0.0041,-0.00165,1.E-5));
#4621=CARTESIAN_POINT('',(-0.0041,-0.00135,1.E-5));
#4622=CARTESIAN_POINT('',(-0.0041,-0.00135,1.E-5));
#4623=CARTESIAN_POINT('',(-0.00455,-0.00135,1.E-5));
#4624=CARTESIAN_POINT('',(-0.00455,-0.00135,1.E-5));
#4625=CARTESIAN_POINT('',(0.,0.0032125,1.E-5));
#4626=CARTESIAN_POINT('',(-0.005,-0.00165,1.E-5));
#4627=CARTESIAN_POINT('',(-0.00455,-0.00085,1.E-5));
#4628=CARTESIAN_POINT('',(-0.00455,-0.00085,1.E-5));
#4629=CARTESIAN_POINT('',(-0.0041,-0.00085,1.E-5));
#4630=CARTESIAN_POINT('',(-0.0041,-0.00085,1.E-5));
#4631=CARTESIAN_POINT('',(-0.0041,-0.00055,1.E-5));
#4632=CARTESIAN_POINT('',(-0.0041,-0.00055,1.E-5));
#4633=CARTESIAN_POINT('',(-0.0041,-0.00025,1.E-5));
#4634=CARTESIAN_POINT('',(-0.0041,-0.00025,1.E-5));
#4635=CARTESIAN_POINT('',(-0.00455,-0.00025,1.E-5));
#4636=CARTESIAN_POINT('',(-0.00455,-0.00025,1.E-5));
#4637=CARTESIAN_POINT('',(0.,0.0043125,1.E-5));
#4638=CARTESIAN_POINT('',(-0.005,-0.00055,1.E-5));
#4639=CARTESIAN_POINT('',(-0.00455,0.00025,1.E-5));
#4640=CARTESIAN_POINT('',(-0.00455,0.00025,1.E-5));
#4641=CARTESIAN_POINT('',(-0.0041,0.00025,1.E-5));
#4642=CARTESIAN_POINT('',(-0.0041,0.00025,1.E-5));
#4643=CARTESIAN_POINT('',(-0.0041,0.00055,1.E-5));
#4644=CARTESIAN_POINT('',(-0.0041,0.00055,1.E-5));
#4645=CARTESIAN_POINT('',(-0.0041,0.00085,1.E-5));
#4646=CARTESIAN_POINT('',(-0.0041,0.00085,1.E-5));
#4647=CARTESIAN_POINT('',(-0.00455,0.00085,1.E-5));
#4648=CARTESIAN_POINT('',(-0.00455,0.00085,1.E-5));
#4649=CARTESIAN_POINT('',(0.,0.0054125,1.E-5));
#4650=CARTESIAN_POINT('',(-0.005,0.00055,1.E-5));
#4651=CARTESIAN_POINT('',(-0.00455,0.00135,1.E-5));
#4652=CARTESIAN_POINT('',(-0.00455,0.00135,1.E-5));
#4653=CARTESIAN_POINT('',(-0.0041,0.00135,1.E-5));
#4654=CARTESIAN_POINT('',(-0.0041,0.00135,1.E-5));
#4655=CARTESIAN_POINT('',(-0.0041,0.00165,1.E-5));
#4656=CARTESIAN_POINT('',(-0.0041,0.00165,1.E-5));
#4657=CARTESIAN_POINT('',(-0.0041,0.00195,1.E-5));
#4658=CARTESIAN_POINT('',(-0.0041,0.00195,1.E-5));
#4659=CARTESIAN_POINT('',(-0.00455,0.00195,1.E-5));
#4660=CARTESIAN_POINT('',(-0.00455,0.00195,1.E-5));
#4661=CARTESIAN_POINT('',(0.,0.0065125,1.E-5));
#4662=CARTESIAN_POINT('',(-0.005,0.00165,1.E-5));
#4663=CARTESIAN_POINT('',(-0.00455,0.00245,1.E-5));
#4664=CARTESIAN_POINT('',(-0.00455,0.00245,1.E-5));
#4665=CARTESIAN_POINT('',(-0.0041,0.00245,1.E-5));
#4666=CARTESIAN_POINT('',(-0.0041,0.00245,1.E-5));
#4667=CARTESIAN_POINT('',(-0.0041,0.00275,1.E-5));
#4668=CARTESIAN_POINT('',(-0.0041,0.00275,1.E-5));
#4669=CARTESIAN_POINT('',(-0.0041,0.00305,1.E-5));
#4670=CARTESIAN_POINT('',(-0.0041,0.00305,1.E-5));
#4671=CARTESIAN_POINT('',(-0.00455,0.00305,1.E-5));
#4672=CARTESIAN_POINT('',(-0.00455,0.00305,1.E-5));
#4673=CARTESIAN_POINT('',(0.,0.0076125,1.E-5));
#4674=CARTESIAN_POINT('',(-0.005,0.00275,1.E-5));
#4675=CARTESIAN_POINT('',(-0.0007,-0.0055,1.E-5));
#4676=CARTESIAN_POINT('',(-0.0007,-0.0055,1.E-5));
#4677=CARTESIAN_POINT('',(-0.0007,-0.00505,1.E-5));
#4678=CARTESIAN_POINT('',(-0.0007,-0.00505,1.E-5));
#4679=CARTESIAN_POINT('',(-0.001,-0.00505,1.E-5));
#4680=CARTESIAN_POINT('',(-0.001,-0.00505,1.E-5));
#4681=CARTESIAN_POINT('',(-0.0013,-0.00505,1.E-5));
#4682=CARTESIAN_POINT('',(-0.0013,-0.00505,1.E-5));
#4683=CARTESIAN_POINT('',(-0.0013,-0.0055,1.E-5));
#4684=CARTESIAN_POINT('',(-0.0013,-0.0055,1.E-5));
#4685=CARTESIAN_POINT('',(0.0011,-8.75E-5,1.E-5));
#4686=CARTESIAN_POINT('',(-0.001,-0.00595,1.E-5));
#4687=CARTESIAN_POINT('',(0.00455,-0.00355,1.E-5));
#4688=CARTESIAN_POINT('',(0.00455,-0.00355,1.E-5));
#4689=CARTESIAN_POINT('',(0.0041,-0.00355,1.E-5));
#4690=CARTESIAN_POINT('',(0.0041,-0.00355,1.E-5));
#4691=CARTESIAN_POINT('',(0.0041,-0.00385,1.E-5));
#4692=CARTESIAN_POINT('',(0.0041,-0.00385,1.E-5));
#4693=CARTESIAN_POINT('',(0.0041,-0.00415,1.E-5));
#4694=CARTESIAN_POINT('',(0.0041,-0.00415,1.E-5));
#4695=CARTESIAN_POINT('',(0.00455,-0.00415,1.E-5));
#4696=CARTESIAN_POINT('',(0.00455,-0.00415,1.E-5));
#4697=CARTESIAN_POINT('',(0.,0.0010125,1.E-5));
#4698=CARTESIAN_POINT('',(0.005,-0.00385,1.E-5));
#4699=CARTESIAN_POINT('',(0.00455,-0.00245,1.E-5));
#4700=CARTESIAN_POINT('',(0.00455,-0.00245,1.E-5));
#4701=CARTESIAN_POINT('',(0.0041,-0.00245,1.E-5));
#4702=CARTESIAN_POINT('',(0.0041,-0.00245,1.E-5));
#4703=CARTESIAN_POINT('',(0.0041,-0.00275,1.E-5));
#4704=CARTESIAN_POINT('',(0.0041,-0.00275,1.E-5));
#4705=CARTESIAN_POINT('',(0.0041,-0.00305,1.E-5));
#4706=CARTESIAN_POINT('',(0.0041,-0.00305,1.E-5));
#4707=CARTESIAN_POINT('',(0.00455,-0.00305,1.E-5));
#4708=CARTESIAN_POINT('',(0.00455,-0.00305,1.E-5));
#4709=CARTESIAN_POINT('',(0.,0.0021125,1.E-5));
#4710=CARTESIAN_POINT('',(0.005,-0.00275,1.E-5));
#4711=CARTESIAN_POINT('',(0.00455,-0.00135,1.E-5));
#4712=CARTESIAN_POINT('',(0.00455,-0.00135,1.E-5));
#4713=CARTESIAN_POINT('',(0.0041,-0.00135,1.E-5));
#4714=CARTESIAN_POINT('',(0.0041,-0.00135,1.E-5));
#4715=CARTESIAN_POINT('',(0.0041,-0.00165,1.E-5));
#4716=CARTESIAN_POINT('',(0.0041,-0.00165,1.E-5));
#4717=CARTESIAN_POINT('',(0.0041,-0.00195,1.E-5));
#4718=CARTESIAN_POINT('',(0.0041,-0.00195,1.E-5));
#4719=CARTESIAN_POINT('',(0.00455,-0.00195,1.E-5));
#4720=CARTESIAN_POINT('',(0.00455,-0.00195,1.E-5));
#4721=CARTESIAN_POINT('',(0.,0.0032125,1.E-5));
#4722=CARTESIAN_POINT('',(0.005,-0.00165,1.E-5));
#4723=CARTESIAN_POINT('',(0.00455,-0.00025,1.E-5));
#4724=CARTESIAN_POINT('',(0.00455,-0.00025,1.E-5));
#4725=CARTESIAN_POINT('',(0.0041,-0.00025,1.E-5));
#4726=CARTESIAN_POINT('',(0.0041,-0.00025,1.E-5));
#4727=CARTESIAN_POINT('',(0.0041,-0.00055,1.E-5));
#4728=CARTESIAN_POINT('',(0.0041,-0.00055,1.E-5));
#4729=CARTESIAN_POINT('',(0.0041,-0.00085,1.E-5));
#4730=CARTESIAN_POINT('',(0.0041,-0.00085,1.E-5));
#4731=CARTESIAN_POINT('',(0.00455,-0.00085,1.E-5));
#4732=CARTESIAN_POINT('',(0.00455,-0.00085,1.E-5));
#4733=CARTESIAN_POINT('',(0.,0.0043125,1.E-5));
#4734=CARTESIAN_POINT('',(0.005,-0.00055,1.E-5));
#4735=CARTESIAN_POINT('',(0.00455,0.00085,1.E-5));
#4736=CARTESIAN_POINT('',(0.00455,0.00085,1.E-5));
#4737=CARTESIAN_POINT('',(0.0041,0.00085,1.E-5));
#4738=CARTESIAN_POINT('',(0.0041,0.00085,1.E-5));
#4739=CARTESIAN_POINT('',(0.0041,0.00055,1.E-5));
#4740=CARTESIAN_POINT('',(0.0041,0.00055,1.E-5));
#4741=CARTESIAN_POINT('',(0.0041,0.00025,1.E-5));
#4742=CARTESIAN_POINT('',(0.0041,0.00025,1.E-5));
#4743=CARTESIAN_POINT('',(0.00455,0.00025,1.E-5));
#4744=CARTESIAN_POINT('',(0.00455,0.00025,1.E-5));
#4745=CARTESIAN_POINT('',(0.,0.0054125,1.E-5));
#4746=CARTESIAN_POINT('',(0.005,0.00055,1.E-5));
#4747=CARTESIAN_POINT('',(0.00455,0.00195,1.E-5));
#4748=CARTESIAN_POINT('',(0.00455,0.00195,1.E-5));
#4749=CARTESIAN_POINT('',(0.0041,0.00195,1.E-5));
#4750=CARTESIAN_POINT('',(0.0041,0.00195,1.E-5));
#4751=CARTESIAN_POINT('',(0.0041,0.00165,1.E-5));
#4752=CARTESIAN_POINT('',(0.0041,0.00165,1.E-5));
#4753=CARTESIAN_POINT('',(0.0041,0.00135,1.E-5));
#4754=CARTESIAN_POINT('',(0.0041,0.00135,1.E-5));
#4755=CARTESIAN_POINT('',(0.00455,0.00135,1.E-5));
#4756=CARTESIAN_POINT('',(0.00455,0.00135,1.E-5));
#4757=CARTESIAN_POINT('',(0.,0.0065125,1.E-5));
#4758=CARTESIAN_POINT('',(0.005,0.00165,1.E-5));
#4759=CARTESIAN_POINT('',(0.00455,0.00305,1.E-5));
#4760=CARTESIAN_POINT('',(0.00455,0.00305,1.E-5));
#4761=CARTESIAN_POINT('',(0.0041,0.00305,1.E-5));
#4762=CARTESIAN_POINT('',(0.0041,0.00305,1.E-5));
#4763=CARTESIAN_POINT('',(0.0041,0.00275,1.E-5));
#4764=CARTESIAN_POINT('',(0.0041,0.00275,1.E-5));
#4765=CARTESIAN_POINT('',(0.0041,0.00245,1.E-5));
#4766=CARTESIAN_POINT('',(0.0041,0.00245,1.E-5));
#4767=CARTESIAN_POINT('',(0.00455,0.00245,1.E-5));
#4768=CARTESIAN_POINT('',(0.00455,0.00245,1.E-5));
#4769=CARTESIAN_POINT('',(0.,0.0076125,1.E-5));
#4770=CARTESIAN_POINT('',(0.005,0.00275,1.E-5));
#4771=CARTESIAN_POINT('',(0.00455,0.00415,1.E-5));
#4772=CARTESIAN_POINT('',(0.00455,0.00415,1.E-5));
#4773=CARTESIAN_POINT('',(0.0041,0.00415,1.E-5));
#4774=CARTESIAN_POINT('',(0.0041,0.00415,1.E-5));
#4775=CARTESIAN_POINT('',(0.0041,0.00385,1.E-5));
#4776=CARTESIAN_POINT('',(0.0041,0.00385,1.E-5));
#4777=CARTESIAN_POINT('',(0.0041,0.00355,1.E-5));
#4778=CARTESIAN_POINT('',(0.0041,0.00355,1.E-5));
#4779=CARTESIAN_POINT('',(0.00455,0.00355,1.E-5));
#4780=CARTESIAN_POINT('',(0.00455,0.00355,1.E-5));
#4781=CARTESIAN_POINT('',(0.,0.0087125,1.E-5));
#4782=CARTESIAN_POINT('',(0.005,0.00385,1.E-5));
#4783=CARTESIAN_POINT('',(0.00455,0.00525,1.E-5));
#4784=CARTESIAN_POINT('',(0.00455,0.00525,1.E-5));
#4785=CARTESIAN_POINT('',(0.0041,0.00525,1.E-5));
#4786=CARTESIAN_POINT('',(0.0041,0.00525,1.E-5));
#4787=CARTESIAN_POINT('',(0.0041,0.00495,1.E-5));
#4788=CARTESIAN_POINT('',(0.0041,0.00495,1.E-5));
#4789=CARTESIAN_POINT('',(0.0041,0.00465,1.E-5));
#4790=CARTESIAN_POINT('',(0.0041,0.00465,1.E-5));
#4791=CARTESIAN_POINT('',(0.00455,0.00465,1.E-5));
#4792=CARTESIAN_POINT('',(0.00455,0.00465,1.E-5));
#4793=CARTESIAN_POINT('',(0.,0.0098125,1.E-5));
#4794=CARTESIAN_POINT('',(0.005,0.00495,1.E-5));
#4795=CARTESIAN_POINT('',(-0.005,-0.00385,0.025));
#4796=CARTESIAN_POINT('',(0.005,0.00495,0.025));
#4797=CARTESIAN_POINT('',(0.005,0.00385,0.025));
#4798=CARTESIAN_POINT('',(0.005,0.00275,0.025));
#4799=CARTESIAN_POINT('',(0.005,0.00165,0.025));
#4800=CARTESIAN_POINT('',(0.005,0.00055,0.025));
#4801=CARTESIAN_POINT('',(0.005,-0.00055,0.025));
#4802=CARTESIAN_POINT('',(0.005,-0.00165,0.025));
#4803=CARTESIAN_POINT('',(0.005,-0.00275,0.025));
#4804=CARTESIAN_POINT('',(-0.005,-0.00275,0.025));
#4805=CARTESIAN_POINT('',(-0.005,-0.00165,0.025));
#4806=CARTESIAN_POINT('',(-0.005,-0.00055,0.025));
#4807=CARTESIAN_POINT('',(-0.005,0.00055,0.025));
#4808=CARTESIAN_POINT('',(-0.005,0.00165,0.025));
#4809=CARTESIAN_POINT('',(-0.005,0.00275,0.025));
#4810=CARTESIAN_POINT('',(-0.001,-0.00595,0.025));
#4811=CARTESIAN_POINT('',(0.005,-0.00385,0.025));
#4812=CARTESIAN_POINT('',(-0.0045,-0.00135,0.0019));
#4813=CARTESIAN_POINT('',(-0.0045,-0.00135,0.0019));
#4814=CARTESIAN_POINT('',(-0.0045,-0.00515,0.0019));
#4815=CARTESIAN_POINT('',(-0.0045,0.00245,0.0019));
#4816=CARTESIAN_POINT('',(-0.0045,0.00245,0.0019));
#4817=CARTESIAN_POINT('',(-0.0045,-0.00515,0.0019));
#4818=CARTESIAN_POINT('',(0.,-0.00545,0.0019));
#4819=CARTESIAN_POINT('',(0.0042,-0.00545,0.0019));
#4820=CARTESIAN_POINT('',(0.0042,-0.00545,0.0019));
#4821=CARTESIAN_POINT('',(0.,-0.00545,0.0019));
#4822=CARTESIAN_POINT('',(-0.0042,-0.00545,0.0019));
#4823=CARTESIAN_POINT('',(-0.0042,-0.00545,0.0008));
#4824=CARTESIAN_POINT('',(0.0045,-0.00135,0.0019));
#4825=CARTESIAN_POINT('',(0.0045,0.00245,0.0019));
#4826=CARTESIAN_POINT('',(0.0045,0.00245,0.0019));
#4827=CARTESIAN_POINT('',(0.0045,-0.00135,0.0019));
#4828=CARTESIAN_POINT('',(0.0045,-0.00515,0.0019));
#4829=CARTESIAN_POINT('',(0.0045,-0.00515,0.0019));
#4830=CARTESIAN_POINT('',(-8.67361737988404E-19,0.00275,0.0019));
#4831=CARTESIAN_POINT('',(-0.0042,0.00275,0.0019));
#4832=CARTESIAN_POINT('',(-0.0042,0.00275,0.0019));
#4833=CARTESIAN_POINT('',(-8.67361737988404E-19,0.00275,0.0019));
#4834=CARTESIAN_POINT('',(0.0042,0.00275,0.0019));
#4835=CARTESIAN_POINT('',(0.0042,0.00275,0.0008));
#4836=CARTESIAN_POINT('',(-0.003325,0.001275,0.0019));
#4837=CARTESIAN_POINT('',(-0.003325,0.001275,0.00189));
#4838=CARTESIAN_POINT('',(-0.00295,0.001275,0.00189));
#4839=CARTESIAN_POINT('',(-0.003325,0.001275,0.0019));
#4840=CARTESIAN_POINT('',(-0.00295,0.001275,0.0019));
#4841=CARTESIAN_POINT('',(8.67361737988404E-19,0.,0.0019));
#4842=CARTESIAN_POINT('',(-0.0042,0.00245,0.0019));
#4843=CARTESIAN_POINT('',(-0.0042,-0.00515,0.0019));
#4844=CARTESIAN_POINT('',(0.0042,-0.00515,0.0019));
#4845=CARTESIAN_POINT('',(0.0042,0.00245,0.0019));
#4846=CARTESIAN_POINT('',(0.,-8.75E-5,0.00189));
#4847=CARTESIAN_POINT('',(-0.0042,0.00245,0.0019));
#4848=CARTESIAN_POINT('',(0.0042,0.00245,0.0019));
#4849=CARTESIAN_POINT('',(0.0042,-0.00515,0.0019));
#4850=CARTESIAN_POINT('',(-0.0042,-0.00515,0.0019));
#4851=MECHANICAL_DESIGN_GEOMETRIC_PRESENTATION_REPRESENTATION('',(#2823,
#37,#38,#39,#40,#41,#42,#43,#44,#45,#46,#47,#48,#49,#50,#51,#52,#53,#54,
#55,#56,#57,#58,#59,#60,#61,#62,#63,#64,#65,#66,#67,#68,#69,#70,#71,#72,
#73,#74,#75,#76,#77,#78,#79,#80,#81,#82,#83,#84,#85,#86),#4852);
#4852=(
GEOMETRIC_REPRESENTATION_CONTEXT(3)
GLOBAL_UNCERTAINTY_ASSIGNED_CONTEXT((#4853))
GLOBAL_UNIT_ASSIGNED_CONTEXT((#4856,#4855,#4854))
REPRESENTATION_CONTEXT('Part 1','TOP_LEVEL_ASSEMBLY_PART')
);
#4853=UNCERTAINTY_MEASURE_WITH_UNIT(LENGTH_MEASURE(1.E-8),#4856,
'DISTANCE_ACCURACY_VALUE','Maximum Tolerance applied to model');
#4854=(
NAMED_UNIT(*)
SI_UNIT($,.STERADIAN.)
SOLID_ANGLE_UNIT()
);
#4855=(
NAMED_UNIT(*)
PLANE_ANGLE_UNIT()
SI_UNIT($,.RADIAN.)
);
#4856=(
LENGTH_UNIT()
NAMED_UNIT(*)
SI_UNIT($,.METRE.)
);
#4857=PRODUCT_DEFINITION_SHAPE('','',#4858);
#4858=PRODUCT_DEFINITION('','',#4860,#4859);
#4859=PRODUCT_DEFINITION_CONTEXT('',#4866,'design');
#4860=PRODUCT_DEFINITION_FORMATION_WITH_SPECIFIED_SOURCE('','',#4862,
 .NOT_KNOWN.);
#4861=PRODUCT_RELATED_PRODUCT_CATEGORY('','',(#4862));
#4862=PRODUCT('Part 1','Part 1','Part 1',(#4864));
#4863=PRODUCT_CATEGORY('','');
#4864=PRODUCT_CONTEXT('',#4866,'mechanical');
#4865=APPLICATION_PROTOCOL_DEFINITION('international standard',
'ap242_managed_model_based_3d_engineering',2011,#4866);
#4866=APPLICATION_CONTEXT('managed model based 3d engineering');
ENDSEC;
END-ISO-10303-21;
